question_1,question_2,cosine_similarity
省エネモードはありますか？,省エネ機能はある？,0.9877468571780083
「わが家流」設定とは何ですか？,「わが家流」設定って何？,0.9831990560291548
洗濯時間は何分ですか？,洗濯の所要時間は？,0.9785835741414988
最大容量は？,洗濯と乾燥の最大容量は？,0.97852427819901
ナノイーXとは何ですか？,ナノイーXの機能は？,0.9775478172962141
洗濯ネットは必要ですか？,洗濯ネットは使うべき？,0.9758269125683272
コースが表示されないのですが,コースが表示されない。,0.9735383344002987
脱水時間の変更は可能ですか？,脱水時間の調整はできる？,0.9719322856901378
毛布は洗えますか？,毛布の洗濯は可能？,0.9646503934838995
ドラムが動きません,ドラムが回らない。,0.9640952203637587
本体が熱くなります,本体が熱い。,0.9627191915493329
洗濯の途中で一時停止できますか？,洗濯中に一時停止は可能？,0.9606871492189204
ジェット乾燥とは何ですか？,ジェット乾燥って何？,0.9596552094902315
チャイルドロックの設定をしたい,チャイルドロックはどこで設定する？,0.9594488632992136
洗剤の種類によって設定は変わりますか？,洗剤の種類で設定変更は必要？,0.9587326153168187
スチーム機能の使い方を教えて？,スチーム機能は何に使うの？,0.9569694801886133
設定の初期化はできますか？,設定を工場出荷時に戻せる？,0.9567684740670446
一時停止中にドアは開きますか？,一時停止したらドアは開く？,0.9545505913963015
「水が出ない」エラーが出ます,水が出ないエラーが出た。,0.9399662190060303
羽毛布団は洗えますか？,羽毛布団は洗濯できる？,0.9379533172186741
ドアが完全に閉まりません,ドアが閉まらない時は？,0.9373812369791319
おしゃれ着コースはありますか？,おしゃれ着は洗える？,0.9373029618113514
洗剤を手動で投入できますか？,手動で洗剤を入れることはできますか？,0.936933097067743
脱水時間の変更は可能ですか？,洗濯物の種類によって脱水時間を調整したいのですが、何分まで設定できますか？,0.9363668794862468
ふんわりキープとは何ですか？,ふんわりキープの目的は？,0.9348050327126823
ジェット乾燥とは何ですか？,ジェット乾燥機能は、どのような仕組みで乾燥をするのですか？,0.9342668734929267
すすぎの設定を変更することは可能ですか？,すすぎ回数は変えられる？,0.9341074909684819
「わが家流」設定とは何ですか？,頻繁に使う洗濯設定を保存しておきたいのですが、「わが家流」設定とは具体的にどのような機能ですか？,0.933910699275132
ナノイーXの機能は？,ナノイーX機能について詳しく教えてください。どのような効果があり、どのコースで利用できますか？,0.9327741395171254
手動で個別に設定する事は可能ですか？,個別の設定は可能ですか？,0.9321008483538509
脱水時間の調整はできる？,洗濯物の種類によって脱水時間を調整したいのですが、何分まで設定できますか？,0.9311213143406882
遠隔で洗濯を開始できますか？,自宅にいない時でも、スマートフォンなどを使って洗濯機を遠隔で操作し、洗濯を開始することはできますか？,0.9308358788420625
おすすめの洗剤・柔軟剤はありますか？,推奨の洗剤・柔軟剤は？,0.9302363021137061
おすすめのコースを教えて？,最適なコースは？,0.9292484654747364
ナノイーXとは何ですか？,ナノイーX機能について詳しく教えてください。どのような効果があり、どのコースで利用できますか？,0.9282415047587966
「わが家流」設定って何？,頻繁に使う洗濯設定を保存しておきたいのですが、「わが家流」設定とは具体的にどのような機能ですか？,0.9264633915138994
省エネ機能はある？,電気代や水道代を節約できるような省エネ運転モードは搭載されていますか？,0.9244085273329825
ジェット乾燥って何？,ジェット乾燥機能は、どのような仕組みで乾燥をするのですか？,0.9242313434003193
運転終了時にアラームを鳴らさないようにできますか？,洗濯終了時のお知らせ音を鳴らさないようにしたいのですが、その設定はどこで変更できますか？,0.9234199871814999
異音がします。どうしたらよいですか？,変な音がするのですが。,0.9226733417542039
「洗い」だけ行いたいのですが,洗いのみは可能？,0.918010679011572
省エネモードはありますか？,電気代や水道代を節約できるような省エネ運転モードは搭載されていますか？,0.9175955180948925
洗剤を手動で投入できますか？,自動投入機能を使わずに、自分で洗剤を投入したいのですが、設定を教えてください？,0.9168977802467865
洗濯物に白い粉が残っています。　どうしたらよいですか？,白い粉が残るのですが。,0.9168388586948539
終了音を消すには？,洗濯終了時のお知らせ音を鳴らさないようにしたいのですが、その設定はどこで変更できますか？,0.915866194398749
「排水できない」エラーが出ます,排水エラーが出た。,0.9157695586134843
運転終了時にアラームを鳴らさないようにできますか？,終了音を消すには？,0.915203935907964
設定の初期化はできますか？,誤った設定をしてしまったので、洗濯機の設定をすべて初期状態に戻したいのですが、その方法を教えてください。,0.9141755761270023
予約機能の使い方をおしえて？,予約の仕方は？,0.9132734602469847
外出先から洗濯を開始できますか？,遠隔で洗濯を開始できますか？,0.9131069401955996
お急ぎコースはありますか？,急いで洗濯したい時は？,0.9090293335666657
おすすめの洗剤・柔軟剤はありますか？,この洗濯機に最適な洗剤や柔軟剤はありますか？メーカーから推奨されている製品があれば教えてください。,0.9088025285741765
深夜に運転しても大丈夫？,深夜運転は静か？,0.9055676583811815
洗濯の途中で一時停止できますか？,洗濯中に急な用事ができた場合、途中で運転を一時停止させることはできますか？その操作方法を教えてください。,0.901500153869498
自動投入機能の使い方を教えて？,自動投入機能はどう使うの？,0.9011869626557241
羽毛布団は洗えますか？,羽毛布団を洗濯機で洗いたいのですが、対応していますか？また、洗う際の注意点があれば教えてください。,0.9000054868905524
洗濯をスタートする方法を教えて？,洗濯の始め方は？,0.8988638341976987
最適なコースは？,洗濯物の種類や汚れ具合に関わらず、最もおすすめの洗濯コースは何ですか？そのコースではどのような設定が自動で行われますか？,0.8962229241318341
一時停止したらドアは開く？,洗濯を一時停止した際、追加の衣類を入れるためにドアを開けることは可能ですか？その条件は何ですか？,0.8958153870963905
推奨の洗剤・柔軟剤は？,この洗濯機に最適な洗剤や柔軟剤はありますか？メーカーから推奨されている製品があれば教えてください。,0.8941070571901669
すすぎ回数は変えられる？,洗濯のすすぎ回数を自分の希望に合わせて変更したいのですが、何回から何回まで選べますか？,0.8935261504137733
2度洗いは出来ますか？,再洗はできる？,0.8903445418827324
ドアが開かないのですが,ドアが開かない原因は？,0.8895742278486152
急いで洗濯したい時は？,時間がない時に、短時間で洗濯を済ませられるようなコースはありますか？,0.888373667706533
一時停止中にドアは開きますか？,洗濯を一時停止した際、追加の衣類を入れるためにドアを開けることは可能ですか？その条件は何ですか？,0.886678267581293
設定を工場出荷時に戻せる？,誤った設定をしてしまったので、洗濯機の設定をすべて初期状態に戻したいのですが、その方法を教えてください。,0.8866370762205898
乾燥だけで使用出来ますか？,乾燥のみの運転は可能ですか？,0.8813735400441841
個別の設定は可能ですか？,洗濯の各工程（洗い、すすぎ、脱水、乾燥）について、自分の好みに合わせて時間を設定したり、回数を変更したりすることはできますか？,0.8801906109740176
毛布は洗えますか？,自宅の洗濯機で毛布を洗うことはできますか？もし洗える場合、何か特別な条件やコースがありますか？,0.8728323564774108
すすぎの設定を変更することは可能ですか？,洗濯のすすぎ回数を自分の希望に合わせて変更したいのですが、何回から何回まで選べますか？,0.8719867778835593
変な音がするのですが。,洗濯中に通常とは異なる音がするのですが、どのような原因が考えられますか？自分で確認できることはありますか？,0.8716423773634215
手動で洗剤を入れることはできますか？,自動投入機能を使わずに、自分で洗剤を投入したいのですが、設定を教えてください？,0.871179372861048
ドアが閉まらない時は？,洗濯機のドアが最後まで閉まらないのですが、何を確認すれば良いですか？,0.8707602161870001
洗濯中に一時停止は可能？,洗濯中に急な用事ができた場合、途中で運転を一時停止させることはできますか？その操作方法を教えてください。,0.8701629844138927
洗濯機に水が供給されないというエラーが表示されたのですが、どのような原因が考えられますか？自分でできる確認事項はありますか？,洗濯機が排水できないというエラーメッセージが表示されたのですが、原因は何でしょうか？自分で解決できる方法はありますか？,0.8692814642112943
おすすめのコースを教えて？,洗濯物の種類や汚れ具合に関わらず、最もおすすめの洗濯コースは何ですか？そのコースではどのような設定が自動で行われますか？,0.8668639849344646
おしゃれ着コースはありますか？,デリケートな衣類やおしゃれ着を優しく洗うための専用コースはありますか？,0.8664844222812077
洗濯ネットは必要ですか？,洗濯物を保護するために、洗濯ネットを使用する必要はありますか？どのような種類の衣類に推奨されますか？,0.8660950619807167
深夜運転は静か？,夜遅い時間帯に洗濯機を運転しても、近隣に迷惑がかからないように静かに運転できるモードはありますか？,0.8650571168317538
スチーム機能は何に使うの？,衣類のしわを伸ばしたり、気になるにおいを取り除いたりしたいのですが、スチーム機能はどのように使えば良いですか？,0.864936559273007
洗濯と乾燥の最大容量は？,この洗濯機で一度に洗濯できる衣類の最大量と、乾燥できる衣類の最大量はそれぞれ何キログラムですか？,0.8614066841570203
洗剤の種類で設定変更は必要？,使用する洗剤のブランドや種類を変更した場合、洗濯機側で何か設定を変更する必要はありますか？,0.861310841840486
洗濯だけする方法を教えて？,乾燥なしで洗濯するには？,0.86045351791429
お急ぎコースはありますか？,時間がない時に、短時間で洗濯を済ませられるようなコースはありますか？,0.8599084001663841
洗濯はせず、衣類を乾燥させる機能だけを使いたいのですが、どのように操作すれば良いですか？,衣類を洗うだけで、乾燥工程は行いたくない場合、どのコースを選択すれば良いですか？,0.8593059594146659
毛布の洗濯は可能？,自宅の洗濯機で毛布を洗うことはできますか？もし洗える場合、何か特別な条件やコースがありますか？,0.8590597083335066
洗濯物が絡まります。どうしたらよいですか？,洗濯後に衣類が絡まってしまうことが多いのですが、何か絡まりを防ぐための対処法はありますか？,0.8534295443353254
スチーム機能の使い方を教えて？,衣類のしわを伸ばしたり、気になるにおいを取り除いたりしたいのですが、スチーム機能はどのように使えば良いですか？,0.8519562134315424
ふんわりキープとは何ですか？,「ふんわりキープ」とはどのような機能ですか？,0.8505293382725271
本体の揺れが気になる。,洗濯機本体が不安定で揺れるのですが、どうすれば改善できますか？設置状況を確認する必要がありますか？,0.8503432294517481
羽毛布団は洗濯できる？,羽毛布団を洗濯機で洗いたいのですが、対応していますか？また、洗う際の注意点があれば教えてください。,0.8501566629300414
洗いのみは可能？,すすぎや脱水はせずに、衣類を「洗い」の工程だけで済ませたいのですが、そのような設定はできますか？,0.8494259473690435
おしゃれ着は洗える？,デリケートな衣類やおしゃれ着を優しく洗うための専用コースはありますか？,0.8478884954016004
洗濯ネットは使うべき？,洗濯物を保護するために、洗濯ネットを使用する必要はありますか？どのような種類の衣類に推奨されますか？,0.8474261522891788
乾燥のみの運転は可能ですか？,予約の仕方は？,0.8467639172332009
毛布は洗えますか？,おしゃれ着は洗える？,0.8467120484209724
「洗い」だけ行いたいのですが,すすぎや脱水はせずに、衣類を「洗い」の工程だけで済ませたいのですが、そのような設定はできますか？,0.8456643494932632
洗濯物に白い粉が残っています。　どうしたらよいですか？,洗濯後、衣類に白い粉状のものが付着しているのですが、何が原因ですか？どのように対処すれば改善されますか？,0.8453694882928409
水漏れしています。どうしたらよいですか？,水漏れの原因は？,0.8445514032141905
本体がぐらつきます。どうしたら良いですか？,洗濯機本体が不安定で揺れるのですが、どうすれば改善できますか？設置状況を確認する必要がありますか？,0.8445305779791025
洗濯の始め方は？,洗濯機を使い始めるにはどうすればいいですか？　手順を教えて下さい。,0.8440743519144704
異音がします。どうしたらよいですか？,洗濯中に通常とは異なる音がするのですが、どのような原因が考えられますか？自分で確認できることはありますか？,0.8432090261736174
外出先から洗濯を開始できますか？,自宅にいない時でも、スマートフォンなどを使って洗濯機を遠隔で操作し、洗濯を開始することはできますか？,0.8430151365031247
洗濯をスタートする方法を教えて？,洗濯機を使い始めるにはどうすればいいですか？　手順を教えて下さい。,0.8425759037533271
洗濯物が絡まります。どうしたらよいですか？,洗濯物の絡まりを防ぐには？,0.8421366797407117
洗濯時間は何分ですか？,一般的な洗濯コースを選んだ場合、洗濯が完了するまでにおよそ何分くらいかかりますか？,0.8403648440047264
ドアが完全に閉まりません,洗濯機のドアが最後まで閉まらないのですが、何を確認すれば良いですか？,0.8401984812614329
洗濯機に水が供給されないというエラーが表示されたのですが、どのような原因が考えられますか？自分でできる確認事項はありますか？,洗濯機の下から水が漏れているのですが、どのような原因が考えられますか？自分で確認できる対処法はありますか？,0.839577430717071
予約機能の使い方をおしえて？,洗濯の開始時刻を事前に設定しておきたいのですが、予約機能はどのように使えば良いですか？,0.8394390948266465
最大容量は？,この洗濯機で一度に洗濯できる衣類の最大量と、乾燥できる衣類の最大量はそれぞれ何キログラムですか？,0.838667738748466
「水が出ない」エラーが出ます,排水エラーが出た。,0.8386405398595385
洗濯物の絡まりを防ぐには？,洗濯後に衣類が絡まってしまうことが多いのですが、何か絡まりを防ぐための対処法はありますか？,0.8371639301659836
本体がぐらつきます。どうしたら良いですか？,本体の揺れが気になる。,0.8361315064999268
再洗はできる？,特に汚れがひどい洗濯物なので、2回続けて洗いたいのですが、そのような設定は可能ですか？,0.8357243965656809
靴は洗えますか？,スニーカーは洗える？,0.8356836007347737
本体が熱くなります,洗濯機本体に触れると熱いのですが、これは異常ですか？特に乾燥運転中に熱くなることはありますか？,0.8339851557057535
洗濯中に通常とは異なる音がするのですが、どのような原因が考えられますか？自分で確認できることはありますか？,洗濯機の下から水が漏れているのですが、どのような原因が考えられますか？自分で確認できる対処法はありますか？,0.8337920310218662
手動で個別に設定する事は可能ですか？,洗濯の各工程（洗い、すすぎ、脱水、乾燥）について、自分の好みに合わせて時間を設定したり、回数を変更したりすることはできますか？,0.8335207237338502
コースが表示されないのですが,洗濯コースの選択肢が画面に表示されないのですが、これはどういう状況ですか？どのように対処すれば良いですか？,0.8322540058319341
ドラムが動きません,洗濯を開始しようとしてもドラムが回転しないのですが、何が原因として考えられますか？安全装置が作動している可能性はありますか？,0.8317989644767334
ドラムが回らない。,洗濯を開始しようとしてもドラムが回転しないのですが、何が原因として考えられますか？安全装置が作動している可能性はありますか？,0.8316931492481762
洗剤の種類によって設定は変わりますか？,使用する洗剤のブランドや種類を変更した場合、洗濯機側で何か設定を変更する必要はありますか？,0.8296801967657669
ドアが開かないのですが,洗濯が終わったのにドアがロックされて開かないのですが、これは故障ですか？どのくらい時間が経てば開くようになりますか？,0.8285207380820752
水漏れの原因は？,洗濯機の下から水が漏れているのですが、どのような原因が考えられますか？自分で確認できる対処法はありますか？,0.8280603083578506
毛布は洗えますか？,おしゃれ着コースはありますか？,0.8242693467945701
深夜に運転しても大丈夫？,夜遅い時間帯に洗濯機を運転しても、近隣に迷惑がかからないように静かに運転できるモードはありますか？,0.8216458858368337
洗濯の所要時間は？,一般的な洗濯コースを選んだ場合、洗濯が完了するまでにおよそ何分くらいかかりますか？,0.8215817680533435
乾燥のみの運転は可能ですか？,予約機能の使い方をおしえて？,0.8209270003059504
毛布の洗濯は可能？,予約の仕方は？,0.8206824523631423
2度洗いは出来ますか？,特に汚れがひどい洗濯物なので、2回続けて洗いたいのですが、そのような設定は可能ですか？,0.8201293504109755
「水が出ない」エラーが出ます,「排水できない」エラーが出ます,0.8178025274300873
水が出ないエラーが出た。,排水エラーが出た。,0.8164138633777518
乾燥のみの運転は可能ですか？,洗濯はせず、衣類を乾燥させる機能だけを使いたいのですが、どのように操作すれば良いですか？,0.8155797398784062
予約の仕方は？,洗濯の開始時刻を事前に設定しておきたいのですが、予約機能はどのように使えば良いですか？,0.8151468023422617
終了音を消すには？,設定の初期化はできますか？,0.8145123585084548
本体が熱い。,洗濯機本体に触れると熱いのですが、これは異常ですか？特に乾燥運転中に熱くなることはありますか？,0.8142511407665421
ふんわりキープの目的は？,「ふんわりキープ」とはどのような機能ですか？,0.8120089549896614
乾燥のみの運転は可能ですか？,洗濯の開始時刻を事前に設定しておきたいのですが、予約機能はどのように使えば良いですか？,0.8114946315595446
白い粉が残るのですが。,洗濯後、衣類に白い粉状のものが付着しているのですが、何が原因ですか？どのように対処すれば改善されますか？,0.8106036708765364
チャイルドロックの設定をしたい,子供が誤って操作しないように、チャイルドロックを設定したいのですが、その方法と解除方法を教えてください。,0.8098095257497778
毛布の洗濯は可能？,予約機能の使い方をおしえて？,0.8094224487471738
洗剤の種類によって設定は変わりますか？,洗濯の開始時刻を事前に設定しておきたいのですが、予約機能はどのように使えば良いですか？,0.8070847476968704
毛布の洗濯は可能？,おしゃれ着は洗える？,0.8057049887359009
水が出ないエラーが出た。,洗濯機に水が供給されないというエラーが表示されたのですが、どのような原因が考えられますか？自分でできる確認事項はありますか？,0.8056015334835339
洗濯機が排水できないというエラーメッセージが表示されたのですが、原因は何でしょうか？自分で解決できる方法はありますか？,洗濯機の下から水が漏れているのですが、どのような原因が考えられますか？自分で確認できる対処法はありますか？,0.8044332587798672
個別の設定は可能ですか？,脱水時間の変更は可能ですか？,0.804038553850648
洗濯の始め方は？,洗濯中に一時停止は可能？,0.8036676968273483
運転終了時にアラームを鳴らさないようにできますか？,設定の初期化はできますか？,0.8035022932551839
個別の設定は可能ですか？,洗濯物の種類によって脱水時間を調整したいのですが、何分まで設定できますか？,0.8034634523738908
洗濯はせず、衣類を乾燥させる機能だけを使いたいのですが、どのように操作すれば良いですか？,洗濯の開始時刻を事前に設定しておきたいのですが、予約機能はどのように使えば良いですか？,0.802490146880281
衣類を洗うだけで、乾燥工程は行いたくない場合、どのコースを選択すれば良いですか？,洗濯の開始時刻を事前に設定しておきたいのですが、予約機能はどのように使えば良いですか？,0.8019934654319134
洗濯終了時のお知らせ音を鳴らさないようにしたいのですが、その設定はどこで変更できますか？,誤った設定をしてしまったので、洗濯機の設定をすべて初期状態に戻したいのですが、その方法を教えてください。,0.8015628463576011
すすぎや脱水はせずに、衣類を「洗い」の工程だけで済ませたいのですが、そのような設定はできますか？,洗濯物の種類によって脱水時間を調整したいのですが、何分まで設定できますか？,0.8009869808138188
チャイルドロックはどこで設定する？,子供が誤って操作しないように、チャイルドロックを設定したいのですが、その方法と解除方法を教えてください。,0.8006149527764663
洗濯だけする方法を教えて？,おしゃれ着は洗える？,0.800009550228743
自動投入機能はどう使うの？,洗剤や柔軟剤を計る手間を省きたいのですが、自動投入機能はどのように設定して使用するのですか？,0.7983391685380269
洗濯後、衣類に白い粉状のものが付着しているのですが、何が原因ですか？どのように対処すれば改善されますか？,洗濯機の下から水が漏れているのですが、どのような原因が考えられますか？自分で確認できる対処法はありますか？,0.795888691032336
毛布は洗えますか？,予約の仕方は？,0.7948112450700311
コースが表示されない。,洗濯コースの選択肢が画面に表示されないのですが、これはどういう状況ですか？どのように対処すれば良いですか？,0.7946315536506565
終了音を消すには？,設定を工場出荷時に戻せる？,0.793805359398041
洗濯中に通常とは異なる音がするのですが、どのような原因が考えられますか？自分で確認できることはありますか？,洗濯機に水が供給されないというエラーが表示されたのですが、どのような原因が考えられますか？自分でできる確認事項はありますか？,0.7927840910352114
ドアが開かないのですが,ドラムが動きません,0.7925630185619608
おしゃれ着は洗える？,スニーカーは洗える？,0.7924330802926087
おしゃれ着は洗える？,靴は洗えますか？,0.7914942463127412
洗濯の各工程（洗い、すすぎ、脱水、乾燥）について、自分の好みに合わせて時間を設定したり、回数を変更したりすることはできますか？,洗濯物の種類によって脱水時間を調整したいのですが、何分まで設定できますか？,0.7892080302774562
毛布は洗えますか？,予約機能の使い方をおしえて？,0.7888487077902379
洗濯終了時のお知らせ音を鳴らさないようにしたいのですが、その設定はどこで変更できますか？,設定の初期化はできますか？,0.7887374225134652
本体がぐらつきます。どうしたら良いですか？,水漏れしています。どうしたらよいですか？,0.7886625062187997
乾燥だけで使用出来ますか？,洗濯はせず、衣類を乾燥させる機能だけを使いたいのですが、どのように操作すれば良いですか？,0.7881593259668611
おしゃれ着は洗える？,予約の仕方は？,0.7868505952387276
洗濯後、衣類に白い粉状のものが付着しているのですが、何が原因ですか？どのように対処すれば改善されますか？,洗濯機に水が供給されないというエラーが表示されたのですが、どのような原因が考えられますか？自分でできる確認事項はありますか？,0.7849095065108558
異音がします。どうしたらよいですか？,水漏れしています。どうしたらよいですか？,0.7847401867929756
洗剤の種類で設定変更は必要？,洗濯の開始時刻を事前に設定しておきたいのですが、予約機能はどのように使えば良いですか？,0.784556346440841
毛布は洗えますか？,羽毛布団は洗えますか？,0.7844700478513831
洗濯中に通常とは異なる音がするのですが、どのような原因が考えられますか？自分で確認できることはありますか？,洗濯後、衣類に白い粉状のものが付着しているのですが、何が原因ですか？どのように対処すれば改善されますか？,0.7836765511837414
異音がします。どうしたらよいですか？,本体がぐらつきます。どうしたら良いですか？,0.7824653316772701
個別の設定は可能ですか？,すすぎや脱水はせずに、衣類を「洗い」の工程だけで済ませたいのですが、そのような設定はできますか？,0.7817977191360914
洗濯だけする方法を教えて？,予約機能の使い方をおしえて？,0.7800723727397768
洗濯の始め方は？,洗濯の途中で一時停止できますか？,0.7799881765841743
個別の設定は可能ですか？,脱水時間の調整はできる？,0.7798529586986047
終了音を消すには？,誤った設定をしてしまったので、洗濯機の設定をすべて初期状態に戻したいのですが、その方法を教えてください。,0.7796641979015191
本体の揺れが気になる。,水漏れの原因は？,0.7793483412652278
すすぎや脱水はせずに、衣類を「洗い」の工程だけで済ませたいのですが、そのような設定はできますか？,脱水時間の変更は可能ですか？,0.7789971641193474
おしゃれ着コースはありますか？,予約の仕方は？,0.7787773192989316
衣類を洗うだけで、乾燥工程は行いたくない場合、どのコースを選択すれば良いですか？,洗濯コースの選択肢が画面に表示されないのですが、これはどういう状況ですか？どのように対処すれば良いですか？,0.7775293787135109
すすぎや脱水はせずに、衣類を「洗い」の工程だけで済ませたいのですが、そのような設定はできますか？,脱水時間の調整はできる？,0.7766658109433167
異音がします。どうしたらよいですか？,洗濯物に白い粉が残っています。　どうしたらよいですか？,0.7766627210053183
自動投入機能の使い方を教えて？,洗剤や柔軟剤を計る手間を省きたいのですが、自動投入機能はどのように設定して使用するのですか？,0.7754358165238264
洗濯だけする方法を教えて？,予約の仕方は？,0.7753532373262342
運転終了時にアラームを鳴らさないようにできますか？,設定を工場出荷時に戻せる？,0.7753039546257223
乾燥だけで使用出来ますか？,洗濯の開始時刻を事前に設定しておきたいのですが、予約機能はどのように使えば良いですか？,0.7746371901757434
自宅の洗濯機で毛布を洗うことはできますか？もし洗える場合、何か特別な条件やコースがありますか？,洗濯の開始時刻を事前に設定しておきたいのですが、予約機能はどのように使えば良いですか？,0.7744357720618109
洗濯だけする方法を教えて？,毛布は洗えますか？,0.7738940185278593
乾燥のみの運転は可能ですか？,洗濯だけする方法を教えて？,0.7733838028707599
洗いのみは可能？,すすぎ回数は変えられる？,0.7733708833081211
毛布の洗濯は可能？,おしゃれ着コースはありますか？,0.7731528176941795
おしゃれ着は洗える？,予約機能の使い方をおしえて？,0.7729236170315961
洗濯機本体が不安定で揺れるのですが、どうすれば改善できますか？設置状況を確認する必要がありますか？,水漏れの原因は？,0.7728672982894387
ふんわりキープとは何ですか？,靴は洗えますか？,0.7726114885663461
乾燥だけで使用出来ますか？,洗濯だけする方法を教えて？,0.7721514354271364
洗濯だけする方法を教えて？,ふんわりキープとは何ですか？,0.7718002051702156
洗濯はせず、衣類を乾燥させる機能だけを使いたいのですが、どのように操作すれば良いですか？,洗濯コースの選択肢が画面に表示されないのですが、これはどういう状況ですか？どのように対処すれば良いですか？,0.7717882567508685
毛布は洗えますか？,デリケートな衣類やおしゃれ着を優しく洗うための専用コースはありますか？,0.7717523478613292
洗濯だけする方法を教えて？,毛布の洗濯は可能？,0.7698792044115828
洗濯機本体が不安定で揺れるのですが、どうすれば改善できますか？設置状況を確認する必要がありますか？,洗濯機の下から水が漏れているのですが、どのような原因が考えられますか？自分で確認できる対処法はありますか？,0.7696391794021771
運転終了時にアラームを鳴らさないようにできますか？,誤った設定をしてしまったので、洗濯機の設定をすべて初期状態に戻したいのですが、その方法を教えてください。,0.7696011281909345
洗濯のすすぎ回数を自分の希望に合わせて変更したいのですが、何回から何回まで選べますか？,洗濯物の種類によって脱水時間を調整したいのですが、何分まで設定できますか？,0.7671675180533462
洗濯機本体が不安定で揺れるのですが、どうすれば改善できますか？設置状況を確認する必要がありますか？,水漏れしています。どうしたらよいですか？,0.766568829645462
乾燥だけで使用出来ますか？,予約の仕方は？,0.7652105601883037
洗濯後、衣類に白い粉状のものが付着しているのですが、何が原因ですか？どのように対処すれば改善されますか？,洗濯機が排水できないというエラーメッセージが表示されたのですが、原因は何でしょうか？自分で解決できる方法はありますか？,0.7650117630778536
乾燥のみの運転は可能ですか？,洗剤の種類によって設定は変わりますか？,0.7647045349724038
洗濯機が排水できないというエラーメッセージが表示されたのですが、原因は何でしょうか？自分で解決できる方法はありますか？,水漏れの原因は？,0.7640947436527701
洗剤を手動で投入できますか？,終了音を消すには？,0.7638334099934542
乾燥なしで洗濯するには？,衣類を洗うだけで、乾燥工程は行いたくない場合、どのコースを選択すれば良いですか？,0.7637117637426873
デリケートな衣類やおしゃれ着を優しく洗うための専用コースはありますか？,予約機能の使い方をおしえて？,0.762562745831269
スチーム機能の使い方を教えて？,ふんわりキープとは何ですか？,0.7623484778796006
羽毛布団は洗えますか？,コースが表示されないのですが,0.7621097651883508
乾燥のみの運転は可能ですか？,洗剤の種類で設定変更は必要？,0.7617491624548138
おすすめのコースを教えて？,すすぎや脱水はせずに、衣類を「洗い」の工程だけで済ませたいのですが、そのような設定はできますか？,0.7616529657171781
自宅の洗濯機で毛布を洗うことはできますか？もし洗える場合、何か特別な条件やコースがありますか？,洗剤の種類で設定変更は必要？,0.761582702491264
洗濯だけする方法を教えて？,衣類を洗うだけで、乾燥工程は行いたくない場合、どのコースを選択すれば良いですか？,0.7615158518694749
洗濯を一時停止した際、追加の衣類を入れるためにドアを開けることは可能ですか？その条件は何ですか？,洗濯機の下から水が漏れているのですが、どのような原因が考えられますか？自分で確認できる対処法はありますか？,0.761413635752713
洗濯の各工程（洗い、すすぎ、脱水、乾燥）について、自分の好みに合わせて時間を設定したり、回数を変更したりすることはできますか？,脱水時間の調整はできる？,0.7600654881358245
洗濯だけする方法を教えて？,デリケートな衣類やおしゃれ着を優しく洗うための専用コースはありますか？,0.7594035974834644
一時停止中にドアは開きますか？,洗濯機本体が不安定で揺れるのですが、どうすれば改善できますか？設置状況を確認する必要がありますか？,0.7593058185431818
排水エラーが出た。,洗濯機が排水できないというエラーメッセージが表示されたのですが、原因は何でしょうか？自分で解決できる方法はありますか？,0.7591444520585322
デリケートな衣類やおしゃれ着を優しく洗うための専用コースはありますか？,予約の仕方は？,0.7590589930277414
自宅の洗濯機で毛布を洗うことはできますか？もし洗える場合、何か特別な条件やコースがありますか？,おしゃれ着は洗える？,0.7586906956252776
洗いのみは可能？,すすぎの設定を変更することは可能ですか？,0.7586253924930648
ドアが開かないのですが,ドラムが回らない。,0.7583370305302105
手動で個別に設定する事は可能ですか？,洗濯物の種類によって脱水時間を調整したいのですが、何分まで設定できますか？,0.7582106506543427
洗剤の種類によって設定は変わりますか？,推奨の洗剤・柔軟剤は？,0.7581532329609738
洗濯だけする方法を教えて？,「ふんわりキープ」とはどのような機能ですか？,0.7576627538398508
手動で個別に設定する事は可能ですか？,脱水時間の変更は可能ですか？,0.7568332742868258
排水エラーが出た。,水漏れの原因は？,0.7563882386781882
手動で洗剤を入れることはできますか？,終了音を消すには？,0.7558074619322819
乾燥のみの運転は可能ですか？,毛布の洗濯は可能？,0.7556399858249845
「排水できない」エラーが出ます,洗濯機が排水できないというエラーメッセージが表示されたのですが、原因は何でしょうか？自分で解決できる方法はありますか？,0.7553269567624894
洗濯中に通常とは異なる音がするのですが、どのような原因が考えられますか？自分で確認できることはありますか？,洗濯機が排水できないというエラーメッセージが表示されたのですが、原因は何でしょうか？自分で解決できる方法はありますか？,0.7552697009628322
自動投入機能を使わずに、自分で洗剤を投入したいのですが、設定を教えてください？,終了音を消すには？,0.7549993920950351
毛布の洗濯は可能？,デリケートな衣類やおしゃれ着を優しく洗うための専用コースはありますか？,0.7547075785760025
おしゃれ着コースはありますか？,予約機能の使い方をおしえて？,0.754668721379057
乾燥のみの運転は可能ですか？,衣類を洗うだけで、乾燥工程は行いたくない場合、どのコースを選択すれば良いですか？,0.7545547072081554
洗濯物の種類や汚れ具合に関わらず、最もおすすめの洗濯コースは何ですか？そのコースではどのような設定が自動で行われますか？,すすぎや脱水はせずに、衣類を「洗い」の工程だけで済ませたいのですが、そのような設定はできますか？,0.754473294523821
乾燥だけで使用出来ますか？,予約機能の使い方をおしえて？,0.7537358582932734
ドアが開かないのですが,一時停止中にドアは開きますか？,0.7535853107533735
毛布の洗濯は可能？,洗濯の開始時刻を事前に設定しておきたいのですが、予約機能はどのように使えば良いですか？,0.7532000917840231
水漏れしています。どうしたらよいですか？,洗濯機の下から水が漏れているのですが、どのような原因が考えられますか？自分で確認できる対処法はありますか？,0.752870252984536
最適なコースは？,すすぎや脱水はせずに、衣類を「洗い」の工程だけで済ませたいのですが、そのような設定はできますか？,0.7528626296145773
洗濯を一時停止した際、追加の衣類を入れるためにドアを開けることは可能ですか？その条件は何ですか？,洗濯機本体が不安定で揺れるのですが、どうすれば改善できますか？設置状況を確認する必要がありますか？,0.7524774342001568
水が出ないエラーが出た。,「排水できない」エラーが出ます,0.752388308580568
洗濯の各工程（洗い、すすぎ、脱水、乾燥）について、自分の好みに合わせて時間を設定したり、回数を変更したりすることはできますか？,脱水時間の変更は可能ですか？,0.7518202651944654
洗剤の種類で設定変更は必要？,推奨の洗剤・柔軟剤は？,0.7511041438178403
ドアが開かない原因は？,洗濯が終わったのにドアがロックされて開かないのですが、これは故障ですか？どのくらい時間が経てば開くようになりますか？,0.7508054167052693
洗濯だけする方法を教えて？,おしゃれ着コースはありますか？,0.7504399236795425
洗濯中に通常とは異なる音がするのですが、どのような原因が考えられますか？自分で確認できることはありますか？,洗濯機本体が不安定で揺れるのですが、どうすれば改善できますか？設置状況を確認する必要がありますか？,0.7500108748422135
洗剤を手動で投入できますか？,運転終了時にアラームを鳴らさないようにできますか？,0.7488823344136207
洗濯をスタートする方法を教えて？,洗濯中に一時停止は可能？,0.748851940024009
乾燥なしで洗濯するには？,おしゃれ着は洗える？,0.7487652158098795
洗濯を一時停止した際、追加の衣類を入れるためにドアを開けることは可能ですか？その条件は何ですか？,洗濯物を保護するために、洗濯ネットを使用する必要はありますか？どのような種類の衣類に推奨されますか？,0.748240330837711
毛布は洗えますか？,洗濯の開始時刻を事前に設定しておきたいのですが、予約機能はどのように使えば良いですか？,0.7477388346450903
洗濯機に水が供給されないというエラーが表示されたのですが、どのような原因が考えられますか？自分でできる確認事項はありますか？,水漏れの原因は？,0.7472742558483738
乾燥だけで使用出来ますか？,衣類を洗うだけで、乾燥工程は行いたくない場合、どのコースを選択すれば良いですか？,0.7471671328638516
洗濯だけする方法を教えて？,ナノイーXとは何ですか？,0.7456600496837272
スチーム機能は何に使うの？,ふんわりキープとは何ですか？,0.7456219937646128
遠隔で洗濯を開始できますか？,推奨の洗剤・柔軟剤は？,0.7455511666676966
スチーム機能の使い方を教えて？,ふんわりキープの目的は？,0.7455059353852576
洗濯終了時のお知らせ音を鳴らさないようにしたいのですが、その設定はどこで変更できますか？,設定を工場出荷時に戻せる？,0.7450924632000846
羽毛布団を洗濯機で洗いたいのですが、対応していますか？また、洗う際の注意点があれば教えてください。,コースが表示されないのですが,0.7447566906528897
洗濯後、衣類に白い粉状のものが付着しているのですが、何が原因ですか？どのように対処すれば改善されますか？,水漏れの原因は？,0.7439069006134491
「ふんわりキープ」とはどのような機能ですか？,予約の仕方は？,0.7437576192809402
乾燥のみの運転は可能ですか？,洗いのみは可能？,0.7437564461412272
手動で洗剤を入れることはできますか？,運転終了時にアラームを鳴らさないようにできますか？,0.7428867078753353
洗濯の各工程（洗い、すすぎ、脱水、乾燥）について、自分の好みに合わせて時間を設定したり、回数を変更したりすることはできますか？,すすぎや脱水はせずに、衣類を「洗い」の工程だけで済ませたいのですが、そのような設定はできますか？,0.742833609340472
羽毛布団は洗えますか？,コースが表示されない。,0.7425200462720335
羽毛布団を洗濯機で洗いたいのですが、対応していますか？また、洗う際の注意点があれば教えてください。,靴は洗えますか？,0.7418389024346661
自動投入機能を使わずに、自分で洗剤を投入したいのですが、設定を教えてください？,運転終了時にアラームを鳴らさないようにできますか？,0.7409873618911866
洗いのみは可能？,洗濯のすすぎ回数を自分の希望に合わせて変更したいのですが、何回から何回まで選べますか？,0.7408245966853699
羽毛布団は洗濯できる？,コースが表示されないのですが,0.7402005962364805
衣類を洗うだけで、乾燥工程は行いたくない場合、どのコースを選択すれば良いですか？,ナノイーXとは何ですか？,0.7398886028858788
ふんわりキープとは何ですか？,おしゃれ着は洗える？,0.7394478567617634
夜遅い時間帯に洗濯機を運転しても、近隣に迷惑がかからないように静かに運転できるモードはありますか？,時間がない時に、短時間で洗濯を済ませられるようなコースはありますか？,0.7391624165026127
洗濯機本体が不安定で揺れるのですが、どうすれば改善できますか？設置状況を確認する必要がありますか？,洗濯を開始しようとしてもドラムが回転しないのですが、何が原因として考えられますか？安全装置が作動している可能性はありますか？,0.7391326391155839
洗剤や柔軟剤を計る手間を省きたいのですが、自動投入機能はどのように設定して使用するのですか？,洗濯の開始時刻を事前に設定しておきたいのですが、予約機能はどのように使えば良いですか？,0.739046170151632
洗濯だけする方法を教えて？,ふんわりキープの目的は？,0.7385174513225945
洗濯が終わったのにドアがロックされて開かないのですが、これは故障ですか？どのくらい時間が経てば開くようになりますか？,洗濯機の下から水が漏れているのですが、どのような原因が考えられますか？自分で確認できる対処法はありますか？,0.7381801048594892
乾燥のみの運転は可能ですか？,「ふんわりキープ」とはどのような機能ですか？,0.7381711700974977
個別の設定は可能ですか？,乾燥のみの運転は可能ですか？,0.7381413839603959
スチーム機能は何に使うの？,ふんわりキープの目的は？,0.7372640197770944
洗濯物に白い粉が残っています。　どうしたらよいですか？,洗濯機本体が不安定で揺れるのですが、どうすれば改善できますか？設置状況を確認する必要がありますか？,0.7369059489774068
自動投入機能の使い方を教えて？,靴は洗えますか？,0.7368481061744508
乾燥なしで洗濯するには？,デリケートな衣類やおしゃれ着を優しく洗うための専用コースはありますか？,0.7368113943603688
洗濯をスタートする方法を教えて？,洗濯の途中で一時停止できますか？,0.7366601609557298
自動投入機能を使わずに、自分で洗剤を投入したいのですが、設定を教えてください？,洗濯終了時のお知らせ音を鳴らさないようにしたいのですが、その設定はどこで変更できますか？,0.7363220988337726
「水が出ない」エラーが出ます,洗濯機に水が供給されないというエラーが表示されたのですが、どのような原因が考えられますか？自分でできる確認事項はありますか？,0.7362767981576721
自宅の洗濯機で毛布を洗うことはできますか？もし洗える場合、何か特別な条件やコースがありますか？,予約機能の使い方をおしえて？,0.735984441410191
ナノイーXとは何ですか？,おしゃれ着は洗える？,0.7357383709611444
乾燥なしで洗濯するには？,予約機能の使い方をおしえて？,0.7354025828845294
自宅の洗濯機で毛布を洗うことはできますか？もし洗える場合、何か特別な条件やコースがありますか？,洗剤の種類によって設定は変わりますか？,0.7353789109362234
ナノイーX機能について詳しく教えてください。どのような効果があり、どのコースで利用できますか？,おしゃれ着は洗える？,0.73498725130697
毛布は洗えますか？,羽毛布団を洗濯機で洗いたいのですが、対応していますか？また、洗う際の注意点があれば教えてください。,0.7346517669528538
ふんわりキープの目的は？,靴は洗えますか？,0.7342922615548262
洗濯後、衣類に白い粉状のものが付着しているのですが、何が原因ですか？どのように対処すれば改善されますか？,洗濯機本体が不安定で揺れるのですが、どうすれば改善できますか？設置状況を確認する必要がありますか？,0.7342091212094142
異音がします。どうしたらよいですか？,洗濯機本体が不安定で揺れるのですが、どうすれば改善できますか？設置状況を確認する必要がありますか？,0.7340492471034319
一時停止したらドアは開く？,洗濯機の下から水が漏れているのですが、どのような原因が考えられますか？自分で確認できる対処法はありますか？,0.7340219120180071
乾燥のみの運転は可能ですか？,洗濯のすすぎ回数を自分の希望に合わせて変更したいのですが、何回から何回まで選べますか？,0.7339151412871833
乾燥のみの運転は可能ですか？,洗濯物の種類によって脱水時間を調整したいのですが、何分まで設定できますか？,0.7333334580537795
ナノイーXの機能は？,毛布の洗濯は可能？,0.7332242077023311
自宅の洗濯機で毛布を洗うことはできますか？もし洗える場合、何か特別な条件やコースがありますか？,おしゃれ着コースはありますか？,0.7330256762149653
本体の揺れが気になる。,排水エラーが出た。,0.7326774594122891
おしゃれ着コースはありますか？,靴は洗えますか？,0.7326444407893118
洗剤の種類によって設定は変わりますか？,予約の仕方は？,0.7323045282489431
「ふんわりキープ」とはどのような機能ですか？,洗濯の開始時刻を事前に設定しておきたいのですが、予約機能はどのように使えば良いですか？,0.7322763040281564
洗濯だけする方法を教えて？,ナノイーXの機能は？,0.7319013854542129
手動で個別に設定する事は可能ですか？,すすぎや脱水はせずに、衣類を「洗い」の工程だけで済ませたいのですが、そのような設定はできますか？,0.7318683345769617
乾燥のみの運転は可能ですか？,すすぎ回数は変えられる？,0.7315935306070914
スニーカーは洗える？,コースが表示されない。,0.7315828504281486
ナノイーXとは何ですか？,おしゃれ着コースはありますか？,0.7315744743430863
毛布の洗濯は可能？,羽毛布団は洗えますか？,0.7312155234812252
本体がぐらつきます。どうしたら良いですか？,水漏れの原因は？,0.731186699604668
洗濯コースの選択肢が画面に表示されないのですが、これはどういう状況ですか？どのように対処すれば良いですか？,洗濯の開始時刻を事前に設定しておきたいのですが、予約機能はどのように使えば良いですか？,0.7309862067087997
ナノイーXとは何ですか？,予約の仕方は？,0.7308822760609865
羽毛布団は洗濯できる？,コースが表示されない。,0.7308374896107317
ナノイーX機能について詳しく教えてください。どのような効果があり、どのコースで利用できますか？,デリケートな衣類やおしゃれ着を優しく洗うための専用コースはありますか？,0.7306586660542215
ナノイーXの機能は？,おしゃれ着は洗える？,0.7305514945243716
ナノイーXの機能は？,予約の仕方は？,0.7304793442232163
洗濯だけする方法を教えて？,洗濯の開始時刻を事前に設定しておきたいのですが、予約機能はどのように使えば良いですか？,0.7304082565930285
使用する洗剤のブランドや種類を変更した場合、洗濯機側で何か設定を変更する必要はありますか？,この洗濯機に最適な洗剤や柔軟剤はありますか？メーカーから推奨されている製品があれば教えてください。,0.7302601775793525
使用する洗剤のブランドや種類を変更した場合、洗濯機側で何か設定を変更する必要はありますか？,推奨の洗剤・柔軟剤は？,0.7302345979452949
白い粉が残るのですが。,洗濯機本体が不安定で揺れるのですが、どうすれば改善できますか？設置状況を確認する必要がありますか？,0.7302137303955434
自宅の洗濯機で毛布を洗うことはできますか？もし洗える場合、何か特別な条件やコースがありますか？,使用する洗剤のブランドや種類を変更した場合、洗濯機側で何か設定を変更する必要はありますか？,0.7302090244324513
乾燥のみの運転は可能ですか？,毛布は洗えますか？,0.7300831648835828
洗濯物に白い粉が残っています。　どうしたらよいですか？,本体がぐらつきます。どうしたら良いですか？,0.7300146871169505
洗剤の種類で設定変更は必要？,予約の仕方は？,0.7299568412505342
洗濯物に白い粉が残っています。　どうしたらよいですか？,水漏れしています。どうしたらよいですか？,0.7296930187296504
自宅の洗濯機で毛布を洗うことはできますか？もし洗える場合、何か特別な条件やコースがありますか？,デリケートな衣類やおしゃれ着を優しく洗うための専用コースはありますか？,0.729429430026323
衣類を洗うだけで、乾燥工程は行いたくない場合、どのコースを選択すれば良いですか？,ナノイーXの機能は？,0.7290560004248974
自宅の洗濯機で毛布を洗うことはできますか？もし洗える場合、何か特別な条件やコースがありますか？,羽毛布団を洗濯機で洗いたいのですが、対応していますか？また、洗う際の注意点があれば教えてください。,0.728807600777306
変な音がするのですが。,白い粉が残るのですが。,0.7285620019850487
羽毛布団は洗えますか？,靴は洗えますか？,0.7283896372035494
おすすめのコースを教えて？,靴は洗えますか？,0.7278154250947548
すすぎの設定を変更することは可能ですか？,洗濯物の種類によって脱水時間を調整したいのですが、何分まで設定できますか？,0.7277936878732227
乾燥なしで洗濯するには？,ナノイーXとは何ですか？,0.7276803262797427
乾燥のみの運転は可能ですか？,ナノイーXとは何ですか？,0.7275507598967839
手動で個別に設定する事は可能ですか？,脱水時間の調整はできる？,0.7273678100928892
変な音がするのですが。,洗濯機の下から水が漏れているのですが、どのような原因が考えられますか？自分で確認できる対処法はありますか？,0.7267005802074471
乾燥のみの運転は可能ですか？,乾燥なしで洗濯するには？,0.7263933564420204
「排水できない」エラーが出ます,水漏れの原因は？,0.7261248406026986
ドアが開かない原因は？,洗濯を開始しようとしてもドラムが回転しないのですが、何が原因として考えられますか？安全装置が作動している可能性はありますか？,0.7260847027040233
乾燥なしで洗濯するには？,おしゃれ着コースはありますか？,0.7257144729344398
自宅の洗濯機で毛布を洗うことはできますか？もし洗える場合、何か特別な条件やコースがありますか？,この洗濯機で靴を洗うことはできますか？もしできない場合、何か代わりの方法はありますか？,0.7256721593221136
洗濯を一時停止した際、追加の衣類を入れるためにドアを開けることは可能ですか？その条件は何ですか？,水漏れの原因は？,0.7255839010605758
変な音がするのですが。,洗濯機本体が不安定で揺れるのですが、どうすれば改善できますか？設置状況を確認する必要がありますか？,0.7252748005355061
一時停止したらドアは開く？,水漏れの原因は？,0.7252601029695649
自動投入機能の使い方を教えて？,予約機能の使い方をおしえて？,0.72465707333245
ナノイーX機能について詳しく教えてください。どのような効果があり、どのコースで利用できますか？,おしゃれ着コースはありますか？,0.7242782008255032
スニーカーは洗える？,コースが表示されないのですが,0.7240725960831282
本体がぐらつきます。どうしたら良いですか？,洗濯機の下から水が漏れているのですが、どのような原因が考えられますか？自分で確認できる対処法はありますか？,0.7240180204334701
ふんわりキープとは何ですか？,予約の仕方は？,0.7237156848859586
すすぎの設定を変更することは可能ですか？,洗剤の種類で設定変更は必要？,0.7232175489668151
異音がします。どうしたらよいですか？,洗濯機の下から水が漏れているのですが、どのような原因が考えられますか？自分で確認できる対処法はありますか？,0.7222437038557867
一時停止したらドアは開く？,洗濯機本体が不安定で揺れるのですが、どうすれば改善できますか？設置状況を確認する必要がありますか？,0.7218307634602141
衣類を洗うだけで、乾燥工程は行いたくない場合、どのコースを選択すれば良いですか？,洗剤の種類によって設定は変わりますか？,0.7218106914451508
乾燥のみの運転は可能ですか？,ふんわりキープとは何ですか？,0.7215915413182076
一時停止中にドアは開きますか？,洗濯機の下から水が漏れているのですが、どのような原因が考えられますか？自分で確認できる対処法はありますか？,0.7214666305796579
自宅の洗濯機で毛布を洗うことはできますか？もし洗える場合、何か特別な条件やコースがありますか？,予約の仕方は？,0.7214197308892691
洗濯が終わったのにドアがロックされて開かないのですが、これは故障ですか？どのくらい時間が経てば開くようになりますか？,洗濯中に通常とは異なる音がするのですが、どのような原因が考えられますか？自分で確認できることはありますか？,0.720867308686012
洗濯機の下から水が漏れているのですが、どのような原因が考えられますか？自分で確認できる対処法はありますか？,洗濯を開始しようとしてもドラムが回転しないのですが、何が原因として考えられますか？安全装置が作動している可能性はありますか？,0.7203926967727714
洗濯だけする方法を教えて？,自宅の洗濯機で毛布を洗うことはできますか？もし洗える場合、何か特別な条件やコースがありますか？,0.7202436030581039
ナノイーXとは何ですか？,毛布の洗濯は可能？,0.7200856913929887
乾燥のみの運転は可能ですか？,自宅の洗濯機で毛布を洗うことはできますか？もし洗える場合、何か特別な条件やコースがありますか？,0.719797584191834
洗濯後に衣類が絡まってしまうことが多いのですが、何か絡まりを防ぐための対処法はありますか？,洗濯機のドアが最後まで閉まらないのですが、何を確認すれば良いですか？,0.7196931346547271
洗濯物に白い粉が残っています。　どうしたらよいですか？,洗濯機に水が供給されないというエラーが表示されたのですが、どのような原因が考えられますか？自分でできる確認事項はありますか？,0.7196447706420475
洗濯機本体が不安定で揺れるのですが、どうすれば改善できますか？設置状況を確認する必要がありますか？,洗濯機に水が供給されないというエラーが表示されたのですが、どのような原因が考えられますか？自分でできる確認事項はありますか？,0.7195359791754792
乾燥だけで使用出来ますか？,洗剤の種類によって設定は変わりますか？,0.7194502909538085
洗濯が終わったのにドアがロックされて開かないのですが、これは故障ですか？どのくらい時間が経てば開くようになりますか？,洗濯時間は何分ですか？,0.7193842889950002
乾燥のみの運転は可能ですか？,すすぎの設定を変更することは可能ですか？,0.7192720737999738
羽毛布団は洗えますか？,おしゃれ着は洗える？,0.7192393084940865
排水エラーが出た。,水漏れしています。どうしたらよいですか？,0.7188780687546981
乾燥なしで洗濯するには？,ナノイーXの機能は？,0.7188758921131786
乾燥のみの運転は可能ですか？,脱水時間の変更は可能ですか？,0.7188418169786566
洗濯機を使い始めるにはどうすればいいですか？　手順を教えて下さい。,洗濯中に一時停止は可能？,0.7188016383849516
時間がない時に、短時間で洗濯を済ませられるようなコースはありますか？,洗濯の所要時間は？,0.7187850086170686
洗濯だけする方法を教えて？,この洗濯機で靴を洗うことはできますか？もしできない場合、何か代わりの方法はありますか？,0.7185020199064073
乾燥のみの運転は可能ですか？,おしゃれ着は洗える？,0.7184432773672405
洗濯機のドアが最後まで閉まらないのですが、何を確認すれば良いですか？,洗濯機の下から水が漏れているのですが、どのような原因が考えられますか？自分で確認できる対処法はありますか？,0.7183989327595514
毛布の洗濯は可能？,コースが表示されない。,0.7183153285714107
乾燥なしで洗濯するには？,毛布の洗濯は可能？,0.7182525401764277
乾燥なしで洗濯するには？,予約の仕方は？,0.7182488946719323
ナノイーXの機能は？,デリケートな衣類やおしゃれ着を優しく洗うための専用コースはありますか？,0.718219938824397
すすぎの設定を変更することは可能ですか？,使用する洗剤のブランドや種類を変更した場合、洗濯機側で何か設定を変更する必要はありますか？,0.7179108801922174
手動で個別に設定する事は可能ですか？,乾燥のみの運転は可能ですか？,0.717772143745776
洗いのみは可能？,洗濯物の種類によって脱水時間を調整したいのですが、何分まで設定できますか？,0.7176897453503888
毛布は洗えますか？,コースが表示されないのですが,0.7174933228312692
毛布は洗えますか？,コースが表示されない。,0.7173581149790218
乾燥のみの運転は可能ですか？,ナノイーXの機能は？,0.7172388604303244
乾燥だけで使用出来ますか？,乾燥なしで洗濯するには？,0.7168969863947146
ナノイーXとは何ですか？,毛布は洗えますか？,0.7168492530255495
乾燥だけで使用出来ますか？,外出先から洗濯を開始できますか？,0.7163660071985696
洗いのみは可能？,脱水時間の調整はできる？,0.7161205571595326
自動投入機能はどう使うの？,洗濯の開始時刻を事前に設定しておきたいのですが、予約機能はどのように使えば良いですか？,0.7161009859223797
おしゃれ着コースはありますか？,お急ぎコースはありますか？,0.7159971549685333
衣類を洗うだけで、乾燥工程は行いたくない場合、どのコースを選択すれば良いですか？,特に汚れがひどい洗濯物なので、2回続けて洗いたいのですが、そのような設定は可能ですか？,0.7155344139592293
自宅の洗濯機で毛布を洗うことはできますか？もし洗える場合、何か特別な条件やコースがありますか？,羽毛布団は洗えますか？,0.7153443345763975
ナノイーXとは何ですか？,「ふんわりキープ」とはどのような機能ですか？,0.7151927758352343
羽毛布団を洗濯機で洗いたいのですが、対応していますか？また、洗う際の注意点があれば教えてください。,コースが表示されない。,0.7148976338797877
本体がぐらつきます。どうしたら良いですか？,水が出ないエラーが出た。,0.7148396661794651
本体の揺れが気になる。,「排水できない」エラーが出ます,0.7148167602109584
ドアが開かない原因は？,洗濯機の下から水が漏れているのですが、どのような原因が考えられますか？自分で確認できる対処法はありますか？,0.7138277109800171
ナノイーXの機能は？,おしゃれ着コースはありますか？,0.713767083068426
毛布は洗えますか？,羽毛布団は洗濯できる？,0.7136786224889118
「ふんわりキープ」とはどのような機能ですか？,予約機能の使い方をおしえて？,0.713665361632603
ふんわりキープとは何ですか？,毛布は洗えますか？,0.7135858747285644
洗濯物を保護するために、洗濯ネットを使用する必要はありますか？どのような種類の衣類に推奨されますか？,洗濯を開始しようとしてもドラムが回転しないのですが、何が原因として考えられますか？安全装置が作動している可能性はありますか？,0.7135808822251498
乾燥だけで使用出来ますか？,洗剤の種類で設定変更は必要？,0.7135785954282501
変な音がするのですが。,洗濯物に白い粉が残っています。　どうしたらよいですか？,0.7135778928277668
洗濯機に水が供給されないというエラーが表示されたのですが、どのような原因が考えられますか？自分でできる確認事項はありますか？,コースが表示されないのですが,0.713429419777905
ドアが開かないのですが,洗濯を開始しようとしてもドラムが回転しないのですが、何が原因として考えられますか？安全装置が作動している可能性はありますか？,0.7131317468497628
洗いのみは可能？,脱水時間の変更は可能ですか？,0.7130365886683359
洗濯物の種類によって脱水時間を調整したいのですが、何分まで設定できますか？,洗濯機が排水できないというエラーメッセージが表示されたのですが、原因は何でしょうか？自分で解決できる方法はありますか？,0.7129898115129166
洗濯のすすぎ回数を自分の希望に合わせて変更したいのですが、何回から何回まで選べますか？,洗剤の種類で設定変更は必要？,0.7128137363225073
おしゃれ着は洗える？,洗濯の開始時刻を事前に設定しておきたいのですが、予約機能はどのように使えば良いですか？,0.7125047872578233
自動投入機能の使い方を教えて？,洗濯の開始時刻を事前に設定しておきたいのですが、予約機能はどのように使えば良いですか？,0.7122972319158405
すすぎ回数は変えられる？,洗濯物の種類によって脱水時間を調整したいのですが、何分まで設定できますか？,0.7122933712632624
すすぎや脱水はせずに、衣類を「洗い」の工程だけで済ませたいのですが、そのような設定はできますか？,すすぎの設定を変更することは可能ですか？,0.7122462611816883
毛布の洗濯は可能？,羽毛布団は洗濯できる？,0.7121531617891679
洗濯中に通常とは異なる音がするのですが、どのような原因が考えられますか？自分で確認できることはありますか？,洗濯を開始しようとしてもドラムが回転しないのですが、何が原因として考えられますか？安全装置が作動している可能性はありますか？,0.7121273220051072
ナノイーXとは何ですか？,デリケートな衣類やおしゃれ着を優しく洗うための専用コースはありますか？,0.7120329289393157
洗剤の種類によって設定は変わりますか？,予約機能の使い方をおしえて？,0.7117861745766283
チャイルドロックはどこで設定する？,洗いのみは可能？,0.7115729257405405
羽毛布団を洗濯機で洗いたいのですが、対応していますか？また、洗う際の注意点があれば教えてください。,洗濯機に水が供給されないというエラーが表示されたのですが、どのような原因が考えられますか？自分でできる確認事項はありますか？,0.711506066421166
乾燥のみの運転は可能ですか？,洗濯の所要時間は？,0.7113190456158613
すすぎや脱水はせずに、衣類を「洗い」の工程だけで済ませたいのですが、そのような設定はできますか？,洗濯のすすぎ回数を自分の希望に合わせて変更したいのですが、何回から何回まで選べますか？,0.7112536021137422
個別の設定は可能ですか？,洗剤の種類で設定変更は必要？,0.711012812705767
乾燥のみの運転は可能ですか？,推奨の洗剤・柔軟剤は？,0.7110025708154948
乾燥のみの運転は可能ですか？,デリケートな衣類やおしゃれ着を優しく洗うための専用コースはありますか？,0.7107546616117724
洗濯の開始時刻を事前に設定しておきたいのですが、予約機能はどのように使えば良いですか？,推奨の洗剤・柔軟剤は？,0.7107042100676827
乾燥のみの運転は可能ですか？,急いで洗濯したい時は？,0.710633442105091
洗濯をスタートする方法を教えて？,洗濯中に急な用事ができた場合、途中で運転を一時停止させることはできますか？その操作方法を教えてください。,0.7104729226545956
洗濯中に通常とは異なる音がするのですが、どのような原因が考えられますか？自分で確認できることはありますか？,水漏れの原因は？,0.7100410865373433
すすぎ回数は変えられる？,脱水時間の調整はできる？,0.7100172793257247
毛布の洗濯は可能？,コースが表示されないのですが,0.7098528168940673
すすぎ回数は変えられる？,脱水時間の変更は可能ですか？,0.7097790566920393
本体の揺れが気になる。,水漏れしています。どうしたらよいですか？,0.7094940049555409
手動で個別に設定する事は可能ですか？,洗剤の種類で設定変更は必要？,0.709464730490531
ナノイーXとは何ですか？,自宅の洗濯機で毛布を洗うことはできますか？もし洗える場合、何か特別な条件やコースがありますか？,0.7091965409032684
洗濯が終わったのにドアがロックされて開かないのですが、これは故障ですか？どのくらい時間が経てば開くようになりますか？,洗濯機のドアが最後まで閉まらないのですが、何を確認すれば良いですか？,0.7091530556670075
洗濯機を使い始めるにはどうすればいいですか？　手順を教えて下さい。,洗濯の途中で一時停止できますか？,0.7090018325928411
ナノイーX機能について詳しく教えてください。どのような効果があり、どのコースで利用できますか？,自宅の洗濯機で毛布を洗うことはできますか？もし洗える場合、何か特別な条件やコースがありますか？,0.7085767088486712
洗濯はせず、衣類を乾燥させる機能だけを使いたいのですが、どのように操作すれば良いですか？,「ふんわりキープ」とはどのような機能ですか？,0.7083876908420991
手動で洗剤を入れることはできますか？,洗濯終了時のお知らせ音を鳴らさないようにしたいのですが、その設定はどこで変更できますか？,0.7083052531586951
水が出ないエラーが出た。,洗濯機が排水できないというエラーメッセージが表示されたのですが、原因は何でしょうか？自分で解決できる方法はありますか？,0.7081926925330226
「ふんわりキープ」とはどのような機能ですか？,毛布は洗えますか？,0.7079079828071828
自宅にいない時でも、スマートフォンなどを使って洗濯機を遠隔で操作し、洗濯を開始することはできますか？,急いで洗濯したい時は？,0.7078453013567338
ナノイーXの機能は？,毛布は洗えますか？,0.7077738813152055
ドアが開かない原因は？,水漏れの原因は？,0.7077545334734099
乾燥のみの運転は可能ですか？,遠隔で洗濯を開始できますか？,0.7076510399709722
洗濯物の種類によって脱水時間を調整したいのですが、何分まで設定できますか？,洗濯機に水が供給されないというエラーが表示されたのですが、どのような原因が考えられますか？自分でできる確認事項はありますか？,0.707631688619498
衣類を洗うだけで、乾燥工程は行いたくない場合、どのコースを選択すれば良いですか？,洗剤の種類で設定変更は必要？,0.7074186590320097
白い粉が残るのですが。,洗濯機が排水できないというエラーメッセージが表示されたのですが、原因は何でしょうか？自分で解決できる方法はありますか？,0.7073321277674904
自宅の洗濯機で毛布を洗うことはできますか？もし洗える場合、何か特別な条件やコースがありますか？,羽毛布団は洗濯できる？,0.7072874150729885
おしゃれ着は洗える？,コースが表示されないのですが,0.7071476317336076
洗剤の種類で設定変更は必要？,予約機能の使い方をおしえて？,0.7071210281376704
脱水時間の変更は可能ですか？,水漏れの原因は？,0.7069974101794549
ドアが開かないのですが,洗濯機のドアが最後まで閉まらないのですが、何を確認すれば良いですか？,0.7067011247762547
本体がぐらつきます。どうしたら良いですか？,洗濯コースの選択肢が画面に表示されないのですが、これはどういう状況ですか？どのように対処すれば良いですか？,0.7066988045517603
衣類を洗うだけで、乾燥工程は行いたくない場合、どのコースを選択すれば良いですか？,自宅の洗濯機で毛布を洗うことはできますか？もし洗える場合、何か特別な条件やコースがありますか？,0.7065871497531775
コースが表示されないのですが,洗濯を開始しようとしてもドラムが回転しないのですが、何が原因として考えられますか？安全装置が作動している可能性はありますか？,0.7064455001468006
洗濯機本体が不安定で揺れるのですが、どうすれば改善できますか？設置状況を確認する必要がありますか？,洗濯機が排水できないというエラーメッセージが表示されたのですが、原因は何でしょうか？自分で解決できる方法はありますか？,0.7061953296577232
洗濯だけする方法を教えて？,ナノイーX機能について詳しく教えてください。どのような効果があり、どのコースで利用できますか？,0.7060545979656039
急いで洗濯したい時は？,スニーカーは洗える？,0.7059384988442126
衣類を洗うだけで、乾燥工程は行いたくない場合、どのコースを選択すれば良いですか？,予約機能の使い方をおしえて？,0.7056992079765197
洗濯をスタートする方法を教えて？,洗濯だけする方法を教えて？,0.705696610476209
変な音がするのですが。,洗濯機に水が供給されないというエラーが表示されたのですが、どのような原因が考えられますか？自分でできる確認事項はありますか？,0.7055821848601629
ふんわりキープとは何ですか？,スニーカーは洗える？,0.7054963865175288
毛布の洗濯は可能？,洗剤の種類によって設定は変わりますか？,0.7054866437446443
「排水できない」エラーが出ます,水漏れしています。どうしたらよいですか？,0.7053230381285419
ナノイーX機能について詳しく教えてください。どのような効果があり、どのコースで利用できますか？,毛布は洗えますか？,0.7051798887095362
毛布は洗えますか？,靴は洗えますか？,0.7049576220725662
自宅にいない時でも、スマートフォンなどを使って洗濯機を遠隔で操作し、洗濯を開始することはできますか？,推奨の洗剤・柔軟剤は？,0.70480686181838
デリケートな衣類やおしゃれ着を優しく洗うための専用コースはありますか？,洗濯の開始時刻を事前に設定しておきたいのですが、予約機能はどのように使えば良いですか？,0.7047671648280334
ドアが開かない原因は？,ドラムが動きません,0.7047390869451586
「ふんわりキープ」とはどのような機能ですか？,おしゃれ着は洗える？,0.7046533190929269
洗濯だけする方法を教えて？,洗剤の種類で設定変更は必要？,0.7045919660961019
遠隔で洗濯を開始できますか？,この洗濯機に最適な洗剤や柔軟剤はありますか？メーカーから推奨されている製品があれば教えてください。,0.7045885776828335
洗剤を手動で投入できますか？,洗濯終了時のお知らせ音を鳴らさないようにしたいのですが、その設定はどこで変更できますか？,0.7045860273952893
洗濯をスタートする方法を教えて？,スチーム機能の使い方を教えて？,0.7045520297946148
おしゃれ着は洗える？,お急ぎコースはありますか？,0.7043916814189783
乾燥のみの運転は可能ですか？,時間がない時に、短時間で洗濯を済ませられるようなコースはありますか？,0.7043769223240954
自動投入機能を使わずに、自分で洗剤を投入したいのですが、設定を教えてください？,誤った設定をしてしまったので、洗濯機の設定をすべて初期状態に戻したいのですが、その方法を教えてください。,0.7042866303515327
乾燥のみの運転は可能ですか？,洗濯機本体が不安定で揺れるのですが、どうすれば改善できますか？設置状況を確認する必要がありますか？,0.7041573767109707
デリケートな衣類やおしゃれ着を優しく洗うための専用コースはありますか？,スニーカーは洗える？,0.7040390242062842
時間がない時に、短時間で洗濯を済ませられるようなコースはありますか？,洗濯時間は何分ですか？,0.7038947975321068
ナノイーX機能について詳しく教えてください。どのような効果があり、どのコースで利用できますか？,毛布の洗濯は可能？,0.7037524652145448
洗濯機に水が供給されないというエラーが表示されたのですが、どのような原因が考えられますか？自分でできる確認事項はありますか？,洗濯コースの選択肢が画面に表示されないのですが、これはどういう状況ですか？どのように対処すれば良いですか？,0.7036636017397028
靴は洗えますか？,この洗濯機で靴を洗うことはできますか？もしできない場合、何か代わりの方法はありますか？,0.7035450029810296
洗濯だけする方法を教えて？,靴は洗えますか？,0.7034846861882539
乾燥のみの運転は可能ですか？,コースが表示されないのですが,0.7034739651029582
洗剤の種類で設定変更は必要？,洗濯機本体が不安定で揺れるのですが、どうすれば改善できますか？設置状況を確認する必要がありますか？,0.7033892356543436
乾燥なしで洗濯するには？,「ふんわりキープ」とはどのような機能ですか？,0.7033860672363926
一時停止中にドアは開きますか？,洗濯物に白い粉が残っています。　どうしたらよいですか？,0.703099961520693
乾燥のみの運転は可能ですか？,洗剤や柔軟剤を計る手間を省きたいのですが、自動投入機能はどのように設定して使用するのですか？,0.703026099760418
毛布は洗えますか？,洗剤の種類で設定変更は必要？,0.7027539986607462
異音がします。どうしたらよいですか？,洗濯後、衣類に白い粉状のものが付着しているのですが、何が原因ですか？どのように対処すれば改善されますか？,0.7027078496505191
乾燥のみの運転は可能ですか？,洗濯が終わったのにドアがロックされて開かないのですが、これは故障ですか？どのくらい時間が経てば開くようになりますか？,0.7026679776374583
洗濯を一時停止した際、追加の衣類を入れるためにドアを開けることは可能ですか？その条件は何ですか？,洗濯後、衣類に白い粉状のものが付着しているのですが、何が原因ですか？どのように対処すれば改善されますか？,0.7023977320802196
洗濯のすすぎ回数を自分の希望に合わせて変更したいのですが、何回から何回まで選べますか？,洗濯の開始時刻を事前に設定しておきたいのですが、予約機能はどのように使えば良いですか？,0.7023535548297909
毛布の洗濯は可能？,洗剤の種類で設定変更は必要？,0.7022783782347983
お急ぎコースはありますか？,洗濯の所要時間は？,0.7021314728969743
変な音がするのですが。,本体がぐらつきます。どうしたら良いですか？,0.7019918389382838
遠隔で洗濯を開始できますか？,おすすめの洗剤・柔軟剤はありますか？,0.7017148965619366
変な音がするのですが。,水漏れの原因は？,0.7014604015942394
白い粉が残るのですが。,洗濯機に水が供給されないというエラーが表示されたのですが、どのような原因が考えられますか？自分でできる確認事項はありますか？,0.7013759550958751
一時停止中にドアは開きますか？,本体の揺れが気になる。,0.7012638987969748
洗濯が終わったのにドアがロックされて開かないのですが、これは故障ですか？どのくらい時間が経てば開くようになりますか？,洗濯を開始しようとしてもドラムが回転しないのですが、何が原因として考えられますか？安全装置が作動している可能性はありますか？,0.7010152069098007
おしゃれ着コースはありますか？,スニーカーは洗える？,0.7010054720386789
乾燥のみの運転は可能ですか？,羽毛布団は洗濯できる？,0.7009518995379402
洗剤の種類によって設定は変わりますか？,コースが表示されないのですが,0.7009493644230107
洗濯ネットは必要ですか？,ドラムが動きません,0.7008706838380737
洗剤の種類で設定変更は必要？,この洗濯機に最適な洗剤や柔軟剤はありますか？メーカーから推奨されている製品があれば教えてください。,0.7008601253351936
洗濯のすすぎ回数を自分の希望に合わせて変更したいのですが、何回から何回まで選べますか？,洗剤の種類によって設定は変わりますか？,0.7008590715137583
衣類を洗うだけで、乾燥工程は行いたくない場合、どのコースを選択すれば良いですか？,ナノイーX機能について詳しく教えてください。どのような効果があり、どのコースで利用できますか？,0.7005585257494267
乾燥だけで使用出来ますか？,「ふんわりキープ」とはどのような機能ですか？,0.7002395772835707
水が出ないエラーが出た。,水漏れしています。どうしたらよいですか？,0.7001928059213465
すすぎの設定を変更することは可能ですか？,洗剤の種類によって設定は変わりますか？,0.6997115765011503
手動で個別に設定する事は可能ですか？,洗剤や柔軟剤を計る手間を省きたいのですが、自動投入機能はどのように設定して使用するのですか？,0.6995519424338472
お急ぎコースはありますか？,洗濯時間は何分ですか？,0.6995240082265659
洗濯機のドアが最後まで閉まらないのですが、何を確認すれば良いですか？,水漏れの原因は？,0.6995174765144223
自宅の洗濯機で毛布を洗うことはできますか？もし洗える場合、何か特別な条件やコースがありますか？,コースが表示されないのですが,0.6995051976891222
「ふんわりキープ」とはどのような機能ですか？,毛布の洗濯は可能？,0.6995048202111824
本体がぐらつきます。どうしたら良いですか？,洗濯機に水が供給されないというエラーが表示されたのですが、どのような原因が考えられますか？自分でできる確認事項はありますか？,0.699319326154451
脱水時間の変更は可能ですか？,洗濯機が排水できないというエラーメッセージが表示されたのですが、原因は何でしょうか？自分で解決できる方法はありますか？,0.6993107738092222
ナノイーXとは何ですか？,洗濯の開始時刻を事前に設定しておきたいのですが、予約機能はどのように使えば良いですか？,0.699267871613928
洗濯機に水が供給されないというエラーが表示されたのですが、どのような原因が考えられますか？自分でできる確認事項はありますか？,コースが表示されない。,0.6992297925212652
乾燥のみの運転は可能ですか？,チャイルドロックはどこで設定する？,0.6992137157264722
洗剤の種類によって設定は変わりますか？,この洗濯機に最適な洗剤や柔軟剤はありますか？メーカーから推奨されている製品があれば教えてください。,0.6991877787742748
一時停止中にドアは開きますか？,本体がぐらつきます。どうしたら良いですか？,0.6989858126913593
洗濯はせず、衣類を乾燥させる機能だけを使いたいのですが、どのように操作すれば良いですか？,洗濯だけする方法を教えて？,0.6988353948388695
水が出ないエラーが出た。,洗濯機の下から水が漏れているのですが、どのような原因が考えられますか？自分で確認できる対処法はありますか？,0.6986294185243958
洗剤の種類によって設定は変わりますか？,洗濯コースの選択肢が画面に表示されないのですが、これはどういう状況ですか？どのように対処すれば良いですか？,0.6985528612057696
おすすめのコースを教えて？,脱水時間の変更は可能ですか？,0.6985324330663212
衣類を洗うだけで、乾燥工程は行いたくない場合、どのコースを選択すれば良いですか？,予約の仕方は？,0.6985279850570734
ドアが開かないのですが,洗濯を一時停止した際、追加の衣類を入れるためにドアを開けることは可能ですか？その条件は何ですか？,0.6982866185511999
毛布の洗濯は可能？,羽毛布団を洗濯機で洗いたいのですが、対応していますか？また、洗う際の注意点があれば教えてください。,0.6982446389227893
ドアが開かない原因は？,一時停止中にドアは開きますか？,0.698124245933173
洗剤の種類で設定変更は必要？,コースが表示されないのですが,0.6979351423719493
洗濯をスタートする方法を教えて？,スチーム機能は何に使うの？,0.6978485996537396
遠隔で洗濯を開始できますか？,コースが表示されないのですが,0.6978206648449822
外出先から洗濯を開始できますか？,推奨の洗剤・柔軟剤は？,0.6976737975657923
一時停止したらドアは開く？,本体の揺れが気になる。,0.6976539625787683
一時停止中にドアは開きますか？,水漏れの原因は？,0.697465395524136
洗濯機のドアが最後まで閉まらないのですが、何を確認すれば良いですか？,洗濯コースの選択肢が画面に表示されないのですが、これはどういう状況ですか？どのように対処すれば良いですか？,0.697375286471843
チャイルドロックはどこで設定する？,予約機能の使い方をおしえて？,0.6973565773934807
洗濯が終わったのにドアがロックされて開かないのですが、これは故障ですか？どのくらい時間が経てば開くようになりますか？,洗濯機本体が不安定で揺れるのですが、どうすれば改善できますか？設置状況を確認する必要がありますか？,0.6972775941692997
洗濯が終わったのにドアがロックされて開かないのですが、これは故障ですか？どのくらい時間が経てば開くようになりますか？,洗濯の所要時間は？,0.6968861917577451
急いで洗濯したい時は？,コースが表示されないのですが,0.6968318458797862
乾燥だけで使用出来ますか？,毛布の洗濯は可能？,0.6968067205298862
洗剤の種類で設定変更は必要？,コースが表示されない。,0.6965481854393561
乾燥だけで使用出来ますか？,デリケートな衣類やおしゃれ着を優しく洗うための専用コースはありますか？,0.6964213127787242
乾燥だけで使用出来ますか？,ふんわりキープとは何ですか？,0.6961758659459647
洗濯だけする方法を教えて？,洗剤の種類によって設定は変わりますか？,0.6961207937949542
ドアが開かないのですが,洗濯ネットは必要ですか？,0.695976507016582
洗濯を一時停止した際、追加の衣類を入れるためにドアを開けることは可能ですか？その条件は何ですか？,洗濯を開始しようとしてもドラムが回転しないのですが、何が原因として考えられますか？安全装置が作動している可能性はありますか？,0.6958035615121212
変な音がするのですが。,洗濯後、衣類に白い粉状のものが付着しているのですが、何が原因ですか？どのように対処すれば改善されますか？,0.6957493857014259
一時停止したらドアは開く？,本体がぐらつきます。どうしたら良いですか？,0.6953204876169812
異音がします。どうしたらよいですか？,白い粉が残るのですが。,0.6952653164397778
スチーム機能の使い方を教えて？,「ふんわりキープ」とはどのような機能ですか？,0.6952319041933279
スチーム機能は何に使うの？,「ふんわりキープ」とはどのような機能ですか？,0.695186151495621
すすぎ回数は変えられる？,洗剤の種類で設定変更は必要？,0.6950961003903118
おしゃれ着は洗える？,コースが表示されない。,0.6949487038845215
最適なコースは？,脱水時間の変更は可能ですか？,0.694918441302915
使用する洗剤のブランドや種類を変更した場合、洗濯機側で何か設定を変更する必要はありますか？,コースが表示されないのですが,0.6946741039714801
洗濯だけする方法を教えて？,すすぎ回数は変えられる？,0.6945606574326698
使用する洗剤のブランドや種類を変更した場合、洗濯機側で何か設定を変更する必要はありますか？,コースが表示されない。,0.6945515986235841
デリケートな衣類やおしゃれ着を優しく洗うための専用コースはありますか？,お急ぎコースはありますか？,0.6943904587752106
すすぎの設定を変更することは可能ですか？,脱水時間の変更は可能ですか？,0.6942642177738467
乾燥のみの運転は可能ですか？,洗濯時間は何分ですか？,0.694236663447472
洗濯が終わったのにドアがロックされて開かないのですが、これは故障ですか？どのくらい時間が経てば開くようになりますか？,一時停止中にドアは開きますか？,0.6939828412511149
羽毛布団を洗濯機で洗いたいのですが、対応していますか？また、洗う際の注意点があれば教えてください。,洗濯コースの選択肢が画面に表示されないのですが、これはどういう状況ですか？どのように対処すれば良いですか？,0.6939482558180943
洗濯コースの選択肢が画面に表示されないのですが、これはどういう状況ですか？どのように対処すれば良いですか？,洗濯を開始しようとしてもドラムが回転しないのですが、何が原因として考えられますか？安全装置が作動している可能性はありますか？,0.6936353196576084
自宅の洗濯機で毛布を洗うことはできますか？もし洗える場合、何か特別な条件やコースがありますか？,コースが表示されない。,0.6935882115355179
洗剤の種類によって設定は変わりますか？,コースが表示されない。,0.6933902915959954
ナノイーXの機能は？,予約機能の使い方をおしえて？,0.6933719567896153
ドアが開かない原因は？,洗濯中に通常とは異なる音がするのですが、どのような原因が考えられますか？自分で確認できることはありますか？,0.6931976342828909
洗濯のすすぎ回数を自分の希望に合わせて変更したいのですが、何回から何回まで選べますか？,使用する洗剤のブランドや種類を変更した場合、洗濯機側で何か設定を変更する必要はありますか？,0.693100053069099
すすぎや脱水はせずに、衣類を「洗い」の工程だけで済ませたいのですが、そのような設定はできますか？,すすぎ回数は変えられる？,0.6930742701184209
洗濯物の種類によって脱水時間を調整したいのですが、何分まで設定できますか？,水漏れの原因は？,0.6930633211764048
洗濯のすすぎ回数を自分の希望に合わせて変更したいのですが、何回から何回まで選べますか？,脱水時間の変更は可能ですか？,0.6929114504400665
ナノイーXとは何ですか？,予約機能の使い方をおしえて？,0.692624978823069
特に汚れがひどい洗濯物なので、2回続けて洗いたいのですが、そのような設定は可能ですか？,洗剤の種類によって設定は変わりますか？,0.6926217474378942
洗濯の始め方は？,洗濯中に急な用事ができた場合、途中で運転を一時停止させることはできますか？その操作方法を教えてください。,0.6925085847814967
ふんわりキープの目的は？,スニーカーは洗える？,0.6923742067409197
深夜運転は静か？,予約の仕方は？,0.6922978439816954
洗濯だけする方法を教えて？,スチーム機能の使い方を教えて？,0.6921375144672767
靴は洗えますか？,コースが表示されないのですが,0.6920626689340279
「ふんわりキープ」とはどのような機能ですか？,靴は洗えますか？,0.6920421179541656
洗濯物が絡まります。どうしたらよいですか？,水漏れしています。どうしたらよいですか？,0.6920411735345198
白い粉が残るのですが。,排水エラーが出た。,0.691921265554869
お急ぎコースはありますか？,スニーカーは洗える？,0.691744360657383
洗濯ネットは必要ですか？,ドラムが回らない。,0.6916092731953807
洗濯はせず、衣類を乾燥させる機能だけを使いたいのですが、どのように操作すれば良いですか？,洗剤の種類によって設定は変わりますか？,0.6916061606325894
チャイルドロックはどこで設定する？,洗濯の開始時刻を事前に設定しておきたいのですが、予約機能はどのように使えば良いですか？,0.6913013770803526
洗濯後、衣類に白い粉状のものが付着しているのですが、何が原因ですか？どのように対処すれば改善されますか？,洗濯コースの選択肢が画面に表示されないのですが、これはどういう状況ですか？どのように対処すれば良いですか？,0.6911390470778289
手動で洗剤を入れることはできますか？,設定の初期化はできますか？,0.6911263584538956
コースが表示されないのですが,一般的な洗濯コースを選んだ場合、洗濯が完了するまでにおよそ何分くらいかかりますか？,0.6911014170495435
ふんわりキープとは何ですか？,洗剤の種類で設定変更は必要？,0.6910639395230842
洗濯物の種類によって脱水時間を調整したいのですが、何分まで設定できますか？,洗濯機の下から水が漏れているのですが、どのような原因が考えられますか？自分で確認できる対処法はありますか？,0.6910361059755828
洗濯中に通常とは異なる音がするのですが、どのような原因が考えられますか？自分で確認できることはありますか？,洗濯物に白い粉が残っています。　どうしたらよいですか？,0.6910223741264852
乾燥のみの運転は可能ですか？,羽毛布団は洗えますか？,0.6909129642139118
ドアが開かないのですが,一時停止したらドアは開く？,0.690870516324708
乾燥なしで洗濯するには？,洗濯の開始時刻を事前に設定しておきたいのですが、予約機能はどのように使えば良いですか？,0.6908528176468784
乾燥だけで使用出来ますか？,毛布は洗えますか？,0.690680829598145
衣類を洗うだけで、乾燥工程は行いたくない場合、どのコースを選択すれば良いですか？,使用する洗剤のブランドや種類を変更した場合、洗濯機側で何か設定を変更する必要はありますか？,0.6906149336790541
乾燥なしで洗濯するには？,毛布は洗えますか？,0.6905979036102322
洗濯物が絡まります。どうしたらよいですか？,洗濯機のドアが最後まで閉まらないのですが、何を確認すれば良いですか？,0.6902362076475812
変な音がするのですが。,排水エラーが出た。,0.6901354589553679
ふんわりキープの目的は？,おしゃれ着は洗える？,0.6898184410078576
洗濯機のドアが最後まで閉まらないのですが、何を確認すれば良いですか？,洗濯を開始しようとしてもドラムが回転しないのですが、何が原因として考えられますか？安全装置が作動している可能性はありますか？,0.6896157160504292
深夜運転は静か？,デリケートな衣類やおしゃれ着を優しく洗うための専用コースはありますか？,0.6895242459364139
洗剤や柔軟剤を計る手間を省きたいのですが、自動投入機能はどのように設定して使用するのですか？,洗濯のすすぎ回数を自分の希望に合わせて変更したいのですが、何回から何回まで選べますか？,0.6893215361690721
手動で洗剤を入れることはできますか？,自宅にいない時でも、スマートフォンなどを使って洗濯機を遠隔で操作し、洗濯を開始することはできますか？,0.6891573337026109
洗濯だけする方法を教えて？,羽毛布団は洗えますか？,0.6891391982677152
洗濯が終わったのにドアがロックされて開かないのですが、これは故障ですか？どのくらい時間が経てば開くようになりますか？,洗濯コースの選択肢が画面に表示されないのですが、これはどういう状況ですか？どのように対処すれば良いですか？,0.6890078375795646
「洗い」だけ行いたいのですが,洗濯のすすぎ回数を自分の希望に合わせて変更したいのですが、何回から何回まで選べますか？,0.6890049613627438
毛布は洗えますか？,洗剤の種類によって設定は変わりますか？,0.6889746820731804
乾燥のみの運転は可能ですか？,脱水時間の調整はできる？,0.6888811292706939
使用する洗剤のブランドや種類を変更した場合、洗濯機側で何か設定を変更する必要はありますか？,洗濯機本体が不安定で揺れるのですが、どうすれば改善できますか？設置状況を確認する必要がありますか？,0.6888302535908943
使用する洗剤のブランドや種類を変更した場合、洗濯機側で何か設定を変更する必要はありますか？,洗濯の開始時刻を事前に設定しておきたいのですが、予約機能はどのように使えば良いですか？,0.6887213209164139
乾燥だけで使用出来ますか？,2度洗いは出来ますか？,0.6886951627370894
洗濯物の種類によって脱水時間を調整したいのですが、何分まで設定できますか？,洗濯機本体が不安定で揺れるのですが、どうすれば改善できますか？設置状況を確認する必要がありますか？,0.6886777898345369
異音がします。どうしたらよいですか？,水漏れの原因は？,0.6886257748474816
すすぎの設定を変更することは可能ですか？,洗濯の開始時刻を事前に設定しておきたいのですが、予約機能はどのように使えば良いですか？,0.6884899036014345
ナノイーXの機能は？,自宅の洗濯機で毛布を洗うことはできますか？もし洗える場合、何か特別な条件やコースがありますか？,0.6884721950415209
デリケートな衣類やおしゃれ着を優しく洗うための専用コースはありますか？,この洗濯機に最適な洗剤や柔軟剤はありますか？メーカーから推奨されている製品があれば教えてください。,0.6884323080876092
自動投入機能はどう使うの？,予約機能の使い方をおしえて？,0.6883713597175691
洗濯が終わったのにドアがロックされて開かないのですが、これは故障ですか？どのくらい時間が経てば開くようになりますか？,洗濯を一時停止した際、追加の衣類を入れるためにドアを開けることは可能ですか？その条件は何ですか？,0.6883328905669583
チャイルドロックはどこで設定する？,「洗い」だけ行いたいのですが,0.6882705213089957
乾燥だけで使用出来ますか？,急いで洗濯したい時は？,0.6882655088257448
洗剤を手動で投入できますか？,設定の初期化はできますか？,0.6881017189094548
乾燥のみの運転は可能ですか？,洗濯を一時停止した際、追加の衣類を入れるためにドアを開けることは可能ですか？その条件は何ですか？,0.6875249788302908
衣類のしわを伸ばしたり、気になるにおいを取り除いたりしたいのですが、スチーム機能はどのように使えば良いですか？,ふんわりキープとは何ですか？,0.687325330968608
乾燥だけで使用出来ますか？,チャイルドロックはどこで設定する？,0.6872371791354355
洗濯物に白い粉が残っています。　どうしたらよいですか？,洗濯機が排水できないというエラーメッセージが表示されたのですが、原因は何でしょうか？自分で解決できる方法はありますか？,0.6870651469564083
すすぎや脱水はせずに、衣類を「洗い」の工程だけで済ませたいのですが、そのような設定はできますか？,洗濯の開始時刻を事前に設定しておきたいのですが、予約機能はどのように使えば良いですか？,0.6870511047095811
変な音がするのですが。,本体の揺れが気になる。,0.6869932872729192
自動投入機能を使わずに、自分で洗剤を投入したいのですが、設定を教えてください？,設定の初期化はできますか？,0.6869552908781797
「水が出ない」エラーが出ます,水漏れしています。どうしたらよいですか？,0.6868428683386514
ドアが開かないのですが,洗濯機本体が不安定で揺れるのですが、どうすれば改善できますか？設置状況を確認する必要がありますか？,0.6868094838045747
ふんわりキープとは何ですか？,羽毛布団は洗えますか？,0.6867507964205535
洗濯ネットは必要ですか？,洗濯機本体が不安定で揺れるのですが、どうすれば改善できますか？設置状況を確認する必要がありますか？,0.68674349243498
すすぎの設定を変更することは可能ですか？,脱水時間の調整はできる？,0.6864261303636328
乾燥のみの運転は可能ですか？,お急ぎコースはありますか？,0.6863914257984793
洗濯機本体が不安定で揺れるのですが、どうすれば改善できますか？設置状況を確認する必要がありますか？,洗濯コースの選択肢が画面に表示されないのですが、これはどういう状況ですか？どのように対処すれば良いですか？,0.6863642265756723
水が出ないエラーが出た。,水漏れの原因は？,0.6862605097152013
洗濯のすすぎ回数を自分の希望に合わせて変更したいのですが、何回から何回まで選べますか？,羽毛布団を洗濯機で洗いたいのですが、対応していますか？また、洗う際の注意点があれば教えてください。,0.6862232301499269
乾燥のみの運転は可能ですか？,自宅にいない時でも、スマートフォンなどを使って洗濯機を遠隔で操作し、洗濯を開始することはできますか？,0.6862126194669724
洗濯だけする方法を教えて？,自動投入機能の使い方を教えて？,0.6860546817537406
ふんわりキープとは何ですか？,遠隔で洗濯を開始できますか？,0.6858836292590189
乾燥のみの運転は可能ですか？,夜遅い時間帯に洗濯機を運転しても、近隣に迷惑がかからないように静かに運転できるモードはありますか？,0.6858744186765333
外出先から洗濯を開始できますか？,コースが表示されないのですが,0.6856305508189275
洗濯だけする方法を教えて？,子供が誤って操作しないように、チャイルドロックを設定したいのですが、その方法と解除方法を教えてください。,0.6856245230416849
乾燥のみの運転は可能ですか？,使用する洗剤のブランドや種類を変更した場合、洗濯機側で何か設定を変更する必要はありますか？,0.6855141238266608
洗剤や柔軟剤を計る手間を省きたいのですが、自動投入機能はどのように設定して使用するのですか？,洗濯が終わったのにドアがロックされて開かないのですが、これは故障ですか？どのくらい時間が経てば開くようになりますか？,0.6854599448710514
デリケートな衣類やおしゃれ着を優しく洗うための専用コースはありますか？,靴は洗えますか？,0.6854030215871908
本体の揺れが気になる。,水が出ないエラーが出た。,0.6853594254605639
ふんわりキープの目的は？,予約の仕方は？,0.6852958334677565
自宅にいない時でも、スマートフォンなどを使って洗濯機を遠隔で操作し、洗濯を開始することはできますか？,この洗濯機に最適な洗剤や柔軟剤はありますか？メーカーから推奨されている製品があれば教えてください。,0.6850729650465239
乾燥だけで使用出来ますか？,推奨の洗剤・柔軟剤は？,0.6850366115094957
洗濯機のドアが最後まで閉まらないのですが、何を確認すれば良いですか？,水漏れしています。どうしたらよいですか？,0.6849822956686408
ドアが開かない原因は？,ドラムが回らない。,0.6849153631182985
デリケートな衣類やおしゃれ着を優しく洗うための専用コースはありますか？,コースが表示されないのですが,0.6848269299142763
乾燥のみの運転は可能ですか？,ジェット乾燥機能は、どのような仕組みで乾燥をするのですか？,0.6847655262741157
急いで洗濯したい時は？,コースが表示されない。,0.6845704040635214
自動投入機能の使い方を教えて？,洗剤の種類で設定変更は必要？,0.6842331464102468
ドアが開かない原因は？,洗濯を一時停止した際、追加の衣類を入れるためにドアを開けることは可能ですか？その条件は何ですか？,0.6841526066782464
洗濯機を使い始めるにはどうすればいいですか？　手順を教えて下さい。,洗濯中に急な用事ができた場合、途中で運転を一時停止させることはできますか？その操作方法を教えてください。,0.6840357692423771
乾燥だけで使用出来ますか？,おしゃれ着は洗える？,0.6840255812066598
おしゃれ着コースはありますか？,洗濯の開始時刻を事前に設定しておきたいのですが、予約機能はどのように使えば良いですか？,0.6839504398786949
自宅にいない時でも、スマートフォンなどを使って洗濯機を遠隔で操作し、洗濯を開始することはできますか？,この洗濯機で靴を洗うことはできますか？もしできない場合、何か代わりの方法はありますか？,0.683895018203859
洗剤や柔軟剤を計る手間を省きたいのですが、自動投入機能はどのように設定して使用するのですか？,手動で洗剤を入れることはできますか？,0.6838130895258054
洗濯中に通常とは異なる音がするのですが、どのような原因が考えられますか？自分で確認できることはありますか？,本体がぐらつきます。どうしたら良いですか？,0.683805581728548
乾燥のみの運転は可能ですか？,すすぎや脱水はせずに、衣類を「洗い」の工程だけで済ませたいのですが、そのような設定はできますか？,0.6836775593590767
自宅にいない時でも、スマートフォンなどを使って洗濯機を遠隔で操作し、洗濯を開始することはできますか？,コースが表示されないのですが,0.6836120795199224
ふんわりキープとは何ですか？,おしゃれ着コースはありますか？,0.6835813532191651
洗濯後、衣類に白い粉状のものが付着しているのですが、何が原因ですか？どのように対処すれば改善されますか？,洗濯を開始しようとしてもドラムが回転しないのですが、何が原因として考えられますか？安全装置が作動している可能性はありますか？,0.6834412788919011
異音がします。どうしたらよいですか？,洗濯機に水が供給されないというエラーが表示されたのですが、どのような原因が考えられますか？自分でできる確認事項はありますか？,0.683276063587644
すすぎ回数は変えられる？,洗剤の種類によって設定は変わりますか？,0.6831560685286184
衣類を洗うだけで、乾燥工程は行いたくない場合、どのコースを選択すれば良いですか？,コースが表示されないのですが,0.6831274163965133
洗濯物が絡まります。どうしたらよいですか？,異音がします。どうしたらよいですか？,0.6830718635323005
ふんわりキープとは何ですか？,デリケートな衣類やおしゃれ着を優しく洗うための専用コースはありますか？,0.6830039765218301
再洗はできる？,「洗い」だけ行いたいのですが,0.6827348870433695
ドアが開かないのですが,洗濯物を保護するために、洗濯ネットを使用する必要はありますか？どのような種類の衣類に推奨されますか？,0.6825192004753424
予約の仕方は？,推奨の洗剤・柔軟剤は？,0.6824159903045359
洗いのみは可能？,洗濯の開始時刻を事前に設定しておきたいのですが、予約機能はどのように使えば良いですか？,0.6823930946240822
ふんわりキープとは何ですか？,予約機能の使い方をおしえて？,0.6823568553462895
水漏れの原因は？,洗濯を開始しようとしてもドラムが回転しないのですが、何が原因として考えられますか？安全装置が作動している可能性はありますか？,0.682262234739407
洗濯が終わったのにドアがロックされて開かないのですが、これは故障ですか？どのくらい時間が経てば開くようになりますか？,洗濯機に水が供給されないというエラーが表示されたのですが、どのような原因が考えられますか？自分でできる確認事項はありますか？,0.6822359288599149
洗濯機のドアが最後まで閉まらないのですが、何を確認すれば良いですか？,コースが表示されないのですが,0.6820760123863762
一時停止したらドアは開く？,水漏れしています。どうしたらよいですか？,0.6820272600694318
個別の設定は可能ですか？,洗剤の種類によって設定は変わりますか？,0.6820130974938109
すすぎ回数は変えられる？,洗濯の開始時刻を事前に設定しておきたいのですが、予約機能はどのように使えば良いですか？,0.6819878576241667
白い粉が残るのですが。,水が出ないエラーが出た。,0.6819201345972074
洗濯が終わったのにドアがロックされて開かないのですが、これは故障ですか？どのくらい時間が経てば開くようになりますか？,洗濯機本体に触れると熱いのですが、これは異常ですか？特に乾燥運転中に熱くなることはありますか？,0.6818711080602544
白い粉が残るのですが。,「排水できない」エラーが出ます,0.6818085630663728
乾燥だけで使用出来ますか？,時間がない時に、短時間で洗濯を済ませられるようなコースはありますか？,0.6816716302788521
遠隔で洗濯を開始できますか？,急いで洗濯したい時は？,0.6814363457975954
洗濯が終わったのにドアがロックされて開かないのですが、これは故障ですか？どのくらい時間が経てば開くようになりますか？,一般的な洗濯コースを選んだ場合、洗濯が完了するまでにおよそ何分くらいかかりますか？,0.681406758075191
洗剤や柔軟剤を計る手間を省きたいのですが、自動投入機能はどのように設定して使用するのですか？,洗剤の種類によって設定は変わりますか？,0.6813657412298639
自動投入機能はどう使うの？,靴は洗えますか？,0.681284229956018
本体がぐらつきます。どうしたら良いですか？,排水エラーが出た。,0.6812441554468704
すすぎや脱水はせずに、衣類を「洗い」の工程だけで済ませたいのですが、そのような設定はできますか？,洗濯機が排水できないというエラーメッセージが表示されたのですが、原因は何でしょうか？自分で解決できる方法はありますか？,0.6812160844625842
おしゃれ着コースはありますか？,一般的な洗濯コースを選んだ場合、洗濯が完了するまでにおよそ何分くらいかかりますか？,0.6811603825985675
乾燥のみの運転は可能ですか？,コースが表示されない。,0.681048326691786
洗濯はせず、衣類を乾燥させる機能だけを使いたいのですが、どのように操作すれば良いですか？,すすぎや脱水はせずに、衣類を「洗い」の工程だけで済ませたいのですが、そのような設定はできますか？,0.6808794682222055
洗剤や柔軟剤を計る手間を省きたいのですが、自動投入機能はどのように設定して使用するのですか？,コースが表示されないのですが,0.6808049568938096
脱水時間の変更は可能ですか？,洗濯機本体が不安定で揺れるのですが、どうすれば改善できますか？設置状況を確認する必要がありますか？,0.6807235201589905
洗剤の種類によって設定は変わりますか？,洗濯機本体が不安定で揺れるのですが、どうすれば改善できますか？設置状況を確認する必要がありますか？,0.6806434732560473
自宅の洗濯機で毛布を洗うことはできますか？もし洗える場合、何か特別な条件やコースがありますか？,深夜運転は静か？,0.6806104288077154
手動で洗剤を入れることはできますか？,遠隔で洗濯を開始できますか？,0.6805678141621756
洗いのみは可能？,洗剤の種類で設定変更は必要？,0.6803791475531966
おしゃれ着コースはありますか？,コースが表示されないのですが,0.6803778485836094
予約機能の使い方をおしえて？,推奨の洗剤・柔軟剤は？,0.6803364308257344
デリケートな衣類やおしゃれ着を優しく洗うための専用コースはありますか？,急いで洗濯したい時は？,0.6802670459697819
洗剤や柔軟剤を計る手間を省きたいのですが、自動投入機能はどのように設定して使用するのですか？,洗濯コースの選択肢が画面に表示されないのですが、これはどういう状況ですか？どのように対処すれば良いですか？,0.6802503982263465
洗濯機のドアが最後まで閉まらないのですが、何を確認すれば良いですか？,洗濯の開始時刻を事前に設定しておきたいのですが、予約機能はどのように使えば良いですか？,0.6801963347505997
チャイルドロックはどこで設定する？,洗剤の種類で設定変更は必要？,0.6801619516484407
変な音がするのですが。,水漏れしています。どうしたらよいですか？,0.6801571918149651
一時停止中にドアは開きますか？,水漏れしています。どうしたらよいですか？,0.6800219182406266
洗濯機本体が不安定で揺れるのですが、どうすれば改善できますか？設置状況を確認する必要がありますか？,洗濯の開始時刻を事前に設定しておきたいのですが、予約機能はどのように使えば良いですか？,0.6800115066935059
個別の設定は可能ですか？,洗いのみは可能？,0.6800000616199873
手動で個別に設定する事は可能ですか？,洗濯の開始時刻を事前に設定しておきたいのですが、予約機能はどのように使えば良いですか？,0.6798959061369476
洗濯物の種類によって脱水時間を調整したいのですが、何分まで設定できますか？,洗濯時間は何分ですか？,0.6798178979318183
「洗い」だけ行いたいのですが,すすぎ回数は変えられる？,0.679732474850109
使用する洗剤のブランドや種類を変更した場合、洗濯機側で何か設定を変更する必要はありますか？,おすすめの洗剤・柔軟剤はありますか？,0.6796021647032034
洗濯後に衣類が絡まってしまうことが多いのですが、何か絡まりを防ぐための対処法はありますか？,ドアが完全に閉まりません,0.679600799224616
洗濯物の種類によって脱水時間を調整したいのですが、何分まで設定できますか？,水漏れしています。どうしたらよいですか？,0.6795950068552157
洗濯ネットは必要ですか？,洗濯を開始しようとしてもドラムが回転しないのですが、何が原因として考えられますか？安全装置が作動している可能性はありますか？,0.6795768942367462
洗剤や柔軟剤を計る手間を省きたいのですが、自動投入機能はどのように設定して使用するのですか？,すすぎの設定を変更することは可能ですか？,0.6795476920565791
洗濯の始め方は？,スチーム機能は何に使うの？,0.6795027406941401
洗濯物を保護するために、洗濯ネットを使用する必要はありますか？どのような種類の衣類に推奨されますか？,洗濯機本体が不安定で揺れるのですが、どうすれば改善できますか？設置状況を確認する必要がありますか？,0.6792004541624288
乾燥だけで使用出来ますか？,洗濯の所要時間は？,0.6792001039254112
洗濯機に水が供給されないというエラーが表示されたのですが、どのような原因が考えられますか？自分でできる確認事項はありますか？,水漏れしています。どうしたらよいですか？,0.6790898506500935
ナノイーXの機能は？,洗濯の開始時刻を事前に設定しておきたいのですが、予約機能はどのように使えば良いですか？,0.6789910730644468
ジェット乾燥とは何ですか？,ふんわりキープとは何ですか？,0.678965098408621
乾燥だけで使用出来ますか？,洗濯機本体が不安定で揺れるのですが、どうすれば改善できますか？設置状況を確認する必要がありますか？,0.678956032579112
衣類を洗うだけで、乾燥工程は行いたくない場合、どのコースを選択すれば良いですか？,自動投入機能はどう使うの？,0.6789020762132554
手動で個別に設定する事は可能ですか？,洗剤の種類によって設定は変わりますか？,0.6788811905354168
洗濯のすすぎ回数を自分の希望に合わせて変更したいのですが、何回から何回まで選べますか？,洗濯が終わったのにドアがロックされて開かないのですが、これは故障ですか？どのくらい時間が経てば開くようになりますか？,0.6787527551652751
乾燥のみの運転は可能ですか？,おしゃれ着コースはありますか？,0.6786456133060508
乾燥だけで使用出来ますか？,洗濯ネットは必要ですか？,0.6786421623068009
ふんわりキープとは何ですか？,この洗濯機で一度に洗濯できる衣類の最大量と、乾燥できる衣類の最大量はそれぞれ何キログラムですか？,0.6785921549325833
チャイルドロックの設定をしたい,予約機能の使い方をおしえて？,0.6784760612389908
脱水時間の調整はできる？,洗濯機が排水できないというエラーメッセージが表示されたのですが、原因は何でしょうか？自分で解決できる方法はありますか？,0.678357455993402
靴は洗えますか？,コースが表示されない。,0.6782223366765072
本体がぐらつきます。どうしたら良いですか？,「水が出ない」エラーが出ます,0.678078667927838
おすすめのコースを教えて？,ふんわりキープとは何ですか？,0.6780246672567654
ナノイーXの機能は？,「ふんわりキープ」とはどのような機能ですか？,0.6779203279923542
洗濯を一時停止した際、追加の衣類を入れるためにドアを開けることは可能ですか？その条件は何ですか？,洗濯中に通常とは異なる音がするのですが、どのような原因が考えられますか？自分で確認できることはありますか？,0.6778965974736707
すすぎや脱水はせずに、衣類を「洗い」の工程だけで済ませたいのですが、そのような設定はできますか？,洗濯機本体が不安定で揺れるのですが、どうすれば改善できますか？設置状況を確認する必要がありますか？,0.6778657520013903
洗剤や柔軟剤を計る手間を省きたいのですが、自動投入機能はどのように設定して使用するのですか？,洗濯機本体が不安定で揺れるのですが、どうすれば改善できますか？設置状況を確認する必要がありますか？,0.6777505051461694
洗濯機本体が不安定で揺れるのですが、どうすれば改善できますか？設置状況を確認する必要がありますか？,排水エラーが出た。,0.6773701400750745
ふんわりキープとは何ですか？,ドアが開かないのですが,0.6773663101001333
乾燥のみの運転は可能ですか？,ふんわりキープの目的は？,0.6772905613248863
乾燥だけで使用出来ますか？,洗濯物を保護するために、洗濯ネットを使用する必要はありますか？どのような種類の衣類に推奨されますか？,0.6771310724643688
一時停止したらドアは開く？,洗濯物に白い粉が残っています。　どうしたらよいですか？,0.677072019317207
洗濯を一時停止した際、追加の衣類を入れるためにドアを開けることは可能ですか？その条件は何ですか？,本体の揺れが気になる。,0.6768730090850507
自動投入機能の使い方を教えて？,洗剤の種類によって設定は変わりますか？,0.6767331444850075
ドアが開かない原因は？,一時停止したらドアは開く？,0.6765293933361596
羽毛布団は洗えますか？,洗剤の種類で設定変更は必要？,0.6764757484239514
洗濯だけする方法を教えて？,スチーム機能は何に使うの？,0.6764693061945561
個別の設定は可能ですか？,すすぎの設定を変更することは可能ですか？,0.6764428380772278
脱水時間の変更は可能ですか？,白い粉が残るのですが。,0.6763191114970143
乾燥だけで使用出来ますか？,自動投入機能はどう使うの？,0.6762546967161785
洗濯機本体が不安定で揺れるのですが、どうすれば改善できますか？設置状況を確認する必要がありますか？,ドラムが動きません,0.6762202550110474
特に汚れがひどい洗濯物なので、2回続けて洗いたいのですが、そのような設定は可能ですか？,洗濯の開始時刻を事前に設定しておきたいのですが、予約機能はどのように使えば良いですか？,0.6761554641388393
洗濯ネットは使うべき？,ドラムが動きません,0.6760194638569892
洗濯を一時停止した際、追加の衣類を入れるためにドアを開けることは可能ですか？その条件は何ですか？,水漏れしています。どうしたらよいですか？,0.6759704022361281
個別の設定は可能ですか？,洗濯の開始時刻を事前に設定しておきたいのですが、予約機能はどのように使えば良いですか？,0.6759541781926126
洗濯のすすぎ回数を自分の希望に合わせて変更したいのですが、何回から何回まで選べますか？,一般的な洗濯コースを選んだ場合、洗濯が完了するまでにおよそ何分くらいかかりますか？,0.6757757944000764
すすぎや脱水はせずに、衣類を「洗い」の工程だけで済ませたいのですが、そのような設定はできますか？,「排水できない」エラーが出ます,0.675770654499522
すすぎ回数は変えられる？,予約機能の使い方をおしえて？,0.6757546855537246
洗剤や柔軟剤を計る手間を省きたいのですが、自動投入機能はどのように設定して使用するのですか？,洗剤の種類で設定変更は必要？,0.6756888898964573
すすぎ回数は変えられる？,毛布は洗えますか？,0.675670661669872
乾燥だけで使用出来ますか？,洗濯のすすぎ回数を自分の希望に合わせて変更したいのですが、何回から何回まで選べますか？,0.6756410016476242
洗剤や柔軟剤を計る手間を省きたいのですが、自動投入機能はどのように設定して使用するのですか？,洗濯物を保護するために、洗濯ネットを使用する必要はありますか？どのような種類の衣類に推奨されますか？,0.675612931746183
乾燥だけで使用出来ますか？,深夜運転は静か？,0.675595285682272
すすぎや脱水はせずに、衣類を「洗い」の工程だけで済ませたいのですが、そのような設定はできますか？,洗濯物に白い粉が残っています。　どうしたらよいですか？,0.6754358337526463
「ふんわりキープ」とはどのような機能ですか？,デリケートな衣類やおしゃれ着を優しく洗うための専用コースはありますか？,0.6754160839438639
洗濯のすすぎ回数を自分の希望に合わせて変更したいのですが、何回から何回まで選べますか？,脱水時間の調整はできる？,0.6753668975102133
自動投入機能はどう使うの？,洗濯物を保護するために、洗濯ネットを使用する必要はありますか？どのような種類の衣類に推奨されますか？,0.6752734952060667
ふんわりキープとは何ですか？,洗濯の開始時刻を事前に設定しておきたいのですが、予約機能はどのように使えば良いですか？,0.6751149052215436
洗濯をスタートする方法を教えて？,お急ぎコースはありますか？,0.6751144515928265
乾燥だけで使用出来ますか？,自宅の洗濯機で毛布を洗うことはできますか？もし洗える場合、何か特別な条件やコースがありますか？,0.6750789659938422
急いで洗濯したい時は？,洗濯の所要時間は？,0.6750267663724353
洗濯物に白い粉が残っています。　どうしたらよいですか？,水が出ないエラーが出た。,0.6750233587172227
羽毛布団は洗えますか？,洗濯機に水が供給されないというエラーが表示されたのですが、どのような原因が考えられますか？自分でできる確認事項はありますか？,0.6750232178723414
個別の設定は可能ですか？,洗濯機本体が不安定で揺れるのですが、どうすれば改善できますか？設置状況を確認する必要がありますか？,0.6750195892422011
洗濯物の種類によって脱水時間を調整したいのですが、何分まで設定できますか？,洗濯の所要時間は？,0.6750120174701006
洗濯機本体が不安定で揺れるのですが、どうすれば改善できますか？設置状況を確認する必要がありますか？,水が出ないエラーが出た。,0.6748782496296991
洗濯だけする方法を教えて？,コースが表示されないのですが,0.6748245735290618
デリケートな衣類やおしゃれ着を優しく洗うための専用コースはありますか？,コースが表示されない。,0.674817096961814
乾燥だけで使用出来ますか？,洗濯時間は何分ですか？,0.6748148548389498
毛布の洗濯は可能？,深夜運転は静か？,0.6747651495587654
乾燥だけで使用出来ますか？,洗剤や柔軟剤を計る手間を省きたいのですが、自動投入機能はどのように設定して使用するのですか？,0.6745904895741712
羽毛布団は洗濯できる？,洗濯機に水が供給されないというエラーが表示されたのですが、どのような原因が考えられますか？自分でできる確認事項はありますか？,0.6745452750795582
コースが表示されないのですが,予約機能の使い方をおしえて？,0.6745284176090973
乾燥のみの運転は可能ですか？,洗濯コースの選択肢が画面に表示されないのですが、これはどういう状況ですか？どのように対処すれば良いですか？,0.6745265634253471
洗濯だけする方法を教えて？,深夜運転は静か？,0.6744927797067628
洗濯機に水が供給されないというエラーが表示されたのですが、どのような原因が考えられますか？自分でできる確認事項はありますか？,排水エラーが出た。,0.6744555295252047
異音がします。どうしたらよいですか？,本体の揺れが気になる。,0.6744508551912352
乾燥のみの運転は可能ですか？,自動投入機能はどう使うの？,0.6743680157838998
ふんわりキープとは何ですか？,毛布の洗濯は可能？,0.6743559060303113
すすぎ回数は変えられる？,予約の仕方は？,0.6742136397963341
個別の設定は可能ですか？,洗濯時間は何分ですか？,0.6740195283589279
一時停止中にドアは開きますか？,洗濯物を保護するために、洗濯ネットを使用する必要はありますか？どのような種類の衣類に推奨されますか？,0.6739797087029911
乾燥のみの運転は可能ですか？,水漏れの原因は？,0.673876309037041
洗濯のすすぎ回数を自分の希望に合わせて変更したいのですが、何回から何回まで選べますか？,洗濯機の下から水が漏れているのですが、どのような原因が考えられますか？自分で確認できる対処法はありますか？,0.6737766590489453
一時停止中にドアは開きますか？,白い粉が残るのですが。,0.673767274407644
洗濯機に水が供給されないというエラーが表示されたのですが、どのような原因が考えられますか？自分でできる確認事項はありますか？,洗濯を開始しようとしてもドラムが回転しないのですが、何が原因として考えられますか？安全装置が作動している可能性はありますか？,0.6737457934074638
脱水時間の調整はできる？,水漏れの原因は？,0.673606477170352
乾燥だけで使用出来ますか？,羽毛布団は洗えますか？,0.6735794489761884
洗いのみは可能？,予約機能の使い方をおしえて？,0.6734904105735265
洗濯が終わったのにドアがロックされて開かないのですが、これは故障ですか？どのくらい時間が経てば開くようになりますか？,洗濯後に衣類が絡まってしまうことが多いのですが、何か絡まりを防ぐための対処法はありますか？,0.6734702487846591
自動投入機能の使い方を教えて？,自宅の洗濯機で毛布を洗うことはできますか？もし洗える場合、何か特別な条件やコースがありますか？,0.673439603730877
コースが表示されないのですが,洗濯の開始時刻を事前に設定しておきたいのですが、予約機能はどのように使えば良いですか？,0.6733971847438773
脱水時間の変更は可能ですか？,洗濯機に水が供給されないというエラーが表示されたのですが、どのような原因が考えられますか？自分でできる確認事項はありますか？,0.6733785402756388
乾燥のみの運転は可能ですか？,洗濯機のドアが最後まで閉まらないのですが、何を確認すれば良いですか？,0.6733085497611033
洗濯の開始時刻を事前に設定しておきたいのですが、予約機能はどのように使えば良いですか？,この洗濯機に最適な洗剤や柔軟剤はありますか？メーカーから推奨されている製品があれば教えてください。,0.6732752105456064
洗濯のすすぎ回数を自分の希望に合わせて変更したいのですが、何回から何回まで選べますか？,自宅の洗濯機で毛布を洗うことはできますか？もし洗える場合、何か特別な条件やコースがありますか？,0.6732717229614762
おしゃれ着は洗える？,急いで洗濯したい時は？,0.673265746571917
毛布は洗えますか？,深夜運転は静か？,0.6732104537713275
衣類を洗うだけで、乾燥工程は行いたくない場合、どのコースを選択すれば良いですか？,コースが表示されない。,0.6731472628555513
一時停止中にドアは開きますか？,異音がします。どうしたらよいですか？,0.6729644173779907
ふんわりキープの目的は？,毛布は洗えますか？,0.672890400679363
乾燥のみの運転は可能ですか？,深夜運転は静か？,0.6728890944729196
洗濯を一時停止した際、追加の衣類を入れるためにドアを開けることは可能ですか？その条件は何ですか？,洗濯ネットは必要ですか？,0.672741717414819
衣類を洗うだけで、乾燥工程は行いたくない場合、どのコースを選択すれば良いですか？,「ふんわりキープ」とはどのような機能ですか？,0.6727067219632971
ドアが開かないのですが,洗濯ネットは使うべき？,0.6725374642891824
乾燥だけで使用出来ますか？,お急ぎコースはありますか？,0.6724209795865264
洗濯コースの選択肢が画面に表示されないのですが、これはどういう状況ですか？どのように対処すれば良いですか？,洗濯機の下から水が漏れているのですが、どのような原因が考えられますか？自分で確認できる対処法はありますか？,0.6723687495504173
おすすめのコースを教えて？,洗濯物の種類によって脱水時間を調整したいのですが、何分まで設定できますか？,0.6722584455514921
洗濯はせず、衣類を乾燥させる機能だけを使いたいのですが、どのように操作すれば良いですか？,ふんわりキープとは何ですか？,0.6722062892233007
洗濯機を使い始めるにはどうすればいいですか？　手順を教えて下さい。,衣類のしわを伸ばしたり、気になるにおいを取り除いたりしたいのですが、スチーム機能はどのように使えば良いですか？,0.6721592207174245
洗濯はせず、衣類を乾燥させる機能だけを使いたいのですが、どのように操作すれば良いですか？,洗剤や柔軟剤を計る手間を省きたいのですが、自動投入機能はどのように設定して使用するのですか？,0.672120332066007
ナノイーX機能について詳しく教えてください。どのような効果があり、どのコースで利用できますか？,洗濯の開始時刻を事前に設定しておきたいのですが、予約機能はどのように使えば良いですか？,0.6719607653869341
運転終了時にアラームを鳴らさないようにできますか？,スニーカーは洗える？,0.6719504142347985
羽毛布団を洗濯機で洗いたいのですが、対応していますか？また、洗う際の注意点があれば教えてください。,洗濯機のドアが最後まで閉まらないのですが、何を確認すれば良いですか？,0.6719049064632007
羽毛布団を洗濯機で洗いたいのですが、対応していますか？また、洗う際の注意点があれば教えてください。,おしゃれ着は洗える？,0.6715729745146818
乾燥だけで使用出来ますか？,洗濯を一時停止した際、追加の衣類を入れるためにドアを開けることは可能ですか？その条件は何ですか？,0.6715627218662168
ふんわりキープとは何ですか？,洗濯機本体が不安定で揺れるのですが、どうすれば改善できますか？設置状況を確認する必要がありますか？,0.6715537938013315
子供が誤って操作しないように、チャイルドロックを設定したいのですが、その方法と解除方法を教えてください。,ナノイーX機能について詳しく教えてください。どのような効果があり、どのコースで利用できますか？,0.6715169925784982
自動投入機能の使い方を教えて？,洗濯を開始しようとしてもドラムが回転しないのですが、何が原因として考えられますか？安全装置が作動している可能性はありますか？,0.6714521871322624
洗濯機本体が不安定で揺れるのですが、どうすれば改善できますか？設置状況を確認する必要がありますか？,「排水できない」エラーが出ます,0.6711892826496206
乾燥のみの運転は可能ですか？,外出先から洗濯を開始できますか？,0.6711209156898027
一時停止中にドアは開きますか？,洗濯後、衣類に白い粉状のものが付着しているのですが、何が原因ですか？どのように対処すれば改善されますか？,0.6710799656801023
洗濯だけする方法を教えて？,洗濯のすすぎ回数を自分の希望に合わせて変更したいのですが、何回から何回まで選べますか？,0.6709664287780457
洗濯が終わったのにドアがロックされて開かないのですが、これは故障ですか？どのくらい時間が経てば開くようになりますか？,ドラムが動きません,0.6709584665482075
変な音がするのですが。,「水が出ない」エラーが出ます,0.6708550613875104
洗濯物に白い粉が残っています。　どうしたらよいですか？,本体の揺れが気になる。,0.6708141834690506
衣類のしわを伸ばしたり、気になるにおいを取り除いたりしたいのですが、スチーム機能はどのように使えば良いですか？,ふんわりキープの目的は？,0.6707694828544672
衣類を洗うだけで、乾燥工程は行いたくない場合、どのコースを選択すれば良いですか？,毛布の洗濯は可能？,0.6707317794895856
特に汚れがひどい洗濯物なので、2回続けて洗いたいのですが、そのような設定は可能ですか？,洗剤の種類で設定変更は必要？,0.6707275499790887
「水が出ない」エラーが出ます,洗濯機が排水できないというエラーメッセージが表示されたのですが、原因は何でしょうか？自分で解決できる方法はありますか？,0.670686449713134
本体の揺れが気になる。,洗濯機の下から水が漏れているのですが、どのような原因が考えられますか？自分で確認できる対処法はありますか？,0.6706661333575872
コースが表示されない。,予約機能の使い方をおしえて？,0.6706593442633724
一時停止中にドアは開きますか？,洗濯ネットは必要ですか？,0.6706388941316153
羽毛布団は洗濯できる？,おしゃれ着は洗える？,0.6706023218539923
ふんわりキープとは何ですか？,洗濯を開始しようとしてもドラムが回転しないのですが、何が原因として考えられますか？安全装置が作動している可能性はありますか？,0.670574228365874
「水が出ない」エラーが出ます,洗濯機の下から水が漏れているのですが、どのような原因が考えられますか？自分で確認できる対処法はありますか？,0.6705008202067333
乾燥だけで使用出来ますか？,ナノイーXとは何ですか？,0.670393873543734
チャイルドロックの設定をしたい,洗濯の開始時刻を事前に設定しておきたいのですが、予約機能はどのように使えば良いですか？,0.6703156307488181
羽毛布団は洗濯できる？,この洗濯機で靴を洗うことはできますか？もしできない場合、何か代わりの方法はありますか？,0.6701981728608104
乾燥だけで使用出来ますか？,すすぎ回数は変えられる？,0.6701474590881984
洗濯物の種類によって脱水時間を調整したいのですが、何分まで設定できますか？,洗濯後、衣類に白い粉状のものが付着しているのですが、何が原因ですか？どのように対処すれば改善されますか？,0.6701211409838455
洗濯物に白い粉が残っています。　どうしたらよいですか？,洗濯機の下から水が漏れているのですが、どのような原因が考えられますか？自分で確認できる対処法はありますか？,0.6700907180968136
洗濯だけする方法を教えて？,深夜に運転しても大丈夫？,0.6700445735181861
一時停止中にドアは開きますか？,洗濯を開始しようとしてもドラムが回転しないのですが、何が原因として考えられますか？安全装置が作動している可能性はありますか？,0.6699462293234955
自宅の洗濯機で毛布を洗うことはできますか？もし洗える場合、何か特別な条件やコースがありますか？,この洗濯機に最適な洗剤や柔軟剤はありますか？メーカーから推奨されている製品があれば教えてください。,0.6698182261628449
遠隔で洗濯を開始できますか？,お急ぎコースはありますか？,0.6698063404157234
乾燥のみの運転は可能ですか？,羽毛布団を洗濯機で洗いたいのですが、対応していますか？また、洗う際の注意点があれば教えてください。,0.6698008283821812
異音がします。どうしたらよいですか？,排水エラーが出た。,0.6696995624896873
チャイルドロックの設定をしたい,洗いのみは可能？,0.6696449422217916
洗濯はせず、衣類を乾燥させる機能だけを使いたいのですが、どのように操作すれば良いですか？,特に汚れがひどい洗濯物なので、2回続けて洗いたいのですが、そのような設定は可能ですか？,0.6696200244663872
ドアが開かない原因は？,洗濯後、衣類に白い粉状のものが付着しているのですが、何が原因ですか？どのように対処すれば改善されますか？,0.6696064272190385
脱水時間の調整はできる？,「排水できない」エラーが出ます,0.6696015633382384
自動投入機能はどう使うの？,この洗濯機で靴を洗うことはできますか？もしできない場合、何か代わりの方法はありますか？,0.6695679855453417
自動投入機能の使い方を教えて？,毛布の洗濯は可能？,0.6694800030250663
白い粉が残るのですが。,本体の揺れが気になる。,0.6694314735574337
コースが表示されない。,洗濯を開始しようとしてもドラムが回転しないのですが、何が原因として考えられますか？安全装置が作動している可能性はありますか？,0.669342904583445
白い粉が残るのですが。,「水が出ない」エラーが出ます,0.6692032025227743
自動投入機能はどう使うの？,洗濯ネットは使うべき？,0.6691697753997565
洗濯ネットは使うべき？,ドラムが回らない。,0.6690656707828213
洗濯コースの選択肢が画面に表示されないのですが、これはどういう状況ですか？どのように対処すれば良いですか？,一般的な洗濯コースを選んだ場合、洗濯が完了するまでにおよそ何分くらいかかりますか？,0.6690284614079751
乾燥だけで使用出来ますか？,コースが表示されないのですが,0.6689256262098753
ジェット乾燥って何？,予約機能の使い方をおしえて？,0.6689133065753023
脱水時間の変更は可能ですか？,水漏れしています。どうしたらよいですか？,0.6687806094824704
チャイルドロックはどこで設定する？,洗剤の種類によって設定は変わりますか？,0.6687676075703921
乾燥のみの運転は可能ですか？,チャイルドロックの設定をしたい,0.6685975597190548
デリケートな衣類やおしゃれ着を優しく洗うための専用コースはありますか？,推奨の洗剤・柔軟剤は？,0.6685952517038974
乾燥だけで使用出来ますか？,洗濯機のドアが最後まで閉まらないのですが、何を確認すれば良いですか？,0.6685422759571517
おしゃれ着は洗える？,洗剤の種類で設定変更は必要？,0.6685125168088728
衣類を洗うだけで、乾燥工程は行いたくない場合、どのコースを選択すれば良いですか？,デリケートな衣類やおしゃれ着を優しく洗うための専用コースはありますか？,0.668458918432604
洗濯機を使い始めるにはどうすればいいですか？　手順を教えて下さい。,靴は洗えますか？,0.6682893839503043
羽毛布団は洗えますか？,洗濯コースの選択肢が画面に表示されないのですが、これはどういう状況ですか？どのように対処すれば良いですか？,0.668134352614534
ジェット乾燥って何？,ドラムが動きません,0.6678823299639713
手動で個別に設定する事は可能ですか？,洗濯機本体が不安定で揺れるのですが、どうすれば改善できますか？設置状況を確認する必要がありますか？,0.667846554246415
洗剤の種類で設定変更は必要？,洗濯コースの選択肢が画面に表示されないのですが、これはどういう状況ですか？どのように対処すれば良いですか？,0.6678333813625944
洗濯はせず、衣類を乾燥させる機能だけを使いたいのですが、どのように操作すれば良いですか？,洗剤の種類で設定変更は必要？,0.667784098505755
自宅の洗濯機で毛布を洗うことはできますか？もし洗える場合、何か特別な条件やコースがありますか？,靴は洗えますか？,0.6677596223212101
洗濯機に水が供給されないというエラーが表示されたのですが、どのような原因が考えられますか？自分でできる確認事項はありますか？,「排水できない」エラーが出ます,0.667612989024383
コースが表示されない。,水漏れの原因は？,0.6675937502136806
ふんわりキープとは何ですか？,ドラムが動きません,0.6674840809137994
洗濯のすすぎ回数を自分の希望に合わせて変更したいのですが、何回から何回まで選べますか？,羽毛布団は洗えますか？,0.6673952417843012
すすぎ回数は変えられる？,使用する洗剤のブランドや種類を変更した場合、洗濯機側で何か設定を変更する必要はありますか？,0.667321481141345
洗濯だけする方法を教えて？,羽毛布団は洗濯できる？,0.6672767017954229
個別の設定は可能ですか？,乾燥だけで使用出来ますか？,0.6672359764825498
羽毛布団を洗濯機で洗いたいのですが、対応していますか？また、洗う際の注意点があれば教えてください。,洗剤の種類で設定変更は必要？,0.6668523925789017
洗濯を一時停止した際、追加の衣類を入れるためにドアを開けることは可能ですか？その条件は何ですか？,洗濯機のドアが最後まで閉まらないのですが、何を確認すれば良いですか？,0.6667530333711797
ふんわりキープとは何ですか？,お急ぎコースはありますか？,0.6665772114259723
手動で洗剤を入れることはできますか？,おしゃれ着は洗える？,0.6665477648052025
一時停止したらドアは開く？,異音がします。どうしたらよいですか？,0.6665197226945834
一時停止したらドアは開く？,洗濯を開始しようとしてもドラムが回転しないのですが、何が原因として考えられますか？安全装置が作動している可能性はありますか？,0.6665096828672434
「水が出ない」エラーが出ます,水漏れの原因は？,0.6665060158146492
乾燥なしで洗濯するには？,ナノイーX機能について詳しく教えてください。どのような効果があり、どのコースで利用できますか？,0.666262185392325
白い粉が残るのですが。,本体がぐらつきます。どうしたら良いですか？,0.6662085771951132
すすぎの設定を変更することは可能ですか？,予約の仕方は？,0.6661006065844821
自動投入機能はどう使うの？,洗濯を一時停止した際、追加の衣類を入れるためにドアを開けることは可能ですか？その条件は何ですか？,0.6660899088597474
乾燥のみの運転は可能ですか？,靴は洗えますか？,0.6659786795829135
個別の設定は可能ですか？,洗濯の所要時間は？,0.665948160041977
乾燥だけで使用出来ますか？,羽毛布団は洗濯できる？,0.6659451764610995
乾燥だけで使用出来ますか？,洗濯ネットは使うべき？,0.6659442958540979
最適なコースは？,靴は洗えますか？,0.6659220411915204
洗濯をスタートする方法を教えて？,ふんわりキープとは何ですか？,0.665860699315769
洗濯が終わったのにドアがロックされて開かないのですが、これは故障ですか？どのくらい時間が経てば開くようになりますか？,洗濯後、衣類に白い粉状のものが付着しているのですが、何が原因ですか？どのように対処すれば改善されますか？,0.6657823224978003
変な音がするのですが。,洗濯機が排水できないというエラーメッセージが表示されたのですが、原因は何でしょうか？自分で解決できる方法はありますか？,0.6657760540932063
乾燥だけで使用出来ますか？,夜遅い時間帯に洗濯機を運転しても、近隣に迷惑がかからないように静かに運転できるモードはありますか？,0.6656579866333788
一時停止したらドアは開く？,洗濯機のドアが最後まで閉まらないのですが、何を確認すれば良いですか？,0.6655730738721204
ドアが開かないのですが,ドアが完全に閉まりません,0.6655665603025475
羽毛布団は洗えますか？,洗剤の種類によって設定は変わりますか？,0.6654065740895272
この洗濯機で靴を洗うことはできますか？もしできない場合、何か代わりの方法はありますか？,コースが表示されないのですが,0.6653759409145384
チャイルドロックの設定をしたい,「洗い」だけ行いたいのですが,0.6651075118731551
洗剤や柔軟剤を計る手間を省きたいのですが、自動投入機能はどのように設定して使用するのですか？,洗濯物の種類によって脱水時間を調整したいのですが、何分まで設定できますか？,0.6651039078728351
洗剤や柔軟剤を計る手間を省きたいのですが、自動投入機能はどのように設定して使用するのですか？,遠隔で洗濯を開始できますか？,0.6650718010504226
洗濯機を使い始めるにはどうすればいいですか？　手順を教えて下さい。,洗濯を一時停止した際、追加の衣類を入れるためにドアを開けることは可能ですか？その条件は何ですか？,0.6650253876130079
洗濯物に白い粉が残っています。　どうしたらよいですか？,「水が出ない」エラーが出ます,0.6649644512820356
一時停止中にドアは開きますか？,ドラムが動きません,0.664949663613037
ふんわりキープとは何ですか？,コースが表示されないのですが,0.6648956919644675
洗濯機が排水できないというエラーメッセージが表示されたのですが、原因は何でしょうか？自分で解決できる方法はありますか？,コースが表示されないのですが,0.6648877782071886
洗濯だけする方法を教えて？,すすぎの設定を変更することは可能ですか？,0.6647873005388575
外出先から洗濯を開始できますか？,自宅の洗濯機で毛布を洗うことはできますか？もし洗える場合、何か特別な条件やコースがありますか？,0.6647683721634738
最適なコースは？,洗濯物の種類によって脱水時間を調整したいのですが、何分まで設定できますか？,0.6646931960849896
ジェット乾燥機能は、どのような仕組みで乾燥をするのですか？,予約の仕方は？,0.6646666300498172
洗剤や柔軟剤を計る手間を省きたいのですが、自動投入機能はどのように設定して使用するのですか？,自宅にいない時でも、スマートフォンなどを使って洗濯機を遠隔で操作し、洗濯を開始することはできますか？,0.6646330687088766
自宅の洗濯機で毛布を洗うことはできますか？もし洗える場合、何か特別な条件やコースがありますか？,洗濯中に通常とは異なる音がするのですが、どのような原因が考えられますか？自分で確認できることはありますか？,0.664615797566855
洗濯物に白い粉が残っています。　どうしたらよいですか？,排水エラーが出た。,0.6645795981323221
おしゃれ着コースはありますか？,洗濯の所要時間は？,0.6644947955420242
自宅にいない時でも、スマートフォンなどを使って洗濯機を遠隔で操作し、洗濯を開始することはできますか？,自宅の洗濯機で毛布を洗うことはできますか？もし洗える場合、何か特別な条件やコースがありますか？,0.6644741834045261
洗濯物の種類や汚れ具合に関わらず、最もおすすめの洗濯コースは何ですか？そのコースではどのような設定が自動で行われますか？,洗濯終了時のお知らせ音を鳴らさないようにしたいのですが、その設定はどこで変更できますか？,0.6644739626324773
コースが表示されない。,一般的な洗濯コースを選んだ場合、洗濯が完了するまでにおよそ何分くらいかかりますか？,0.6644407065686051
洗濯はせず、衣類を乾燥させる機能だけを使いたいのですが、どのように操作すれば良いですか？,予約の仕方は？,0.6644342933699159
ふんわりキープとは何ですか？,洗剤の種類によって設定は変わりますか？,0.6644305445613512
遠隔で洗濯を開始できますか？,予約機能の使い方をおしえて？,0.6641991763801381
洗剤を手動で投入できますか？,遠隔で洗濯を開始できますか？,0.664184559249327
コースが表示されない。,予約の仕方は？,0.6641234765684769
脱水時間の変更は可能ですか？,洗濯後、衣類に白い粉状のものが付着しているのですが、何が原因ですか？どのように対処すれば改善されますか？,0.664086267521443
靴は洗えますか？,洗濯機のドアが最後まで閉まらないのですが、何を確認すれば良いですか？,0.6640516430131613
コースが表示されないのですが,この洗濯機に最適な洗剤や柔軟剤はありますか？メーカーから推奨されている製品があれば教えてください。,0.6640416033555144
外出先から洗濯を開始できますか？,この洗濯機に最適な洗剤や柔軟剤はありますか？メーカーから推奨されている製品があれば教えてください。,0.6639702900171642
ジェット乾燥機能は、どのような仕組みで乾燥をするのですか？,予約機能の使い方をおしえて？,0.6639185730536562
衣類を洗うだけで、乾燥工程は行いたくない場合、どのコースを選択すれば良いですか？,洗濯機のドアが最後まで閉まらないのですが、何を確認すれば良いですか？,0.6638881232895604
靴は洗えますか？,洗濯を開始しようとしてもドラムが回転しないのですが、何が原因として考えられますか？安全装置が作動している可能性はありますか？,0.6637955473112023
変な音がするのですが。,洗濯機のドアが最後まで閉まらないのですが、何を確認すれば良いですか？,0.6637036691014147
「洗い」だけ行いたいのですが,すすぎの設定を変更することは可能ですか？,0.663638781286884
自動投入機能を使わずに、自分で洗剤を投入したいのですが、設定を教えてください？,設定を工場出荷時に戻せる？,0.6636351411753292
洗濯後、衣類に白い粉状のものが付着しているのですが、何が原因ですか？どのように対処すれば改善されますか？,洗濯機のドアが最後まで閉まらないのですが、何を確認すれば良いですか？,0.6635801985570849
ナノイーX機能について詳しく教えてください。どのような効果があり、どのコースで利用できますか？,予約の仕方は？,0.6635486914251154
異音がします。どうしたらよいですか？,洗濯機のドアが最後まで閉まらないのですが、何を確認すれば良いですか？,0.6634572228088332
衣類を洗うだけで、乾燥工程は行いたくない場合、どのコースを選択すれば良いですか？,チャイルドロックはどこで設定する？,0.6634360789283622
外出先から洗濯を開始できますか？,予約機能の使い方をおしえて？,0.6633979890965402
外出先から洗濯を開始できますか？,コースが表示されない。,0.6633400801252598
羽毛布団を洗濯機で洗いたいのですが、対応していますか？また、洗う際の注意点があれば教えてください。,この洗濯機で靴を洗うことはできますか？もしできない場合、何か代わりの方法はありますか？,0.6633272514694011
使用する洗剤のブランドや種類を変更した場合、洗濯機側で何か設定を変更する必要はありますか？,予約の仕方は？,0.6632936269811838
洗濯はせず、衣類を乾燥させる機能だけを使いたいのですが、どのように操作すれば良いですか？,予約機能の使い方をおしえて？,0.6632723064949397
再洗はできる？,深夜運転は静か？,0.663149233902788
洗濯はせず、衣類を乾燥させる機能だけを使いたいのですが、どのように操作すれば良いですか？,乾燥なしで洗濯するには？,0.6630289803343511
おしゃれ着コースはありますか？,洗濯時間は何分ですか？,0.6629428635854069
洗濯機本体が不安定で揺れるのですが、どうすれば改善できますか？設置状況を確認する必要がありますか？,ドラムが回らない。,0.6628525401119849
夜遅い時間帯に洗濯機を運転しても、近隣に迷惑がかからないように静かに運転できるモードはありますか？,急いで洗濯したい時は？,0.6627950653763995
遠隔で洗濯を開始できますか？,この洗濯機で靴を洗うことはできますか？もしできない場合、何か代わりの方法はありますか？,0.6627067328936859
ジェット乾燥とは何ですか？,予約の仕方は？,0.66255006423708
手動で個別に設定する事は可能ですか？,洗いのみは可能？,0.6625225402363347
「ふんわりキープ」とはどのような機能ですか？,おしゃれ着コースはありますか？,0.6624821723798537
洗濯物の種類や汚れ具合に関わらず、最もおすすめの洗濯コースは何ですか？そのコースではどのような設定が自動で行われますか？,洗濯のすすぎ回数を自分の希望に合わせて変更したいのですが、何回から何回まで選べますか？,0.6624509791156052
脱水時間の変更は可能ですか？,本体の揺れが気になる。,0.6623955408800708
「ふんわりキープ」とはどのような機能ですか？,洗剤の種類によって設定は変わりますか？,0.6623694701753111
洗濯機が排水できないというエラーメッセージが表示されたのですが、原因は何でしょうか？自分で解決できる方法はありますか？,コースが表示されない。,0.6623502692213513
おすすめのコースを教えて？,脱水時間の調整はできる？,0.6622961754726534
すすぎや脱水はせずに、衣類を「洗い」の工程だけで済ませたいのですが、そのような設定はできますか？,洗濯機に水が供給されないというエラーが表示されたのですが、どのような原因が考えられますか？自分でできる確認事項はありますか？,0.6620588171693158
自宅にいない時でも、スマートフォンなどを使って洗濯機を遠隔で操作し、洗濯を開始することはできますか？,お急ぎコースはありますか？,0.6618973506686918
変な音がするのですが。,水が出ないエラーが出た。,0.6618929239770274
自動投入機能はどう使うの？,洗濯ネットは必要ですか？,0.6618812405173891
ジェット乾燥って何？,ドラムが回らない。,0.6618423533281078
一時停止したらドアは開く？,洗濯ネットは必要ですか？,0.6618104274391317
コースが表示されないのですが,水漏れの原因は？,0.6618083662357799
ふんわりキープとは何ですか？,運転終了時にアラームを鳴らさないようにできますか？,0.6617690687899302
最適なコースは？,洗いのみは可能？,0.6617340326961834
外出先から洗濯を開始できますか？,予約の仕方は？,0.6616020195527113
チャイルドロックはどこで設定する？,予約の仕方は？,0.6615822199299117
洗濯機のドアが最後まで閉まらないのですが、何を確認すれば良いですか？,一般的な洗濯コースを選んだ場合、洗濯が完了するまでにおよそ何分くらいかかりますか？,0.6614487550290082
洗濯だけする方法を教えて？,ジェット乾燥機能は、どのような仕組みで乾燥をするのですか？,0.6613458058723851
ジェット乾燥機能は、どのような仕組みで乾燥をするのですか？,ドラムが回らない。,0.6613450938142891
洗濯物の種類や汚れ具合に関わらず、最もおすすめの洗濯コースは何ですか？そのコースではどのような設定が自動で行われますか？,洗濯物の種類によって脱水時間を調整したいのですが、何分まで設定できますか？,0.6612810551471994
ナノイーXとは何ですか？,ふんわりキープとは何ですか？,0.661253474530004
自動投入機能の使い方を教えて？,毛布は洗えますか？,0.6610902433993958
乾燥だけで使用出来ますか？,すすぎの設定を変更することは可能ですか？,0.6610802886047186
衣類を洗うだけで、乾燥工程は行いたくない場合、どのコースを選択すれば良いですか？,再洗はできる？,0.6610434307065003
特に汚れがひどい洗濯物なので、2回続けて洗いたいのですが、そのような設定は可能ですか？,すすぎや脱水はせずに、衣類を「洗い」の工程だけで済ませたいのですが、そのような設定はできますか？,0.6610202347874403
遠隔で洗濯を開始できますか？,自宅の洗濯機で毛布を洗うことはできますか？もし洗える場合、何か特別な条件やコースがありますか？,0.6609795377707282
最適なコースは？,脱水時間の調整はできる？,0.6608920435786827
一時停止中にドアは開きますか？,洗濯機のドアが最後まで閉まらないのですが、何を確認すれば良いですか？,0.660885204288501
コースが表示されないのですが,ドラムが回らない。,0.6608541365931117
洗剤や柔軟剤を計る手間を省きたいのですが、自動投入機能はどのように設定して使用するのですか？,すすぎ回数は変えられる？,0.6607760029261919
手動で個別に設定する事は可能ですか？,洗濯時間は何分ですか？,0.6606708790247302
遠隔で洗濯を開始できますか？,コースが表示されない。,0.6606492313205755
手動で洗剤を入れることはできますか？,設定を工場出荷時に戻せる？,0.6606432178600239
洗濯のすすぎ回数を自分の希望に合わせて変更したいのですが、何回から何回まで選べますか？,予約の仕方は？,0.6605966713188665
洗濯後、衣類に白い粉状のものが付着しているのですが、何が原因ですか？どのように対処すれば改善されますか？,本体の揺れが気になる。,0.6605740904265165
おしゃれ着コースはありますか？,コースが表示されない。,0.6605570255659805
ふんわりキープとは何ですか？,すすぎ回数は変えられる？,0.6603959375877515
洗濯のすすぎ回数を自分の希望に合わせて変更したいのですが、何回から何回まで選べますか？,羽毛布団は洗濯できる？,0.6603514928254968
洗濯中に通常とは異なる音がするのですが、どのような原因が考えられますか？自分で確認できることはありますか？,白い粉が残るのですが。,0.6602839294499521
衣類を洗うだけで、乾燥工程は行いたくない場合、どのコースを選択すれば良いですか？,この洗濯機で靴を洗うことはできますか？もしできない場合、何か代わりの方法はありますか？,0.6601378645451366
洗濯物の種類や汚れ具合に関わらず、最もおすすめの洗濯コースは何ですか？そのコースではどのような設定が自動で行われますか？,洗濯機本体が不安定で揺れるのですが、どうすれば改善できますか？設置状況を確認する必要がありますか？,0.6600966001352013
洗濯コースの選択肢が画面に表示されないのですが、これはどういう状況ですか？どのように対処すれば良いですか？,水漏れしています。どうしたらよいですか？,0.6600828452318406
自宅の洗濯機で毛布を洗うことはできますか？もし洗える場合、何か特別な条件やコースがありますか？,洗濯機本体が不安定で揺れるのですが、どうすれば改善できますか？設置状況を確認する必要がありますか？,0.660054026936193
使用する洗剤のブランドや種類を変更した場合、洗濯機側で何か設定を変更する必要はありますか？,洗濯コースの選択肢が画面に表示されないのですが、これはどういう状況ですか？どのように対処すれば良いですか？,0.6600400671829076
「洗い」だけ行いたいのですが,洗濯物の種類によって脱水時間を調整したいのですが、何分まで設定できますか？,0.6600118316541053
ふんわりキープとは何ですか？,自宅の洗濯機で毛布を洗うことはできますか？もし洗える場合、何か特別な条件やコースがありますか？,0.6599913881261014
すすぎ回数は変えられる？,おしゃれ着は洗える？,0.6599890387865672
チャイルドロックはどこで設定する？,コースが表示されないのですが,0.6599632061813714
乾燥なしで洗濯するには？,この洗濯機で靴を洗うことはできますか？もしできない場合、何か代わりの方法はありますか？,0.659924170471367
衣類を洗うだけで、乾燥工程は行いたくない場合、どのコースを選択すれば良いですか？,子供が誤って操作しないように、チャイルドロックを設定したいのですが、その方法と解除方法を教えてください。,0.6598683785679247
本体がぐらつきます。どうしたら良いですか？,「排水できない」エラーが出ます,0.6598525038792151
洗濯物の種類や汚れ具合に関わらず、最もおすすめの洗濯コースは何ですか？そのコースではどのような設定が自動で行われますか？,洗濯はせず、衣類を乾燥させる機能だけを使いたいのですが、どのように操作すれば良いですか？,0.6597217091229008
洗濯物が絡まります。どうしたらよいですか？,一般的な洗濯コースを選んだ場合、洗濯が完了するまでにおよそ何分くらいかかりますか？,0.6595512091112411
一時停止したらドアは開く？,洗濯物を保護するために、洗濯ネットを使用する必要はありますか？どのような種類の衣類に推奨されますか？,0.6595462884433169
羽毛布団は洗濯できる？,洗濯機が排水できないというエラーメッセージが表示されたのですが、原因は何でしょうか？自分で解決できる方法はありますか？,0.6594213864193766
ジェット乾燥機能は、どのような仕組みで乾燥をするのですか？,ドラムが動きません,0.6593661126649544
乾燥のみの運転は可能ですか？,ナノイーX機能について詳しく教えてください。どのような効果があり、どのコースで利用できますか？,0.6593495926778854
衣類を洗うだけで、乾燥工程は行いたくない場合、どのコースを選択すれば良いですか？,洗濯物を保護するために、洗濯ネットを使用する必要はありますか？どのような種類の衣類に推奨されますか？,0.6593345243944038
急いで洗濯したい時は？,洗濯時間は何分ですか？,0.6592767630814464
深夜に運転しても大丈夫？,急いで洗濯したい時は？,0.6591858272636378
手動で個別に設定する事は可能ですか？,すすぎの設定を変更することは可能ですか？,0.6591212736176287
靴は洗えますか？,洗濯機本体が不安定で揺れるのですが、どうすれば改善できますか？設置状況を確認する必要がありますか？,0.658997632155945
衣類を洗うだけで、乾燥工程は行いたくない場合、どのコースを選択すれば良いですか？,おしゃれ着は洗える？,0.6589882233962681
すすぎや脱水はせずに、衣類を「洗い」の工程だけで済ませたいのですが、そのような設定はできますか？,洗濯後、衣類に白い粉状のものが付着しているのですが、何が原因ですか？どのように対処すれば改善されますか？,0.658981017208915
自宅にいない時でも、スマートフォンなどを使って洗濯機を遠隔で操作し、洗濯を開始することはできますか？,スニーカーは洗える？,0.6588755884011207
ドアが開かないのですが,洗濯機の下から水が漏れているのですが、どのような原因が考えられますか？自分で確認できる対処法はありますか？,0.6588423778461074
衣類を洗うだけで、乾燥工程は行いたくない場合、どのコースを選択すれば良いですか？,羽毛布団を洗濯機で洗いたいのですが、対応していますか？また、洗う際の注意点があれば教えてください。,0.6588238355176392
一時停止中にドアは開きますか？,洗濯機に水が供給されないというエラーが表示されたのですが、どのような原因が考えられますか？自分でできる確認事項はありますか？,0.6587705187061381
自動投入機能はどう使うの？,自宅の洗濯機で毛布を洗うことはできますか？もし洗える場合、何か特別な条件やコースがありますか？,0.6586902903835373
洗濯ネットは使うべき？,デリケートな衣類やおしゃれ着を優しく洗うための専用コースはありますか？,0.6586896859285523
自宅にいない時でも、スマートフォンなどを使って洗濯機を遠隔で操作し、洗濯を開始することはできますか？,コースが表示されない。,0.6586665050178805
自動投入機能の使い方を教えて？,おしゃれ着は洗える？,0.6586387733224431
一時停止中にドアは開きますか？,洗濯中に通常とは異なる音がするのですが、どのような原因が考えられますか？自分で確認できることはありますか？,0.6586301083364909
最適なコースは？,個別の設定は可能ですか？,0.6586195751550958
チャイルドロックはどこで設定する？,コースが表示されない。,0.6585070282492073
洗濯後、衣類に白い粉状のものが付着しているのですが、何が原因ですか？どのように対処すれば改善されますか？,水漏れしています。どうしたらよいですか？,0.6584699338147868
「ふんわりキープ」とはどのような機能ですか？,洗剤の種類で設定変更は必要？,0.6584639511803688
脱水時間の変更は可能ですか？,「排水できない」エラーが出ます,0.6581740777409733
ふんわりキープの目的は？,ドラムが動きません,0.6581574688791794
乾燥のみの運転は可能ですか？,自動投入機能の使い方を教えて？,0.658143060874296
自動投入機能はどう使うの？,洗濯を開始しようとしてもドラムが回転しないのですが、何が原因として考えられますか？安全装置が作動している可能性はありますか？,0.6581308935345223
乾燥だけで使用出来ますか？,自動投入機能の使い方を教えて？,0.6581193267888799
乾燥だけで使用出来ますか？,ふんわりキープの目的は？,0.6580728869703902
洗濯を一時停止した際、追加の衣類を入れるためにドアを開けることは可能ですか？その条件は何ですか？,洗濯機に水が供給されないというエラーが表示されたのですが、どのような原因が考えられますか？自分でできる確認事項はありますか？,0.658020795023354
「ふんわりキープ」とはどのような機能ですか？,自宅の洗濯機で毛布を洗うことはできますか？もし洗える場合、何か特別な条件やコースがありますか？,0.6579868197790861
自宅にいない時でも、スマートフォンなどを使って洗濯機を遠隔で操作し、洗濯を開始することはできますか？,予約機能の使い方をおしえて？,0.6578973223512612
洗濯のすすぎ回数を自分の希望に合わせて変更したいのですが、何回から何回まで選べますか？,洗濯機のドアが最後まで閉まらないのですが、何を確認すれば良いですか？,0.6578887749082056
一時停止したらドアは開く？,洗濯後、衣類に白い粉状のものが付着しているのですが、何が原因ですか？どのように対処すれば改善されますか？,0.6578450396487477
衣類を洗うだけで、乾燥工程は行いたくない場合、どのコースを選択すれば良いですか？,2度洗いは出来ますか？,0.6577705643903949
ジェット乾燥機能は、どのような仕組みで乾燥をするのですか？,ふんわりキープとは何ですか？,0.6577169284969686
乾燥なしで洗濯するには？,ふんわりキープとは何ですか？,0.6576920234019519
洗濯はせず、衣類を乾燥させる機能だけを使いたいのですが、どのように操作すれば良いですか？,洗濯物を保護するために、洗濯ネットを使用する必要はありますか？どのような種類の衣類に推奨されますか？,0.6576755975551736
コースが表示されないのですが,ドラムが動きません,0.6576646407481856
お急ぎコースはありますか？,コースが表示されないのですが,0.6574625935475518
乾燥のみの運転は可能ですか？,「洗い」だけ行いたいのですが,0.6574225976676691
脱水時間の変更は可能ですか？,洗濯物に白い粉が残っています。　どうしたらよいですか？,0.6574141608793618
洗濯機のドアが最後まで閉まらないのですが、何を確認すれば良いですか？,洗濯機本体が不安定で揺れるのですが、どうすれば改善できますか？設置状況を確認する必要がありますか？,0.6573721101987376
ドアが開かない原因は？,洗濯機本体が不安定で揺れるのですが、どうすれば改善できますか？設置状況を確認する必要がありますか？,0.6572714258412962
この洗濯機で靴を洗うことはできますか？もしできない場合、何か代わりの方法はありますか？,洗濯機本体に触れると熱いのですが、これは異常ですか？特に乾燥運転中に熱くなることはありますか？,0.6572175464173229
スニーカーは洗える？,ドラムが動きません,0.657192378715123
洗濯機のドアが最後まで閉まらないのですが、何を確認すれば良いですか？,推奨の洗剤・柔軟剤は？,0.6571869102621598
深夜運転は静か？,予約機能の使い方をおしえて？,0.6571491792946504
深夜に運転しても大丈夫？,デリケートな衣類やおしゃれ着を優しく洗うための専用コースはありますか？,0.6571178542723828
洗濯はせず、衣類を乾燥させる機能だけを使いたいのですが、どのように操作すれば良いですか？,洗濯が終わったのにドアがロックされて開かないのですが、これは故障ですか？どのくらい時間が経てば開くようになりますか？,0.6570417313270125
洗剤や柔軟剤を計る手間を省きたいのですが、自動投入機能はどのように設定して使用するのですか？,洗濯を開始しようとしてもドラムが回転しないのですが、何が原因として考えられますか？安全装置が作動している可能性はありますか？,0.6569806021654971
ジェット乾燥って何？,予約の仕方は？,0.6569554415560798
洗濯機本体に触れると熱いのですが、これは異常ですか？特に乾燥運転中に熱くなることはありますか？,この洗濯機に最適な洗剤や柔軟剤はありますか？メーカーから推奨されている製品があれば教えてください。,0.6569500089761602
外出先から洗濯を開始できますか？,洗濯機本体が不安定で揺れるのですが、どうすれば改善できますか？設置状況を確認する必要がありますか？,0.6569467201827184
本体がぐらつきます。どうしたら良いですか？,洗濯機が排水できないというエラーメッセージが表示されたのですが、原因は何でしょうか？自分で解決できる方法はありますか？,0.6569182098007501
洗濯物の種類や汚れ具合に関わらず、最もおすすめの洗濯コースは何ですか？そのコースではどのような設定が自動で行われますか？,すすぎの設定を変更することは可能ですか？,0.6568951184264007
靴は洗えますか？,本体がぐらつきます。どうしたら良いですか？,0.6568725736497811
すすぎや脱水はせずに、衣類を「洗い」の工程だけで済ませたいのですが、そのような設定はできますか？,水漏れしています。どうしたらよいですか？,0.6567475785299153
ドアが閉まらない時は？,水漏れの原因は？,0.6565708261517176
外出先から洗濯を開始できますか？,デリケートな衣類やおしゃれ着を優しく洗うための専用コースはありますか？,0.656520246132148
乾燥なしで洗濯するには？,自宅の洗濯機で毛布を洗うことはできますか？もし洗える場合、何か特別な条件やコースがありますか？,0.6564543476819571
この洗濯機で靴を洗うことはできますか？もしできない場合、何か代わりの方法はありますか？,この洗濯機で一度に洗濯できる衣類の最大量と、乾燥できる衣類の最大量はそれぞれ何キログラムですか？,0.6564299612544675
乾燥のみの運転は可能ですか？,ドアが開かないのですが,0.6563298656086838
終了音を消すには？,スニーカーは洗える？,0.6563225035088252
手動で洗剤を入れることはできますか？,外出先から洗濯を開始できますか？,0.6562590317371197
乾燥だけで使用出来ますか？,ジェット乾燥って何？,0.656214148656343
羽毛布団は洗濯できる？,洗剤の種類で設定変更は必要？,0.6561129941087376
洗濯ネットは使うべき？,洗濯機本体が不安定で揺れるのですが、どうすれば改善できますか？設置状況を確認する必要がありますか？,0.6560856018965602
おしゃれ着は洗える？,洗剤の種類によって設定は変わりますか？,0.6559956115031772
ドアが開かない原因は？,洗濯機のドアが最後まで閉まらないのですが、何を確認すれば良いですか？,0.6558831839929886
自動投入機能の使い方を教えて？,コースが表示されないのですが,0.6558410385365303
洗剤の種類によって設定は変わりますか？,洗濯機のドアが最後まで閉まらないのですが、何を確認すれば良いですか？,0.6558228078436672
白い粉が残るのですが。,水漏れの原因は？,0.6557874264002731
乾燥なしで洗濯するには？,深夜に運転しても大丈夫？,0.6556473878504299
洗濯物の種類によって脱水時間を調整したいのですが、何分まで設定できますか？,洗剤の種類によって設定は変わりますか？,0.6555826366037305
手動で洗剤を入れることはできますか？,スニーカーは洗える？,0.6554861737276909
洗剤の種類で設定変更は必要？,靴は洗えますか？,0.6554722000767537
洗濯だけする方法を教えて？,チャイルドロックはどこで設定する？,0.6554452322502546
羽毛布団を洗濯機で洗いたいのですが、対応していますか？また、洗う際の注意点があれば教えてください。,洗濯を開始しようとしてもドラムが回転しないのですが、何が原因として考えられますか？安全装置が作動している可能性はありますか？,0.655398339890496
ドアが閉まらない時は？,ドラムが回らない。,0.6553024410868943
本体の揺れが気になる。,洗濯機に水が供給されないというエラーが表示されたのですが、どのような原因が考えられますか？自分でできる確認事項はありますか？,0.6552516007728447
予約の仕方は？,洗濯の所要時間は？,0.655117451117663
洗濯物を保護するために、洗濯ネットを使用する必要はありますか？どのような種類の衣類に推奨されますか？,洗濯コースの選択肢が画面に表示されないのですが、これはどういう状況ですか？どのように対処すれば良いですか？,0.6550337727525835
洗濯のすすぎ回数を自分の希望に合わせて変更したいのですが、何回から何回まで選べますか？,予約機能の使い方をおしえて？,0.6550051465776179
自宅の洗濯機で毛布を洗うことはできますか？もし洗える場合、何か特別な条件やコースがありますか？,洗濯コースの選択肢が画面に表示されないのですが、これはどういう状況ですか？どのように対処すれば良いですか？,0.6549455025116129
洗濯後、衣類に白い粉状のものが付着しているのですが、何が原因ですか？どのように対処すれば改善されますか？,本体がぐらつきます。どうしたら良いですか？,0.6548285235037834
おすすめのコースを教えて？,洗いのみは可能？,0.6548060417051863
羽毛布団は洗えますか？,おしゃれ着コースはありますか？,0.6547892718613758
ドアが完全に閉まりません,ドラムが回らない。,0.6547378259596652
乾燥なしで洗濯するには？,自宅にいない時でも、スマートフォンなどを使って洗濯機を遠隔で操作し、洗濯を開始することはできますか？,0.6547025593997378
洗濯物に白い粉が残っています。　どうしたらよいですか？,「排水できない」エラーが出ます,0.654664000746582
おすすめのコースを教えて？,洗濯機が排水できないというエラーメッセージが表示されたのですが、原因は何でしょうか？自分で解決できる方法はありますか？,0.6546538482600635
洗濯機を使い始めるにはどうすればいいですか？　手順を教えて下さい。,スチーム機能は何に使うの？,0.654585341788203
洗剤を手動で投入できますか？,設定を工場出荷時に戻せる？,0.6545728998320446
深夜運転は静か？,洗濯後に衣類が絡まってしまうことが多いのですが、何か絡まりを防ぐための対処法はありますか？,0.6544213944434589
乾燥だけで使用出来ますか？,深夜に運転しても大丈夫？,0.6544116974823634
おすすめのコースを教えて？,すすぎ回数は変えられる？,0.654397892540725
洗濯だけする方法を教えて？,ジェット乾燥って何？,0.6543633884417139
外出先から洗濯を開始できますか？,急いで洗濯したい時は？,0.6542138720970123
使用する洗剤のブランドや種類を変更した場合、洗濯機側で何か設定を変更する必要はありますか？,一般的な洗濯コースを選んだ場合、洗濯が完了するまでにおよそ何分くらいかかりますか？,0.6541950323093706
ジェット乾燥とは何ですか？,ドラムが動きません,0.6541466074873924
衣類を洗うだけで、乾燥工程は行いたくない場合、どのコースを選択すれば良いですか？,一般的な洗濯コースを選んだ場合、洗濯が完了するまでにおよそ何分くらいかかりますか？,0.6541411177540039
ふんわりキープの目的は？,ドアが開かないのですが,0.6540348489940235
遠隔で洗濯を開始できますか？,洗剤の種類で設定変更は必要？,0.6540237263245571
スチーム機能の使い方を教えて？,おしゃれ着は洗える？,0.653864770081749
洗濯機のドアが最後まで閉まらないのですが、何を確認すれば良いですか？,コースが表示されない。,0.653803140932449
羽毛布団は洗濯できる？,洗濯機本体が不安定で揺れるのですが、どうすれば改善できますか？設置状況を確認する必要がありますか？,0.6538012693656841
洗濯物の種類や汚れ具合に関わらず、最もおすすめの洗濯コースは何ですか？そのコースではどのような設定が自動で行われますか？,脱水時間の変更は可能ですか？,0.6537681733430385
乾燥だけで使用出来ますか？,おしゃれ着コースはありますか？,0.6536750016816172
洗濯物の種類や汚れ具合に関わらず、最もおすすめの洗濯コースは何ですか？そのコースではどのような設定が自動で行われますか？,個別の設定は可能ですか？,0.6535501611192072
ドアが開かないのですが,コースが表示されないのですが,0.6533356278512124
再洗はできる？,洗いのみは可能？,0.6533076423241795
乾燥だけで使用出来ますか？,コースが表示されない。,0.6531928169181358
衣類を洗うだけで、乾燥工程は行いたくない場合、どのコースを選択すれば良いですか？,洗剤や柔軟剤を計る手間を省きたいのですが、自動投入機能はどのように設定して使用するのですか？,0.6530932178569422
2度洗いは出来ますか？,「洗い」だけ行いたいのですが,0.6530844691888456
ふんわりキープの目的は？,毛布の洗濯は可能？,0.6530409070603829
水漏れしています。どうしたらよいですか？,洗濯を開始しようとしてもドラムが回転しないのですが、何が原因として考えられますか？安全装置が作動している可能性はありますか？,0.6529790026312683
脱水時間の調整はできる？,洗濯機本体が不安定で揺れるのですが、どうすれば改善できますか？設置状況を確認する必要がありますか？,0.6529732526695504
本体の揺れが気になる。,「水が出ない」エラーが出ます,0.652886681290434
洗濯だけする方法を教えて？,羽毛布団を洗濯機で洗いたいのですが、対応していますか？また、洗う際の注意点があれば教えてください。,0.6528273347367307
乾燥だけで使用出来ますか？,洗濯が終わったのにドアがロックされて開かないのですが、これは故障ですか？どのくらい時間が経てば開くようになりますか？,0.6527315701363117
毛布の洗濯は可能？,靴は洗えますか？,0.6526961795775301
一時停止したらドアは開く？,排水エラーが出た。,0.6526749854858949
コースが表示されないのですが,予約の仕方は？,0.6526704309146883
ドアが開かないのですが,ドアが閉まらない時は？,0.6526291845882577
ドアが開かないのですが,羽毛布団は洗えますか？,0.6525083305972502
誤った設定をしてしまったので、洗濯機の設定をすべて初期状態に戻したいのですが、その方法を教えてください。,この洗濯機に最適な洗剤や柔軟剤はありますか？メーカーから推奨されている製品があれば教えてください。,0.6524107062788778
一時停止中にドアは開きますか？,排水エラーが出た。,0.6522928144514994
洗濯はせず、衣類を乾燥させる機能だけを使いたいのですが、どのように操作すれば良いですか？,使用する洗剤のブランドや種類を変更した場合、洗濯機側で何か設定を変更する必要はありますか？,0.6522690331594273
乾燥だけで使用出来ますか？,一時停止したらドアは開く？,0.6522209354674012
一時停止中にドアは開きますか？,変な音がするのですが。,0.6522085051107627
遠隔で洗濯を開始できますか？,デリケートな衣類やおしゃれ着を優しく洗うための専用コースはありますか？,0.6522075834846406
コースが表示されない。,洗濯の開始時刻を事前に設定しておきたいのですが、予約機能はどのように使えば良いですか？,0.6521606010368401
洗濯の始め方は？,スチーム機能の使い方を教えて？,0.6520505145167221
外出先から洗濯を開始できますか？,お急ぎコースはありますか？,0.6519440385083324
乾燥だけで使用出来ますか？,ドアが開かないのですが,0.6519323489115576
おしゃれ着コースはありますか？,急いで洗濯したい時は？,0.6517844279896541
ふんわりキープとは何ですか？,深夜運転は静か？,0.6516835225192746
ふんわりキープとは何ですか？,使用する洗剤のブランドや種類を変更した場合、洗濯機側で何か設定を変更する必要はありますか？,0.6516000926060946
おすすめのコースを教えて？,おしゃれ着は洗える？,0.6515225486159903
洗濯が終わったのにドアがロックされて開かないのですが、これは故障ですか？どのくらい時間が経てば開くようになりますか？,一時停止したらドアは開く？,0.6513943179756325
遠隔で洗濯を開始できますか？,使用する洗剤のブランドや種類を変更した場合、洗濯機側で何か設定を変更する必要はありますか？,0.6513846804604058
洗いのみは可能？,予約の仕方は？,0.6513564904748118
乾燥だけで使用出来ますか？,靴は洗えますか？,0.6512016824639941
本体の揺れが気になる。,洗濯機が排水できないというエラーメッセージが表示されたのですが、原因は何でしょうか？自分で解決できる方法はありますか？,0.6510636408349348
洗濯が終わったのにドアがロックされて開かないのですが、これは故障ですか？どのくらい時間が経てば開くようになりますか？,洗濯物を保護するために、洗濯ネットを使用する必要はありますか？どのような種類の衣類に推奨されますか？,0.651047147910714
洗剤の種類で設定変更は必要？,おすすめの洗剤・柔軟剤はありますか？,0.6510124173080009
洗濯だけする方法を教えて？,コースが表示されない。,0.650972730052066
子供が誤って操作しないように、チャイルドロックを設定したいのですが、その方法と解除方法を教えてください。,ナノイーXの機能は？,0.6509564550285505
自動投入機能の使い方を教えて？,スニーカーは洗える？,0.6509394095828751
脱水時間の変更は可能ですか？,洗濯機の下から水が漏れているのですが、どのような原因が考えられますか？自分で確認できる対処法はありますか？,0.6509267708012387
個別の設定は可能ですか？,洗濯はせず、衣類を乾燥させる機能だけを使いたいのですが、どのように操作すれば良いですか？,0.6509214105862888
洗濯物に白い粉が残っています。　どうしたらよいですか？,水漏れの原因は？,0.6509191120020523
すすぎや脱水はせずに、衣類を「洗い」の工程だけで済ませたいのですが、そのような設定はできますか？,白い粉が残るのですが。,0.6509176425444165
毛布は洗えますか？,スニーカーは洗える？,0.65091358106468
ナノイーX機能について詳しく教えてください。どのような効果があり、どのコースで利用できますか？,「ふんわりキープ」とはどのような機能ですか？,0.6509128907795634
洗濯ネットは必要ですか？,デリケートな衣類やおしゃれ着を優しく洗うための専用コースはありますか？,0.6509091197870771
チャイルドロックはどこで設定する？,2度洗いは出来ますか？,0.6507338105947249
おすすめのコースを教えて？,ふんわりキープの目的は？,0.6505493317851262
一時停止中にドアは開きますか？,洗濯ネットは使うべき？,0.6504994036846834
深夜運転は静か？,洗剤の種類によって設定は変わりますか？,0.6504703310887054
ドアが開かないのですが,羽毛布団は洗濯できる？,0.6504104761950211
夜遅い時間帯に洗濯機を運転しても、近隣に迷惑がかからないように静かに運転できるモードはありますか？,洗濯の開始時刻を事前に設定しておきたいのですが、予約機能はどのように使えば良いですか？,0.6503294946907023
「ふんわりキープ」とはどのような機能ですか？,羽毛布団は洗えますか？,0.6502959547406739
ナノイーXとは何ですか？,深夜運転は静か？,0.6502643773737351
自宅の洗濯機で毛布を洗うことはできますか？もし洗える場合、何か特別な条件やコースがありますか？,推奨の洗剤・柔軟剤は？,0.6502162838687573
ふんわりキープとは何ですか？,羽毛布団は洗濯できる？,0.6502038829018817
ふんわりキープの目的は？,運転終了時にアラームを鳴らさないようにできますか？,0.6501830212443641
ジェット乾燥とは何ですか？,予約機能の使い方をおしえて？,0.6501127780663848
ドアが開かない原因は？,洗濯機が排水できないというエラーメッセージが表示されたのですが、原因は何でしょうか？自分で解決できる方法はありますか？,0.650079516529218
再洗はできる？,すすぎや脱水はせずに、衣類を「洗い」の工程だけで済ませたいのですが、そのような設定はできますか？,0.6500777762649037
自宅にいない時でも、スマートフォンなどを使って洗濯機を遠隔で操作し、洗濯を開始することはできますか？,デリケートな衣類やおしゃれ着を優しく洗うための専用コースはありますか？,0.6500763702144583
洗濯だけする方法を教えて？,ジェット乾燥とは何ですか？,0.649972008598878
自動投入機能の使い方を教えて？,コースが表示されない。,0.6499555945889061
手動で個別に設定する事は可能ですか？,洗濯の所要時間は？,0.6499455951527007
洗剤や柔軟剤を計る手間を省きたいのですが、自動投入機能はどのように設定して使用するのですか？,羽毛布団を洗濯機で洗いたいのですが、対応していますか？また、洗う際の注意点があれば教えてください。,0.6498807128568014
スチーム機能の使い方を教えて？,スニーカーは洗える？,0.6497616800605226
洗濯のすすぎ回数を自分の希望に合わせて変更したいのですが、何回から何回まで選べますか？,毛布は洗えますか？,0.6496970671375539
ジェット乾燥機能は、どのような仕組みで乾燥をするのですか？,ドアが開かないのですが,0.6495838917687318
自動投入機能の使い方を教えて？,本体の揺れが気になる。,0.6495564871376437
洗濯はせず、衣類を乾燥させる機能だけを使いたいのですが、どのように操作すれば良いですか？,水漏れしています。どうしたらよいですか？,0.6495459023602993
自動投入機能の使い方を教えて？,予約の仕方は？,0.6494860981186671
乾燥のみの運転は可能ですか？,水漏れしています。どうしたらよいですか？,0.6494771613173057
洗濯のすすぎ回数を自分の希望に合わせて変更したいのですが、何回から何回まで選べますか？,ドアが開かないのですが,0.6494730599356585
洗濯が終わったのにドアがロックされて開かないのですが、これは故障ですか？どのくらい時間が経てば開くようになりますか？,洗濯物が絡まります。どうしたらよいですか？,0.6494016051994209
本体がぐらつきます。どうしたら良いですか？,洗濯の開始時刻を事前に設定しておきたいのですが、予約機能はどのように使えば良いですか？,0.6493850315930931
自動投入機能の使い方を教えて？,ふんわりキープとは何ですか？,0.6493754885669138
スニーカーは洗える？,本体の揺れが気になる。,0.6493746495751973
乾燥だけで使用出来ますか？,ナノイーXの機能は？,0.6493419090867429
羽毛布団を洗濯機で洗いたいのですが、対応していますか？また、洗う際の注意点があれば教えてください。,洗濯機の下から水が漏れているのですが、どのような原因が考えられますか？自分で確認できる対処法はありますか？,0.6493085898585897
靴は洗えますか？,水漏れの原因は？,0.6492610779598256
羽毛布団は洗濯できる？,洗剤の種類によって設定は変わりますか？,0.6492397077657752
手動で個別に設定する事は可能ですか？,乾燥だけで使用出来ますか？,0.6492095224121407
洗濯を一時停止した際、追加の衣類を入れるためにドアを開けることは可能ですか？その条件は何ですか？,洗濯ネットは使うべき？,0.6491917470394797
ナノイーX機能について詳しく教えてください。どのような効果があり、どのコースで利用できますか？,予約機能の使い方をおしえて？,0.6491716021840044
すすぎ回数は変えられる？,洗濯機本体が不安定で揺れるのですが、どうすれば改善できますか？設置状況を確認する必要がありますか？,0.6490387016220858
乾燥だけで使用出来ますか？,チャイルドロックの設定をしたい,0.6489827568428894
洗剤や柔軟剤を計る手間を省きたいのですが、自動投入機能はどのように設定して使用するのですか？,使用する洗剤のブランドや種類を変更した場合、洗濯機側で何か設定を変更する必要はありますか？,0.6489372431528189
乾燥だけで使用出来ますか？,洗濯コースの選択肢が画面に表示されないのですが、これはどういう状況ですか？どのように対処すれば良いですか？,0.6489245981180942
ジェット乾燥とは何ですか？,ふんわりキープの目的は？,0.6489068253854283
遠隔で洗濯を開始できますか？,靴は洗えますか？,0.6488772703962858
洗濯だけする方法を教えて？,スニーカーは洗える？,0.648713351672641
衣類を洗うだけで、乾燥工程は行いたくない場合、どのコースを選択すれば良いですか？,推奨の洗剤・柔軟剤は？,0.6485902305599738
ふんわりキープの目的は？,羽毛布団は洗えますか？,0.6485608653865503
洗濯ネットは使うべき？,洗濯を開始しようとしてもドラムが回転しないのですが、何が原因として考えられますか？安全装置が作動している可能性はありますか？,0.6485109250182172
異音がします。どうしたらよいですか？,「水が出ない」エラーが出ます,0.6484919711173625
時間がない時に、短時間で洗濯を済ませられるようなコースはありますか？,洗濯機のドアが最後まで閉まらないのですが、何を確認すれば良いですか？,0.648490552802834
羽毛布団を洗濯機で洗いたいのですが、対応していますか？また、洗う際の注意点があれば教えてください。,洗濯の開始時刻を事前に設定しておきたいのですが、予約機能はどのように使えば良いですか？,0.6484700014038212
洗濯はせず、衣類を乾燥させる機能だけを使いたいのですが、どのように操作すれば良いですか？,洗濯後、衣類に白い粉状のものが付着しているのですが、何が原因ですか？どのように対処すれば改善されますか？,0.6484251813417703
洗濯物の種類や汚れ具合に関わらず、最もおすすめの洗濯コースは何ですか？そのコースではどのような設定が自動で行われますか？,洗剤や柔軟剤を計る手間を省きたいのですが、自動投入機能はどのように設定して使用するのですか？,0.6484187726901474
一時停止したらドアは開く？,洗濯ネットは使うべき？,0.6484110820195756
洗剤や柔軟剤を計る手間を省きたいのですが、自動投入機能はどのように設定して使用するのですか？,外出先から洗濯を開始できますか？,0.6483582575152191
スチーム機能は何に使うの？,お急ぎコースはありますか？,0.6483526360489713
羽毛布団は洗えますか？,洗濯機のドアが最後まで閉まらないのですが、何を確認すれば良いですか？,0.6483364766521028
特に汚れがひどい洗濯物なので、2回続けて洗いたいのですが、そのような設定は可能ですか？,洗濯を一時停止した際、追加の衣類を入れるためにドアを開けることは可能ですか？その条件は何ですか？,0.6483266886844538
乾燥だけで使用出来ますか？,ジェット乾燥機能は、どのような仕組みで乾燥をするのですか？,0.6483240380764965
コースが表示されない。,ドラムが回らない。,0.6482845386474962
洗濯物の種類や汚れ具合に関わらず、最もおすすめの洗濯コースは何ですか？そのコースではどのような設定が自動で行われますか？,終了音を消すには？,0.6482082851708137
洗濯のすすぎ回数を自分の希望に合わせて変更したいのですが、何回から何回まで選べますか？,推奨の洗剤・柔軟剤は？,0.6482048134837584
ジェット乾燥機能は、どのような仕組みで乾燥をするのですか？,洗濯機本体が不安定で揺れるのですが、どうすれば改善できますか？設置状況を確認する必要がありますか？,0.6481874420175561
洗濯をスタートする方法を教えて？,おしゃれ着は洗える？,0.6481524813328983
お急ぎコースはありますか？,一般的な洗濯コースを選んだ場合、洗濯が完了するまでにおよそ何分くらいかかりますか？,0.648127569264211
洗濯物の種類によって脱水時間を調整したいのですが、何分まで設定できますか？,洗濯物に白い粉が残っています。　どうしたらよいですか？,0.6480962799209289
個別の設定は可能ですか？,洗剤や柔軟剤を計る手間を省きたいのですが、自動投入機能はどのように設定して使用するのですか？,0.6480704619547022
洗濯機を使い始めるにはどうすればいいですか？　手順を教えて下さい。,羽毛布団を洗濯機で洗いたいのですが、対応していますか？また、洗う際の注意点があれば教えてください。,0.64799419861546
羽毛布団は洗えますか？,洗濯の開始時刻を事前に設定しておきたいのですが、予約機能はどのように使えば良いですか？,0.6479830148107931
遠隔で洗濯を開始できますか？,スニーカーは洗える？,0.6479604166788291
脱水時間の変更は可能ですか？,排水エラーが出た。,0.6478808838100686
外出先から洗濯を開始できますか？,おしゃれ着は洗える？,0.647817817899762
おしゃれ着コースはありますか？,この洗濯機に最適な洗剤や柔軟剤はありますか？メーカーから推奨されている製品があれば教えてください。,0.6477526930685751
靴は洗えますか？,予約の仕方は？,0.647728619999379
洗濯物を保護するために、洗濯ネットを使用する必要はありますか？どのような種類の衣類に推奨されますか？,ドラムが動きません,0.6477017403724479
洗濯のすすぎ回数を自分の希望に合わせて変更したいのですが、何回から何回まで選べますか？,洗濯機本体が不安定で揺れるのですが、どうすれば改善できますか？設置状況を確認する必要がありますか？,0.6476899850316664
洗濯物が絡まります。どうしたらよいですか？,ドアが閉まらない時は？,0.6476883506537484
靴は洗えますか？,最大容量は？,0.6476834804017093
洗剤の種類によって設定は変わりますか？,洗濯機の下から水が漏れているのですが、どのような原因が考えられますか？自分で確認できる対処法はありますか？,0.647645267391203
洗濯物の種類や汚れ具合に関わらず、最もおすすめの洗濯コースは何ですか？そのコースではどのような設定が自動で行われますか？,洗濯後、衣類に白い粉状のものが付着しているのですが、何が原因ですか？どのように対処すれば改善されますか？,0.6475602354356986
洗剤の種類によって設定は変わりますか？,水漏れの原因は？,0.6475573009057456
自動投入機能の使い方を教えて？,ふんわりキープの目的は？,0.6475384011011298
脱水時間の調整はできる？,洗濯機に水が供給されないというエラーが表示されたのですが、どのような原因が考えられますか？自分でできる確認事項はありますか？,0.6475236175327905
遠隔で洗濯を開始できますか？,羽毛布団は洗濯できる？,0.6474867292965463
遠隔で洗濯を開始できますか？,洗濯機本体が不安定で揺れるのですが、どうすれば改善できますか？設置状況を確認する必要がありますか？,0.6473989164038462
変な音がするのですが。,「排水できない」エラーが出ます,0.6473876473068255
洗濯が終わったのにドアがロックされて開かないのですが、これは故障ですか？どのくらい時間が経てば開くようになりますか？,洗濯の開始時刻を事前に設定しておきたいのですが、予約機能はどのように使えば良いですか？,0.6472781762836092
洗濯をスタートする方法を教えて？,急いで洗濯したい時は？,0.6472622530188621
深夜運転は静か？,洗濯の開始時刻を事前に設定しておきたいのですが、予約機能はどのように使えば良いですか？,0.6472545899611879
脱水時間の調整はできる？,白い粉が残るのですが。,0.6472403525540894
洗濯物の絡まりを防ぐには？,ドアが閉まらない時は？,0.6472270019579605
子供が誤って操作しないように、チャイルドロックを設定したいのですが、その方法と解除方法を教えてください。,ナノイーXとは何ですか？,0.6471879286069973
ジェット乾燥とは何ですか？,洗濯ネットは必要ですか？,0.6471406034043883
洗濯が終わったのにドアがロックされて開かないのですが、これは故障ですか？どのくらい時間が経てば開くようになりますか？,時間がない時に、短時間で洗濯を済ませられるようなコースはありますか？,0.6471264497632073
時間がない時に、短時間で洗濯を済ませられるようなコースはありますか？,コースが表示されないのですが,0.6470275225795296
洗濯機のドアが最後まで閉まらないのですが、何を確認すれば良いですか？,洗濯機に水が供給されないというエラーが表示されたのですが、どのような原因が考えられますか？自分でできる確認事項はありますか？,0.6470269833366233
白い粉が残るのですが。,洗濯機の下から水が漏れているのですが、どのような原因が考えられますか？自分で確認できる対処法はありますか？,0.6468799111365687
乾燥だけで使用出来ますか？,遠隔で洗濯を開始できますか？,0.6468175655010429
洗濯をスタートする方法を教えて？,衣類のしわを伸ばしたり、気になるにおいを取り除いたりしたいのですが、スチーム機能はどのように使えば良いですか？,0.6468103947398978
脱水時間の調整はできる？,本体の揺れが気になる。,0.6467551792896947
乾燥のみの運転は可能ですか？,特に汚れがひどい洗濯物なので、2回続けて洗いたいのですが、そのような設定は可能ですか？,0.6467546470184028
洗濯が終わったのにドアがロックされて開かないのですが、これは故障ですか？どのくらい時間が経てば開くようになりますか？,異音がします。どうしたらよいですか？,0.6466314481360613
衣類を洗うだけで、乾燥工程は行いたくない場合、どのコースを選択すれば良いですか？,毛布は洗えますか？,0.6466061464537287
ジェット乾燥って何？,洗濯ネットは使うべき？,0.6464987165002127
ドアが開かないのですが,靴は洗えますか？,0.6464356217630443
洗濯だけする方法を教えて？,洗剤や柔軟剤を計る手間を省きたいのですが、自動投入機能はどのように設定して使用するのですか？,0.6464343752649203
洗濯物の種類や汚れ具合に関わらず、最もおすすめの洗濯コースは何ですか？そのコースではどのような設定が自動で行われますか？,洗濯の開始時刻を事前に設定しておきたいのですが、予約機能はどのように使えば良いですか？,0.6463385966443553
洗濯後に衣類が絡まってしまうことが多いのですが、何か絡まりを防ぐための対処法はありますか？,ドアが閉まらない時は？,0.6462388696158579
洗濯物の種類によって脱水時間を調整したいのですが、何分まで設定できますか？,洗濯の開始時刻を事前に設定しておきたいのですが、予約機能はどのように使えば良いですか？,0.6460060091817377
乾燥のみの運転は可能ですか？,洗濯後、衣類に白い粉状のものが付着しているのですが、何が原因ですか？どのように対処すれば改善されますか？,0.6459816723735683
自動投入機能を使わずに、自分で洗剤を投入したいのですが、設定を教えてください？,スニーカーは洗える？,0.6459206313664556
洗濯を一時停止した際、追加の衣類を入れるためにドアを開けることは可能ですか？その条件は何ですか？,洗濯物に白い粉が残っています。　どうしたらよいですか？,0.6459152178799012
洗濯機を使い始めるにはどうすればいいですか？　手順を教えて下さい。,一時停止中にドアは開きますか？,0.6459030672117597
ジェット乾燥って何？,ふんわりキープとは何ですか？,0.6458774586954135
靴は洗えますか？,水漏れしています。どうしたらよいですか？,0.6458375371283591
手動で個別に設定する事は可能ですか？,時間がない時に、短時間で洗濯を済ませられるようなコースはありますか？,0.6458329834762149
洗濯物の種類によって脱水時間を調整したいのですが、何分まで設定できますか？,洗剤の種類で設定変更は必要？,0.6457581173721025
洗濯をスタートする方法を教えて？,ふんわりキープの目的は？,0.6457340828512497
「ふんわりキープ」とはどのような機能ですか？,深夜運転は静か？,0.6457166007367914
手動で個別に設定する事は可能ですか？,洗濯はせず、衣類を乾燥させる機能だけを使いたいのですが、どのように操作すれば良いですか？,0.6456355556491844
外出先から洗濯を開始できますか？,毛布は洗えますか？,0.6455058639165608
特に汚れがひどい洗濯物なので、2回続けて洗いたいのですが、そのような設定は可能ですか？,「洗い」だけ行いたいのですが,0.6454944134563799
最適なコースは？,終了音を消すには？,0.6454581469210217
自動投入機能を使わずに、自分で洗剤を投入したいのですが、設定を教えてください？,おしゃれ着は洗える？,0.6453435323125055
洗剤や柔軟剤を計る手間を省きたいのですが、自動投入機能はどのように設定して使用するのですか？,推奨の洗剤・柔軟剤は？,0.6453217820432788
洗剤を手動で投入できますか？,誤った設定をしてしまったので、洗濯機の設定をすべて初期状態に戻したいのですが、その方法を教えてください。,0.6453092587755002
すすぎ回数は変えられる？,毛布の洗濯は可能？,0.6452026086636533
すすぎの設定を変更することは可能ですか？,予約機能の使い方をおしえて？,0.6451387498540306
自動投入機能の使い方を教えて？,洗濯ネットは必要ですか？,0.6451008022686548
ジェット乾燥機能は、どのような仕組みで乾燥をするのですか？,水漏れの原因は？,0.6450043603802902
再洗はできる？,深夜に運転しても大丈夫？,0.6449641219576459
洗濯後、衣類に白い粉状のものが付着しているのですが、何が原因ですか？どのように対処すれば改善されますか？,コースが表示されないのですが,0.6449627517312554
ふんわりキープとは何ですか？,外出先から洗濯を開始できますか？,0.6449583718231333
遠隔で洗濯を開始できますか？,おしゃれ着は洗える？,0.6449540270892802
ナノイーXの機能は？,深夜運転は静か？,0.6449241064362243
洗剤や柔軟剤を計る手間を省きたいのですが、自動投入機能はどのように設定して使用するのですか？,羽毛布団は洗濯できる？,0.6449196831386672
コースが表示されないのですが,推奨の洗剤・柔軟剤は？,0.6448980114730357
洗いのみは可能？,毛布は洗えますか？,0.6448100521143237
乾燥だけで使用出来ますか？,ジェット乾燥とは何ですか？,0.6448062493980737
洗濯物の絡まりを防ぐには？,洗濯機のドアが最後まで閉まらないのですが、何を確認すれば良いですか？,0.6447732555290666
洗濯が終わったのにドアがロックされて開かないのですが、これは故障ですか？どのくらい時間が経てば開くようになりますか？,夜遅い時間帯に洗濯機を運転しても、近隣に迷惑がかからないように静かに運転できるモードはありますか？,0.6447095607923119
遠隔で洗濯を開始できますか？,予約の仕方は？,0.6446878621947648
ふんわりキープの目的は？,洗濯を開始しようとしてもドラムが回転しないのですが、何が原因として考えられますか？安全装置が作動している可能性はありますか？,0.6446188768169738
洗濯中に通常とは異なる音がするのですが、どのような原因が考えられますか？自分で確認できることはありますか？,この洗濯機で一度に洗濯できる衣類の最大量と、乾燥できる衣類の最大量はそれぞれ何キログラムですか？,0.6445886025372723
洗濯物の種類や汚れ具合に関わらず、最もおすすめの洗濯コースは何ですか？そのコースではどのような設定が自動で行われますか？,洗いのみは可能？,0.6445602923436722
自宅にいない時でも、スマートフォンなどを使って洗濯機を遠隔で操作し、洗濯を開始することはできますか？,時間がない時に、短時間で洗濯を済ませられるようなコースはありますか？,0.6444914405900457
洗濯機が排水できないというエラーメッセージが表示されたのですが、原因は何でしょうか？自分で解決できる方法はありますか？,水漏れしています。どうしたらよいですか？,0.6444187090863116
ジェット乾燥とは何ですか？,ドラムが回らない。,0.6444058614065071
一時停止中にドアは開きますか？,ドラムが回らない。,0.6444043574044078
洗濯機本体が不安定で揺れるのですが、どうすれば改善できますか？設置状況を確認する必要がありますか？,コースが表示されないのですが,0.6443933485585491
洗濯終了時のお知らせ音を鳴らさないようにしたいのですが、その設定はどこで変更できますか？,この洗濯機に最適な洗剤や柔軟剤はありますか？メーカーから推奨されている製品があれば教えてください。,0.6443606090728167
洗濯はせず、衣類を乾燥させる機能だけを使いたいのですが、どのように操作すれば良いですか？,洗濯を一時停止した際、追加の衣類を入れるためにドアを開けることは可能ですか？その条件は何ですか？,0.6443448902625519
ジェット乾燥機能は、どのような仕組みで乾燥をするのですか？,変な音がするのですが。,0.6443378427864962
羽毛布団は洗濯できる？,靴は洗えますか？,0.6441949871461087
自宅にいない時でも、スマートフォンなどを使って洗濯機を遠隔で操作し、洗濯を開始することはできますか？,使用する洗剤のブランドや種類を変更した場合、洗濯機側で何か設定を変更する必要はありますか？,0.6441666380655456
外出先から洗濯を開始できますか？,毛布の洗濯は可能？,0.6441662541217253
靴は洗えますか？,予約機能の使い方をおしえて？,0.6441347819038635
外出先から洗濯を開始できますか？,洗濯の開始時刻を事前に設定しておきたいのですが、予約機能はどのように使えば良いですか？,0.6441108309166764
スチーム機能は何に使うの？,ドラムが動きません,0.644058902941349
ジェット乾燥機能は、どのような仕組みで乾燥をするのですか？,排水エラーが出た。,0.6440346898728061
洗いのみは可能？,洗剤の種類によって設定は変わりますか？,0.6440344009183433
深夜に運転しても大丈夫？,予約機能の使い方をおしえて？,0.64399907478163
乾燥だけで使用出来ますか？,一時停止中にドアは開きますか？,0.6439227810649835
洗剤の種類で設定変更は必要？,洗濯機の下から水が漏れているのですが、どのような原因が考えられますか？自分で確認できる対処法はありますか？,0.6437568363410062
洗濯物の絡まりを防ぐには？,ドアが完全に閉まりません,0.6437143394159932
乾燥のみの運転は可能ですか？,この洗濯機で一度に洗濯できる衣類の最大量と、乾燥できる衣類の最大量はそれぞれ何キログラムですか？,0.6436953580897489
洗濯はせず、衣類を乾燥させる機能だけを使いたいのですが、どのように操作すれば良いですか？,洗濯機のドアが最後まで閉まらないのですが、何を確認すれば良いですか？,0.6436396774676174
乾燥だけで使用出来ますか？,特に汚れがひどい洗濯物なので、2回続けて洗いたいのですが、そのような設定は可能ですか？,0.6436158486182643
ふんわりキープの目的は？,深夜運転は静か？,0.6435981253907257
すすぎ回数は変えられる？,自宅の洗濯機で毛布を洗うことはできますか？もし洗える場合、何か特別な条件やコースがありますか？,0.6434584667850409
乾燥のみの運転は可能ですか？,ジェット乾燥とは何ですか？,0.6434356408008571
スチーム機能の使い方を教えて？,お急ぎコースはありますか？,0.643417382834325
ジェット乾燥機能は、どのような仕組みで乾燥をするのですか？,「ふんわりキープ」とはどのような機能ですか？,0.643401878731003
洗濯の開始時刻を事前に設定しておきたいのですが、予約機能はどのように使えば良いですか？,おすすめの洗剤・柔軟剤はありますか？,0.6433167610531859
洗剤を手動で投入できますか？,自宅にいない時でも、スマートフォンなどを使って洗濯機を遠隔で操作し、洗濯を開始することはできますか？,0.643299583147205
子供が誤って操作しないように、チャイルドロックを設定したいのですが、その方法と解除方法を教えてください。,洗濯の開始時刻を事前に設定しておきたいのですが、予約機能はどのように使えば良いですか？,0.6432586094800161
乾燥のみの運転は可能ですか？,洗濯物を保護するために、洗濯ネットを使用する必要はありますか？どのような種類の衣類に推奨されますか？,0.6431826304363557
洗剤や柔軟剤を計る手間を省きたいのですが、自動投入機能はどのように設定して使用するのですか？,水漏れしています。どうしたらよいですか？,0.6431098795092915
この洗濯機で靴を洗うことはできますか？もしできない場合、何か代わりの方法はありますか？,コースが表示されない。,0.6430865911882216
この洗濯機で靴を洗うことはできますか？もしできない場合、何か代わりの方法はありますか？,洗濯コースの選択肢が画面に表示されないのですが、これはどういう状況ですか？どのように対処すれば良いですか？,0.6430732087427795
おすすめのコースを教えて？,排水エラーが出た。,0.6430549933850114
洗剤の種類によって設定は変わりますか？,おすすめの洗剤・柔軟剤はありますか？,0.6430296217936304
自動投入機能の使い方を教えて？,洗濯を一時停止した際、追加の衣類を入れるためにドアを開けることは可能ですか？その条件は何ですか？,0.6430180597810126
ドアが開かないのですが,洗濯中に通常とは異なる音がするのですが、どのような原因が考えられますか？自分で確認できることはありますか？,0.6429845995283993
すすぎや脱水はせずに、衣類を「洗い」の工程だけで済ませたいのですが、そのような設定はできますか？,本体がぐらつきます。どうしたら良いですか？,0.6429657385042611
衣類を洗うだけで、乾燥工程は行いたくない場合、どのコースを選択すれば良いですか？,水漏れしています。どうしたらよいですか？,0.6429178547362724
乾燥なしで洗濯するには？,コースが表示されないのですが,0.642807864704964
一時停止したらドアは開く？,洗濯機に水が供給されないというエラーが表示されたのですが、どのような原因が考えられますか？自分でできる確認事項はありますか？,0.642701951705896
羽毛布団は洗えますか？,予約の仕方は？,0.6426731286758678
一時停止中にドアは開きますか？,水が出ないエラーが出た。,0.6425966696039542
デリケートな衣類やおしゃれ着を優しく洗うための専用コースはありますか？,洗濯を開始しようとしてもドラムが回転しないのですが、何が原因として考えられますか？安全装置が作動している可能性はありますか？,0.6425719850026401
自動投入機能の使い方を教えて？,この洗濯機で靴を洗うことはできますか？もしできない場合、何か代わりの方法はありますか？,0.6425662700854293
ふんわりキープの目的は？,デリケートな衣類やおしゃれ着を優しく洗うための専用コースはありますか？,0.6424705488175525
チャイルドロックはどこで設定する？,すすぎの設定を変更することは可能ですか？,0.6423240682523161
洗濯の各工程（洗い、すすぎ、脱水、乾燥）について、自分の好みに合わせて時間を設定したり、回数を変更したりすることはできますか？,乾燥のみの運転は可能ですか？,0.6420892828199658
チャイルドロックはどこで設定する？,使用する洗剤のブランドや種類を変更した場合、洗濯機側で何か設定を変更する必要はありますか？,0.6420425166533146
深夜運転は静か？,コースが表示されない。,0.6419125029140578
スニーカーは洗える？,排水エラーが出た。,0.641801010681015
洗剤や柔軟剤を計る手間を省きたいのですが、自動投入機能はどのように設定して使用するのですか？,この洗濯機で靴を洗うことはできますか？もしできない場合、何か代わりの方法はありますか？,0.6416916492441649
異音がします。どうしたらよいですか？,水が出ないエラーが出た。,0.6416895567300582
洗濯機を使い始めるにはどうすればいいですか？　手順を教えて下さい。,急いで洗濯したい時は？,0.6416005189983331
一時停止したらドアは開く？,変な音がするのですが。,0.6416003023875299
チャイルドロックはどこで設定する？,再洗はできる？,0.6415181535130278
排水エラーが出た。,洗濯機の下から水が漏れているのですが、どのような原因が考えられますか？自分で確認できる対処法はありますか？,0.6414141695957144
最適なコースは？,洗濯物に白い粉が残っています。　どうしたらよいですか？,0.6414008161084006
ジェット乾燥機能は、どのような仕組みで乾燥をするのですか？,ふんわりキープの目的は？,0.6413951161294089
手動で個別に設定する事は可能ですか？,手動で洗剤を入れることはできますか？,0.6412688736500328
乾燥のみの運転は可能ですか？,ジェット乾燥って何？,0.6412202865061298
洗いのみは可能？,毛布の洗濯は可能？,0.6412007660107875
洗濯だけする方法を教えて？,遠隔で洗濯を開始できますか？,0.6411292003494851
深夜運転は静か？,おしゃれ着は洗える？,0.641029738940184
再洗はできる？,夜遅い時間帯に洗濯機を運転しても、近隣に迷惑がかからないように静かに運転できるモードはありますか？,0.6410136798686916
洗剤や柔軟剤を計る手間を省きたいのですが、自動投入機能はどのように設定して使用するのですか？,洗濯終了時のお知らせ音を鳴らさないようにしたいのですが、その設定はどこで変更できますか？,0.6409419704550188
靴は洗えますか？,洗濯の開始時刻を事前に設定しておきたいのですが、予約機能はどのように使えば良いですか？,0.6409395262575942
羽毛布団を洗濯機で洗いたいのですが、対応していますか？また、洗う際の注意点があれば教えてください。,洗濯機本体が不安定で揺れるのですが、どうすれば改善できますか？設置状況を確認する必要がありますか？,0.6409059854063341
ドアが完全に閉まりません,ドラムが動きません,0.6408604615708654
この洗濯機で一度に洗濯できる衣類の最大量と、乾燥できる衣類の最大量はそれぞれ何キログラムですか？,ドラムが動きません,0.6408223368366377
手動で個別に設定する事は可能ですか？,使用する洗剤のブランドや種類を変更した場合、洗濯機側で何か設定を変更する必要はありますか？,0.6407622410072602
毛布の洗濯は可能？,スニーカーは洗える？,0.6407608529397661
最適なコースは？,洗濯機が排水できないというエラーメッセージが表示されたのですが、原因は何でしょうか？自分で解決できる方法はありますか？,0.6407123136033226
乾燥だけで使用出来ますか？,排水エラーが出た。,0.6405661167713632
自宅の洗濯機で毛布を洗うことはできますか？もし洗える場合、何か特別な条件やコースがありますか？,夜遅い時間帯に洗濯機を運転しても、近隣に迷惑がかからないように静かに運転できるモードはありますか？,0.6405302878773502
おすすめのコースを教えて？,「排水できない」エラーが出ます,0.6405086507508437
ふんわりキープとは何ですか？,この洗濯機で靴を洗うことはできますか？もしできない場合、何か代わりの方法はありますか？,0.6404927010169577
洗濯だけする方法を教えて？,再洗はできる？,0.6404162237238296
洗剤の種類で設定変更は必要？,水漏れの原因は？,0.6402233088673688
すすぎや脱水はせずに、衣類を「洗い」の工程だけで済ませたいのですが、そのような設定はできますか？,洗剤の種類で設定変更は必要？,0.640154056020874
ふんわりキープの目的は？,お急ぎコースはありますか？,0.6401435217122973
デリケートな衣類やおしゃれ着を優しく洗うための専用コースはありますか？,一般的な洗濯コースを選んだ場合、洗濯が完了するまでにおよそ何分くらいかかりますか？,0.640072917846143
深夜運転は静か？,時間がない時に、短時間で洗濯を済ませられるようなコースはありますか？,0.6400412305551134
ふんわりキープの目的は？,予約機能の使い方をおしえて？,0.640041133562206
洗濯物の種類や汚れ具合に関わらず、最もおすすめの洗濯コースは何ですか？そのコースではどのような設定が自動で行われますか？,靴は洗えますか？,0.6400280789363885
ナノイーX機能について詳しく教えてください。どのような効果があり、どのコースで利用できますか？,靴は洗えますか？,0.6399481090240395
洗濯を一時停止した際、追加の衣類を入れるためにドアを開けることは可能ですか？その条件は何ですか？,異音がします。どうしたらよいですか？,0.6398326009994483
洗剤や柔軟剤を計る手間を省きたいのですが、自動投入機能はどのように設定して使用するのですか？,コースが表示されない。,0.6398186836253841
すすぎ回数は変えられる？,洗濯を一時停止した際、追加の衣類を入れるためにドアを開けることは可能ですか？その条件は何ですか？,0.6397506141654121
洗濯機を使い始めるにはどうすればいいですか？　手順を教えて下さい。,スチーム機能の使い方を教えて？,0.639744606818246
最適なコースは？,排水エラーが出た。,0.639678003510485
洗濯の開始時刻を事前に設定しておきたいのですが、予約機能はどのように使えば良いですか？,洗濯機の下から水が漏れているのですが、どのような原因が考えられますか？自分で確認できる対処法はありますか？,0.6396485343225108
洗濯機を使い始めるにはどうすればいいですか？　手順を教えて下さい。,洗濯機のドアが最後まで閉まらないのですが、何を確認すれば良いですか？,0.639610883336329
デリケートな衣類やおしゃれ着を優しく洗うための専用コースはありますか？,おすすめの洗剤・柔軟剤はありますか？,0.6396093715878717
洗濯機を使い始めるにはどうすればいいですか？　手順を教えて下さい。,スニーカーは洗える？,0.639541288494985
洗濯機のドアが最後まで閉まらないのですが、何を確認すれば良いですか？,洗濯の所要時間は？,0.6395169038373949
おすすめのコースを教えて？,終了音を消すには？,0.639396499429773
ジェット乾燥機能は、どのような仕組みで乾燥をするのですか？,洗濯の開始時刻を事前に設定しておきたいのですが、予約機能はどのように使えば良いですか？,0.6393801672892611
洗濯機のドアが最後まで閉まらないのですが、何を確認すれば良いですか？,この洗濯機に最適な洗剤や柔軟剤はありますか？メーカーから推奨されている製品があれば教えてください。,0.6393704576198471
自動投入機能の使い方を教えて？,洗濯機本体が不安定で揺れるのですが、どうすれば改善できますか？設置状況を確認する必要がありますか？,0.6393307510896967
運転終了時にアラームを鳴らさないようにできますか？,ドラムが回らない。,0.6393293192836857
洗濯のすすぎ回数を自分の希望に合わせて変更したいのですが、何回から何回まで選べますか？,おすすめの洗剤・柔軟剤はありますか？,0.6391965972646378
チャイルドロックはどこで設定する？,急いで洗濯したい時は？,0.6391937031304717
異音がします。どうしたらよいですか？,洗濯を開始しようとしてもドラムが回転しないのですが、何が原因として考えられますか？安全装置が作動している可能性はありますか？,0.6391658322748721
ジェット乾燥って何？,洗濯ネットは必要ですか？,0.6390940768528199
衣類を洗うだけで、乾燥工程は行いたくない場合、どのコースを選択すれば良いですか？,チャイルドロックの設定をしたい,0.6390806355477495
脱水時間の変更は可能ですか？,洗濯を一時停止した際、追加の衣類を入れるためにドアを開けることは可能ですか？その条件は何ですか？,0.6390209917235767
異音がします。どうしたらよいですか？,おしゃれ着は洗える？,0.638964872847567
洗濯が終わったのにドアがロックされて開かないのですが、これは故障ですか？どのくらい時間が経てば開くようになりますか？,靴は洗えますか？,0.6389317642524904
洗濯機のドアが最後まで閉まらないのですが、何を確認すれば良いですか？,ドラムが回らない。,0.6388913483798673
洗剤を手動で投入できますか？,おしゃれ着は洗える？,0.6388753379289316
一時停止したらドアは開く？,白い粉が残るのですが。,0.6387928567576644
自動投入機能はどう使うの？,洗濯機本体が不安定で揺れるのですが、どうすれば改善できますか？設置状況を確認する必要がありますか？,0.6387716723680159
洗濯物の種類や汚れ具合に関わらず、最もおすすめの洗濯コースは何ですか？そのコースではどのような設定が自動で行われますか？,すすぎ回数は変えられる？,0.6387710222950406
乾燥だけで使用出来ますか？,使用する洗剤のブランドや種類を変更した場合、洗濯機側で何か設定を変更する必要はありますか？,0.6387469213665412
チャイルドロックはどこで設定する？,設定を工場出荷時に戻せる？,0.6387342439120209
乾燥なしで洗濯するには？,洗剤の種類によって設定は変わりますか？,0.6387159770181161
チャイルドロックはどこで設定する？,すすぎや脱水はせずに、衣類を「洗い」の工程だけで済ませたいのですが、そのような設定はできますか？,0.6386999837974585
一時停止中にドアは開きますか？,「水が出ない」エラーが出ます,0.6385675300148701
自動投入機能を使わずに、自分で洗剤を投入したいのですが、設定を教えてください？,デリケートな衣類やおしゃれ着を優しく洗うための専用コースはありますか？,0.6385328041416602
ふんわりキープの目的は？,コースが表示されないのですが,0.6384139261686708
ふんわりキープの目的は？,洗剤の種類で設定変更は必要？,0.6384019896008344
時間がない時に、短時間で洗濯を済ませられるようなコースはありますか？,コースが表示されない。,0.6383983966623801
すすぎ回数は変えられる？,外出先から洗濯を開始できますか？,0.6383280638606846
スチーム機能は何に使うの？,予約の仕方は？,0.6382375912561207
洗濯中に通常とは異なる音がするのですが、どのような原因が考えられますか？自分で確認できることはありますか？,洗濯機のドアが最後まで閉まらないのですが、何を確認すれば良いですか？,0.6382046815577935
再洗はできる？,洗剤の種類によって設定は変わりますか？,0.6381851580951593
靴は洗えますか？,本体の揺れが気になる。,0.6381187896293894
使用する洗剤のブランドや種類を変更した場合、洗濯機側で何か設定を変更する必要はありますか？,予約機能の使い方をおしえて？,0.6380993892953493
時間がない時に、短時間で洗濯を済ませられるようなコースはありますか？,スニーカーは洗える？,0.6380870016489546
脱水時間の変更は可能ですか？,洗濯の所要時間は？,0.6378595272030949
お急ぎコースはありますか？,コースが表示されない。,0.6378593183389845
自宅の洗濯機で毛布を洗うことはできますか？もし洗える場合、何か特別な条件やコースがありますか？,深夜に運転しても大丈夫？,0.6378414663763009
スチーム機能の使い方を教えて？,ドラムが動きません,0.6377890846156771
ドアが開かないのですが,洗濯後に衣類が絡まってしまうことが多いのですが、何か絡まりを防ぐための対処法はありますか？,0.637768732418166
洗濯はせず、衣類を乾燥させる機能だけを使いたいのですが、どのように操作すれば良いですか？,ナノイーXとは何ですか？,0.6377343102421236
ジェット乾燥って何？,深夜運転は静か？,0.6375771224030501
洗濯が終わったのにドアがロックされて開かないのですが、これは故障ですか？どのくらい時間が経てば開くようになりますか？,この洗濯機で靴を洗うことはできますか？もしできない場合、何か代わりの方法はありますか？,0.6375708050242366
子供が誤って操作しないように、チャイルドロックを設定したいのですが、その方法と解除方法を教えてください。,特に汚れがひどい洗濯物なので、2回続けて洗いたいのですが、そのような設定は可能ですか？,0.6375417449327261
おしゃれ着は洗える？,排水エラーが出た。,0.6375054039564403
深夜運転は静か？,コースが表示されないのですが,0.6374915399582695
洗剤や柔軟剤を計る手間を省きたいのですが、自動投入機能はどのように設定して使用するのですか？,羽毛布団は洗えますか？,0.637437793743997
自動投入機能を使わずに、自分で洗剤を投入したいのですが、設定を教えてください？,自宅にいない時でも、スマートフォンなどを使って洗濯機を遠隔で操作し、洗濯を開始することはできますか？,0.6374350285256828
ジェット乾燥って何？,遠隔で洗濯を開始できますか？,0.6374314023523688
異音がします。どうしたらよいですか？,洗濯機が排水できないというエラーメッセージが表示されたのですが、原因は何でしょうか？自分で解決できる方法はありますか？,0.6374065052998643
脱水時間の変更は可能ですか？,一時停止中にドアは開きますか？,0.6374049280391507
スニーカーは洗える？,ドラムが回らない。,0.6373137970153259
洗濯を一時停止した際、追加の衣類を入れるためにドアを開けることは可能ですか？その条件は何ですか？,本体がぐらつきます。どうしたら良いですか？,0.6372144934662851
ふんわりキープとは何ですか？,コースが表示されない。,0.637205753182998
洗濯中に通常とは異なる音がするのですが、どのような原因が考えられますか？自分で確認できることはありますか？,洗濯コースの選択肢が画面に表示されないのですが、これはどういう状況ですか？どのように対処すれば良いですか？,0.6371917232425566
洗濯が終わったのにドアがロックされて開かないのですが、これは故障ですか？どのくらい時間が経てば開くようになりますか？,ドラムが回らない。,0.6371894043676962
チャイルドロックの設定をしたい,予約の仕方は？,0.637178275405952
洗剤の種類で設定変更は必要？,洗濯機のドアが最後まで閉まらないのですが、何を確認すれば良いですか？,0.6370832487540435
最適なコースは？,「排水できない」エラーが出ます,0.6370629639787155
スチーム機能は何に使うの？,再洗はできる？,0.6370044068626237
洗濯だけする方法を教えて？,推奨の洗剤・柔軟剤は？,0.636941226696799
自動投入機能はどう使うの？,洗濯コースの選択肢が画面に表示されないのですが、これはどういう状況ですか？どのように対処すれば良いですか？,0.6369390463276112
乾燥のみの運転は可能ですか？,おすすめの洗剤・柔軟剤はありますか？,0.6368998059598602
羽毛布団は洗濯できる？,洗濯コースの選択肢が画面に表示されないのですが、これはどういう状況ですか？どのように対処すれば良いですか？,0.6368086760562116
遠隔で洗濯を開始できますか？,毛布の洗濯は可能？,0.6367165190715357
ジェット乾燥機能は、どのような仕組みで乾燥をするのですか？,水漏れしています。どうしたらよいですか？,0.636693779467299
個別の設定は可能ですか？,洗濯後、衣類に白い粉状のものが付着しているのですが、何が原因ですか？どのように対処すれば改善されますか？,0.6366471441761744
遠隔で洗濯を開始できますか？,洗濯の開始時刻を事前に設定しておきたいのですが、予約機能はどのように使えば良いですか？,0.6366449115729185
毛布は洗えますか？,この洗濯機に最適な洗剤や柔軟剤はありますか？メーカーから推奨されている製品があれば教えてください。,0.6366329190077201
洗濯が終わったのにドアがロックされて開かないのですが、これは故障ですか？どのくらい時間が経てば開くようになりますか？,コースが表示されないのですが,0.636627140870565
チャイルドロックはどこで設定する？,ナノイーXとは何ですか？,0.6365826888663266
外出先から洗濯を開始できますか？,この洗濯機で靴を洗うことはできますか？もしできない場合、何か代わりの方法はありますか？,0.6365320261152392
乾燥のみの運転は可能ですか？,深夜に運転しても大丈夫？,0.636497212768645
洗濯中に通常とは異なる音がするのですが、どのような原因が考えられますか？自分で確認できることはありますか？,水漏れしています。どうしたらよいですか？,0.636409587319755
遠隔で洗濯を開始できますか？,洗剤の種類によって設定は変わりますか？,0.6363963556625449
自宅の洗濯機で毛布を洗うことはできますか？もし洗える場合、何か特別な条件やコースがありますか？,洗濯機に水が供給されないというエラーが表示されたのですが、どのような原因が考えられますか？自分でできる確認事項はありますか？,0.6363476925265314
ジェット乾燥とは何ですか？,深夜運転は静か？,0.6363149821357998
デリケートな衣類やおしゃれ着を優しく洗うための専用コースはありますか？,使用する洗剤のブランドや種類を変更した場合、洗濯機側で何か設定を変更する必要はありますか？,0.6362990332781033
乾燥なしで洗濯するには？,ふんわりキープの目的は？,0.6362617142406027
外出先から洗濯を開始できますか？,スニーカーは洗える？,0.6362012372351011
ふんわりキープの目的は？,コースが表示されない。,0.6361699916689096
異音がします。どうしたらよいですか？,おしゃれ着コースはありますか？,0.6361554849528537
羽毛布団は洗濯できる？,水漏れの原因は？,0.6361514820371486
設定の初期化はできますか？,この洗濯機に最適な洗剤や柔軟剤はありますか？メーカーから推奨されている製品があれば教えてください。,0.6359431196018073
洗剤の種類によって設定は変わりますか？,洗濯機に水が供給されないというエラーが表示されたのですが、どのような原因が考えられますか？自分でできる確認事項はありますか？,0.6359336239391613
洗濯を一時停止した際、追加の衣類を入れるためにドアを開けることは可能ですか？その条件は何ですか？,洗剤の種類で設定変更は必要？,0.6358988644087051
特に汚れがひどい洗濯物なので、2回続けて洗いたいのですが、そのような設定は可能ですか？,洗濯のすすぎ回数を自分の希望に合わせて変更したいのですが、何回から何回まで選べますか？,0.6358763776677807
すすぎの設定を変更することは可能ですか？,自宅の洗濯機で毛布を洗うことはできますか？もし洗える場合、何か特別な条件やコースがありますか？,0.6358685276397495
おしゃれ着は洗える？,洗濯の所要時間は？,0.6358627918811484
洗剤や柔軟剤を計る手間を省きたいのですが、自動投入機能はどのように設定して使用するのですか？,特に汚れがひどい洗濯物なので、2回続けて洗いたいのですが、そのような設定は可能ですか？,0.6358377663086923
乾燥だけで使用出来ますか？,再洗はできる？,0.6358326389131597
ふんわりキープとは何ですか？,ドアが開かない原因は？,0.6358306165590955
「ふんわりキープ」とはどのような機能ですか？,コースが表示されないのですが,0.6357949298391046
すすぎ回数は変えられる？,デリケートな衣類やおしゃれ着を優しく洗うための専用コースはありますか？,0.6357354105098452
洗濯機を使い始めるにはどうすればいいですか？　手順を教えて下さい。,お急ぎコースはありますか？,0.6357329902288784
洗剤の種類によって設定は変わりますか？,洗濯後、衣類に白い粉状のものが付着しているのですが、何が原因ですか？どのように対処すれば改善されますか？,0.6357204101537215
チャイルドロックはどこで設定する？,おしゃれ着は洗える？,0.6357182960884069
スチーム機能は何に使うの？,おしゃれ着は洗える？,0.6354802136790454
深夜運転は静か？,急いで洗濯したい時は？,0.6354689471248754
すすぎ回数は変えられる？,羽毛布団は洗えますか？,0.6353761072770027
洗濯物を保護するために、洗濯ネットを使用する必要はありますか？どのような種類の衣類に推奨されますか？,コースが表示されないのですが,0.6353463339042769
遠隔で洗濯を開始できますか？,この洗濯機で一度に洗濯できる衣類の最大量と、乾燥できる衣類の最大量はそれぞれ何キログラムですか？,0.6353303719502197
洗濯の各工程（洗い、すすぎ、脱水、乾燥）について、自分の好みに合わせて時間を設定したり、回数を変更したりすることはできますか？,洗濯機が排水できないというエラーメッセージが表示されたのですが、原因は何でしょうか？自分で解決できる方法はありますか？,0.635304681705716
遠隔で洗濯を開始できますか？,毛布は洗えますか？,0.635283300754443
外出先から洗濯を開始できますか？,おすすめの洗剤・柔軟剤はありますか？,0.6352615443811275
洗剤の種類によって設定は変わりますか？,靴は洗えますか？,0.6351902563535647
洗濯が終わったのにドアがロックされて開かないのですが、これは故障ですか？どのくらい時間が経てば開くようになりますか？,変な音がするのですが。,0.6351744519427251
自宅にいない時でも、スマートフォンなどを使って洗濯機を遠隔で操作し、洗濯を開始することはできますか？,おすすめの洗剤・柔軟剤はありますか？,0.6350193826862913
洗濯だけする方法を教えて？,この洗濯機で一度に洗濯できる衣類の最大量と、乾燥できる衣類の最大量はそれぞれ何キログラムですか？,0.634992676795529
ふんわりキープとは何ですか？,洗濯ネットは必要ですか？,0.6349861749898777
異音がします。どうしたらよいですか？,「排水できない」エラーが出ます,0.6349398438547621
洗濯機本体が不安定で揺れるのですが、どうすれば改善できますか？設置状況を確認する必要がありますか？,この洗濯機で一度に洗濯できる衣類の最大量と、乾燥できる衣類の最大量はそれぞれ何キログラムですか？,0.6349171572610279
洗濯機本体が不安定で揺れるのですが、どうすれば改善できますか？設置状況を確認する必要がありますか？,推奨の洗剤・柔軟剤は？,0.6348193585694353
洗濯物に白い粉が残っています。　どうしたらよいですか？,洗濯コースの選択肢が画面に表示されないのですが、これはどういう状況ですか？どのように対処すれば良いですか？,0.634789032530114
洗濯物の種類によって脱水時間を調整したいのですが、何分まで設定できますか？,洗濯が終わったのにドアがロックされて開かないのですが、これは故障ですか？どのくらい時間が経てば開くようになりますか？,0.6347720069326412
洗濯機を使い始めるにはどうすればいいですか？　手順を教えて下さい。,洗濯コースの選択肢が画面に表示されないのですが、これはどういう状況ですか？どのように対処すれば良いですか？,0.6347695107934057
手動で個別に設定する事は可能ですか？,洗濯後、衣類に白い粉状のものが付着しているのですが、何が原因ですか？どのように対処すれば改善されますか？,0.6347370330991281
ジェット乾燥とは何ですか？,遠隔で洗濯を開始できますか？,0.6347148165491753
ドアが完全に閉まりません,この洗濯機に最適な洗剤や柔軟剤はありますか？メーカーから推奨されている製品があれば教えてください。,0.6346945979967765
毛布の洗濯は可能？,変な音がするのですが。,0.6346606810606045
特に汚れがひどい洗濯物なので、2回続けて洗いたいのですが、そのような設定は可能ですか？,推奨の洗剤・柔軟剤は？,0.6346357721956617
靴は洗えますか？,洗濯コースの選択肢が画面に表示されないのですが、これはどういう状況ですか？どのように対処すれば良いですか？,0.6346306729494566
ジェット乾燥って何？,ふんわりキープの目的は？,0.6345829958441787
ふんわりキープの目的は？,ドアが開かない原因は？,0.6345260889951014
ジェット乾燥とは何ですか？,ドアが開かないのですが,0.6345201134026713
羽毛布団は洗濯できる？,洗濯の開始時刻を事前に設定しておきたいのですが、予約機能はどのように使えば良いですか？,0.6345018140244898
スチーム機能の使い方を教えて？,予約の仕方は？,0.6344550468512544
衣類を洗うだけで、乾燥工程は行いたくない場合、どのコースを選択すれば良いですか？,おしゃれ着コースはありますか？,0.6344049161387626
洗濯中に通常とは異なる音がするのですが、どのような原因が考えられますか？自分で確認できることはありますか？,洗剤の種類によって設定は変わりますか？,0.6344043208623819
洗濯ネットは必要ですか？,推奨の洗剤・柔軟剤は？,0.6343647058288067
羽毛布団は洗えますか？,洗濯機本体が不安定で揺れるのですが、どうすれば改善できますか？設置状況を確認する必要がありますか？,0.6343501776995301
洗濯のすすぎ回数を自分の希望に合わせて変更したいのですが、何回から何回まで選べますか？,毛布の洗濯は可能？,0.6342684239335377
ふんわりキープの目的は？,ドラムが回らない。,0.6342294462081246
洗濯はせず、衣類を乾燥させる機能だけを使いたいのですが、どのように操作すれば良いですか？,コースが表示されないのですが,0.6341962979755655
自動投入機能の使い方を教えて？,羽毛布団を洗濯機で洗いたいのですが、対応していますか？また、洗う際の注意点があれば教えてください。,0.6340555340355734
洗濯機を使い始めるにはどうすればいいですか？　手順を教えて下さい。,遠隔で洗濯を開始できますか？,0.6340362649630005
洗濯のすすぎ回数を自分の希望に合わせて変更したいのですが、何回から何回まで選べますか？,洗濯を一時停止した際、追加の衣類を入れるためにドアを開けることは可能ですか？その条件は何ですか？,0.6340252697416701
羽毛布団を洗濯機で洗いたいのですが、対応していますか？また、洗う際の注意点があれば教えてください。,洗剤の種類によって設定は変わりますか？,0.6340149720938433
乾燥なしで洗濯するには？,急いで洗濯したい時は？,0.6340147086604362
衣類のしわを伸ばしたり、気になるにおいを取り除いたりしたいのですが、スチーム機能はどのように使えば良いですか？,「ふんわりキープ」とはどのような機能ですか？,0.634011041325591
乾燥なしで洗濯するには？,推奨の洗剤・柔軟剤は？,0.6340006440431112
ジェット乾燥って何？,ドアが開かないのですが,0.6339241637217014
手動で洗剤を入れることはできますか？,デリケートな衣類やおしゃれ着を優しく洗うための専用コースはありますか？,0.6338925672498379
洗濯のすすぎ回数を自分の希望に合わせて変更したいのですが、何回から何回まで選べますか？,靴は洗えますか？,0.6338919150002975
最適なコースは？,手動で個別に設定する事は可能ですか？,0.6338302836637701
洗濯物の種類によって脱水時間を調整したいのですが、何分まで設定できますか？,白い粉が残るのですが。,0.6337691616625926
おすすめのコースを教えて？,個別の設定は可能ですか？,0.6337452531933626
洗濯だけする方法を教えて？,自動投入機能はどう使うの？,0.633742359247639
自動投入機能はどう使うの？,洗剤の種類によって設定は変わりますか？,0.6336907990922616
洗濯機を使い始めるにはどうすればいいですか？　手順を教えて下さい。,洗濯物を保護するために、洗濯ネットを使用する必要はありますか？どのような種類の衣類に推奨されますか？,0.633682431891667
羽毛布団を洗濯機で洗いたいのですが、対応していますか？また、洗う際の注意点があれば教えてください。,洗濯機が排水できないというエラーメッセージが表示されたのですが、原因は何でしょうか？自分で解決できる方法はありますか？,0.6336635940869361
洗剤の種類で設定変更は必要？,洗濯を開始しようとしてもドラムが回転しないのですが、何が原因として考えられますか？安全装置が作動している可能性はありますか？,0.63363504979532
おしゃれ着は洗える？,洗濯機本体が不安定で揺れるのですが、どうすれば改善できますか？設置状況を確認する必要がありますか？,0.6336219358659827
すすぎの設定を変更することは可能ですか？,洗濯機本体が不安定で揺れるのですが、どうすれば改善できますか？設置状況を確認する必要がありますか？,0.6335745935414523
洗濯だけする方法を教えて？,外出先から洗濯を開始できますか？,0.6335490941913438
自宅にいない時でも、スマートフォンなどを使って洗濯機を遠隔で操作し、洗濯を開始することはできますか？,羽毛布団は洗濯できる？,0.6335237899066601
水漏れの原因は？,ドラムが回らない。,0.633492505351412
異音がします。どうしたらよいですか？,洗濯の開始時刻を事前に設定しておきたいのですが、予約機能はどのように使えば良いですか？,0.6334474853852108
深夜運転は静か？,おしゃれ着コースはありますか？,0.6334077111898644
白い粉が残るのですが。,水漏れしています。どうしたらよいですか？,0.6333892297265813
毛布は洗えますか？,変な音がするのですが。,0.6333345723034693
最適なコースは？,ふんわりキープとは何ですか？,0.633306535670864
洗濯のすすぎ回数を自分の希望に合わせて変更したいのですが、何回から何回まで選べますか？,コースが表示されないのですが,0.6333027842626248
ドアが開かないのですが,推奨の洗剤・柔軟剤は？,0.6332785570428081
毛布の洗濯は可能？,推奨の洗剤・柔軟剤は？,0.6332127427799834
「洗い」だけ行いたいのですが,洗濯の開始時刻を事前に設定しておきたいのですが、予約機能はどのように使えば良いですか？,0.6331730513898378
洗濯機のドアが最後まで閉まらないのですが、何を確認すれば良いですか？,予約の仕方は？,0.6331579158303879
衣類のしわを伸ばしたり、気になるにおいを取り除いたりしたいのですが、スチーム機能はどのように使えば良いですか？,ドラムが動きません,0.6331464599860706
自動投入機能はどう使うの？,コースが表示されないのですが,0.6331042007652343
個別の設定は可能ですか？,水漏れの原因は？,0.6330994084216657
手動で洗剤を入れることはできますか？,誤った設定をしてしまったので、洗濯機の設定をすべて初期状態に戻したいのですが、その方法を教えてください。,0.6330325333635032
スチーム機能の使い方を教えて？,再洗はできる？,0.6329914488010351
洗濯が終わったのにドアがロックされて開かないのですが、これは故障ですか？どのくらい時間が経てば開くようになりますか？,洗剤の種類によって設定は変わりますか？,0.6329614601958145
乾燥だけで使用出来ますか？,洗濯物の種類によって脱水時間を調整したいのですが、何分まで設定できますか？,0.632887294543332
毛布の洗濯は可能？,深夜に運転しても大丈夫？,0.6328085993168531
靴は洗えますか？,洗濯機の下から水が漏れているのですが、どのような原因が考えられますか？自分で確認できる対処法はありますか？,0.6327483283746334
洗濯を一時停止した際、追加の衣類を入れるためにドアを開けることは可能ですか？その条件は何ですか？,洗剤の種類によって設定は変わりますか？,0.632706170306051
乾燥なしで洗濯するには？,深夜運転は静か？,0.6326933952026752
コースが表示されない。,この洗濯機に最適な洗剤や柔軟剤はありますか？メーカーから推奨されている製品があれば教えてください。,0.6326204972267004
再洗はできる？,急いで洗濯したい時は？,0.6325615500836002
ドアが開かないのですが,洗濯時間は何分ですか？,0.6325083952342587
脱水時間の変更は可能ですか？,洗濯時間は何分ですか？,0.6324492552369001
ふんわりキープとは何ですか？,ドラムが回らない。,0.6324346538157755
自動投入機能の使い方を教えて？,すすぎ回数は変えられる？,0.6323964792385942
洗濯の開始時刻を事前に設定しておきたいのですが、予約機能はどのように使えば良いですか？,水漏れしています。どうしたらよいですか？,0.6323782952803126
一時停止したらドアは開く？,洗濯中に通常とは異なる音がするのですが、どのような原因が考えられますか？自分で確認できることはありますか？,0.632374301213235
スチーム機能は何に使うの？,運転終了時にアラームを鳴らさないようにできますか？,0.6323361811231346
ふんわりキープとは何ですか？,洗濯後、衣類に白い粉状のものが付着しているのですが、何が原因ですか？どのように対処すれば改善されますか？,0.6323004657394726
排水エラーが出た。,コースが表示されない。,0.6322842495692977
ジェット乾燥とは何ですか？,洗濯ネットは使うべき？,0.6322476545852764
羽毛布団は洗えますか？,予約機能の使い方をおしえて？,0.6322327812717903
この洗濯機で靴を洗うことはできますか？もしできない場合、何か代わりの方法はありますか？,洗濯機本体が不安定で揺れるのですが、どうすれば改善できますか？設置状況を確認する必要がありますか？,0.6322326978445733
洗濯はせず、衣類を乾燥させる機能だけを使いたいのですが、どのように操作すれば良いですか？,洗濯のすすぎ回数を自分の希望に合わせて変更したいのですが、何回から何回まで選べますか？,0.6321748485256686
「ふんわりキープ」とはどのような機能ですか？,スニーカーは洗える？,0.6321559306237146
排水エラーが出た。,コースが表示されないのですが,0.6321080889937327
ドアが開かない原因は？,洗濯ネットは必要ですか？,0.6320383171639838
洗濯だけする方法を教えて？,この洗濯機に最適な洗剤や柔軟剤はありますか？メーカーから推奨されている製品があれば教えてください。,0.6320135310478951
時間がない時に、短時間で洗濯を済ませられるようなコースはありますか？,一般的な洗濯コースを選んだ場合、洗濯が完了するまでにおよそ何分くらいかかりますか？,0.6319264984518518
すすぎや脱水はせずに、衣類を「洗い」の工程だけで済ませたいのですが、そのような設定はできますか？,水漏れの原因は？,0.6319096367813002
再洗はできる？,洗濯の開始時刻を事前に設定しておきたいのですが、予約機能はどのように使えば良いですか？,0.6318112633488437
洗いのみは可能？,自宅の洗濯機で毛布を洗うことはできますか？もし洗える場合、何か特別な条件やコースがありますか？,0.6318039806692284
すすぎや脱水はせずに、衣類を「洗い」の工程だけで済ませたいのですが、そのような設定はできますか？,洗剤の種類によって設定は変わりますか？,0.6317867288802032
洗濯物の種類によって脱水時間を調整したいのですが、何分まで設定できますか？,「排水できない」エラーが出ます,0.6317628563035727
自宅の洗濯機で毛布を洗うことはできますか？もし洗える場合、何か特別な条件やコースがありますか？,スニーカーは洗える？,0.6317583579192876
デリケートな衣類やおしゃれ着を優しく洗うための専用コースはありますか？,時間がない時に、短時間で洗濯を済ませられるようなコースはありますか？,0.6317497920114397
羽毛布団は洗濯できる？,予約の仕方は？,0.6317437529525665
自宅の洗濯機で毛布を洗うことはできますか？もし洗える場合、何か特別な条件やコースがありますか？,洗濯を開始しようとしてもドラムが回転しないのですが、何が原因として考えられますか？安全装置が作動している可能性はありますか？,0.6317377740577756
ジェット乾燥って何？,一時停止中にドアは開きますか？,0.6317345386862824
靴は洗えますか？,ドラムが動きません,0.6317321193622132
ジェット乾燥って何？,深夜に運転しても大丈夫？,0.6317284464326743
洗濯物の種類によって脱水時間を調整したいのですが、何分まで設定できますか？,洗濯中に通常とは異なる音がするのですが、どのような原因が考えられますか？自分で確認できることはありますか？,0.631669029106158
洗濯のすすぎ回数を自分の希望に合わせて変更したいのですが、何回から何回まで選べますか？,洗濯物が絡まります。どうしたらよいですか？,0.6316393630523448
乾燥のみの運転は可能ですか？,洗濯を開始しようとしてもドラムが回転しないのですが、何が原因として考えられますか？安全装置が作動している可能性はありますか？,0.6316334109162607
一時停止したらドアは開く？,ドラムが動きません,0.6316055788722049
コースが表示されないのですが,水漏れしています。どうしたらよいですか？,0.631590874253309
洗濯機に水が供給されないというエラーが表示されたのですが、どのような原因が考えられますか？自分でできる確認事項はありますか？,洗濯の開始時刻を事前に設定しておきたいのですが、予約機能はどのように使えば良いですか？,0.6315218397429635
この洗濯機で靴を洗うことはできますか？もしできない場合、何か代わりの方法はありますか？,洗濯を開始しようとしてもドラムが回転しないのですが、何が原因として考えられますか？安全装置が作動している可能性はありますか？,0.6314633151224447
衣類を洗うだけで、乾燥工程は行いたくない場合、どのコースを選択すれば良いですか？,洗濯のすすぎ回数を自分の希望に合わせて変更したいのですが、何回から何回まで選べますか？,0.6314431153175453
脱水時間の変更は可能ですか？,異音がします。どうしたらよいですか？,0.6314157579881396
遠隔で洗濯を開始できますか？,羽毛布団を洗濯機で洗いたいのですが、対応していますか？また、洗う際の注意点があれば教えてください。,0.6314138948831497
洗濯はせず、衣類を乾燥させる機能だけを使いたいのですが、どのように操作すれば良いですか？,衣類のしわを伸ばしたり、気になるにおいを取り除いたりしたいのですが、スチーム機能はどのように使えば良いですか？,0.6314104073190319
洗濯物を保護するために、洗濯ネットを使用する必要はありますか？どのような種類の衣類に推奨されますか？,ドラムが回らない。,0.6313943021835526
ふんわりキープとは何ですか？,洗濯中に通常とは異なる音がするのですが、どのような原因が考えられますか？自分で確認できることはありますか？,0.631391902989874
「洗い」だけ行いたいのですが,脱水時間の調整はできる？,0.631368497670465
深夜運転は静か？,洗濯物の絡まりを防ぐには？,0.6313487237005904
脱水時間の変更は可能ですか？,変な音がするのですが。,0.6313341296733852
チャイルドロックはどこで設定する？,すすぎ回数は変えられる？,0.6312858894013293
急いで洗濯したい時は？,予約機能の使い方をおしえて？,0.6312841198404994
一時停止したらドアは開く？,水が出ないエラーが出た。,0.6312387149269056
遠隔で洗濯を開始できますか？,時間がない時に、短時間で洗濯を済ませられるようなコースはありますか？,0.6311608155302002
再洗はできる？,羽毛布団は洗濯できる？,0.631096427162533
洗濯だけする方法を教えて？,自宅にいない時でも、スマートフォンなどを使って洗濯機を遠隔で操作し、洗濯を開始することはできますか？,0.6310941606991821
「洗い」だけ行いたいのですが,脱水時間の変更は可能ですか？,0.6310514758780131
コースが表示されない。,ドラムが動きません,0.630965402601367
洗濯を一時停止した際、追加の衣類を入れるためにドアを開けることは可能ですか？その条件は何ですか？,洗濯機が排水できないというエラーメッセージが表示されたのですが、原因は何でしょうか？自分で解決できる方法はありますか？,0.6309603385668108
おすすめのコースを教えて？,洗濯だけする方法を教えて？,0.6309554390691486
洗濯だけする方法を教えて？,使用する洗剤のブランドや種類を変更した場合、洗濯機側で何か設定を変更する必要はありますか？,0.6309373098382605
ふんわりキープとは何ですか？,すすぎの設定を変更することは可能ですか？,0.630897808167726
洗濯機のドアが最後まで閉まらないのですが、何を確認すれば良いですか？,本体がぐらつきます。どうしたら良いですか？,0.6308941102755254
夜遅い時間帯に洗濯機を運転しても、近隣に迷惑がかからないように静かに運転できるモードはありますか？,お急ぎコースはありますか？,0.6308463114224594
自宅にいない時でも、スマートフォンなどを使って洗濯機を遠隔で操作し、洗濯を開始することはできますか？,おしゃれ着は洗える？,0.6308372248343634
羽毛布団は洗えますか？,スニーカーは洗える？,0.6308348491134633
「ふんわりキープ」とはどのような機能ですか？,羽毛布団は洗濯できる？,0.630829288235591
洗剤や柔軟剤を計る手間を省きたいのですが、自動投入機能はどのように設定して使用するのですか？,予約機能の使い方をおしえて？,0.6308257962665675
スチーム機能は何に使うの？,デリケートな衣類やおしゃれ着を優しく洗うための専用コースはありますか？,0.6307540368204637
手動で洗剤を入れることはできますか？,自宅の洗濯機で毛布を洗うことはできますか？もし洗える場合、何か特別な条件やコースがありますか？,0.6307239819727087
ドアが開かない原因は？,羽毛布団は洗濯できる？,0.6306512423321537
洗濯が終わったのにドアがロックされて開かないのですが、これは故障ですか？どのくらい時間が経てば開くようになりますか？,洗剤の種類で設定変更は必要？,0.6306496328847354
すすぎの設定を変更することは可能ですか？,推奨の洗剤・柔軟剤は？,0.6305592931515018
ジェット乾燥って何？,一時停止したらドアは開く？,0.6305345457471332
おしゃれ着は洗える？,この洗濯機に最適な洗剤や柔軟剤はありますか？メーカーから推奨されている製品があれば教えてください。,0.6305341775625055
一時停止したらドアは開く？,ドラムが回らない。,0.6305284286933338
洗濯だけする方法を教えて？,衣類のしわを伸ばしたり、気になるにおいを取り除いたりしたいのですが、スチーム機能はどのように使えば良いですか？,0.6305022703369132
乾燥だけで使用出来ますか？,水漏れしています。どうしたらよいですか？,0.630434154467347
洗剤や柔軟剤を計る手間を省きたいのですが、自動投入機能はどのように設定して使用するのですか？,洗濯機のドアが最後まで閉まらないのですが、何を確認すれば良いですか？,0.6303764532106644
洗濯物を保護するために、洗濯ネットを使用する必要はありますか？どのような種類の衣類に推奨されますか？,洗濯の開始時刻を事前に設定しておきたいのですが、予約機能はどのように使えば良いですか？,0.630354275651128
おすすめのコースを教えて？,洗濯物に白い粉が残っています。　どうしたらよいですか？,0.6303531979690871
外出先から洗濯を開始できますか？,ドラムが動きません,0.6303502147010693
脱水時間の変更は可能ですか？,本体がぐらつきます。どうしたら良いですか？,0.6302984736138426
乾燥のみの運転は可能ですか？,手動で洗剤を入れることはできますか？,0.630287954276129
ナノイーX機能について詳しく教えてください。どのような効果があり、どのコースで利用できますか？,スニーカーは洗える？,0.6301840950456129
洗濯物の種類や汚れ具合に関わらず、最もおすすめの洗濯コースは何ですか？そのコースではどのような設定が自動で行われますか？,洗濯機が排水できないというエラーメッセージが表示されたのですが、原因は何でしょうか？自分で解決できる方法はありますか？,0.6301685280617788
チャイルドロックの設定をしたい,洗剤の種類で設定変更は必要？,0.6301560070692962
洗濯はせず、衣類を乾燥させる機能だけを使いたいのですが、どのように操作すれば良いですか？,ふんわりキープの目的は？,0.6301444316866192
自宅にいない時でも、スマートフォンなどを使って洗濯機を遠隔で操作し、洗濯を開始することはできますか？,洗濯の開始時刻を事前に設定しておきたいのですが、予約機能はどのように使えば良いですか？,0.6301390691418163
洗濯機を使い始めるにはどうすればいいですか？　手順を教えて下さい。,外出先から洗濯を開始できますか？,0.6301280586091278
ナノイーX機能について詳しく教えてください。どのような効果があり、どのコースで利用できますか？,深夜運転は静か？,0.6300198714342777
おしゃれ着は洗える？,洗濯時間は何分ですか？,0.6299994582234156
洗濯だけする方法を教えて？,洗濯ネットは必要ですか？,0.6299981397608188
毛布の洗濯は可能？,洗濯コースの選択肢が画面に表示されないのですが、これはどういう状況ですか？どのように対処すれば良いですか？,0.6299505227816029
洗濯コースの選択肢が画面に表示されないのですが、これはどういう状況ですか？どのように対処すれば良いですか？,水漏れの原因は？,0.6299480949041794
洗濯物の種類や汚れ具合に関わらず、最もおすすめの洗濯コースは何ですか？そのコースではどのような設定が自動で行われますか？,洗剤の種類で設定変更は必要？,0.6299375866568637
コースが表示されないのですが,洗濯機の下から水が漏れているのですが、どのような原因が考えられますか？自分で確認できる対処法はありますか？,0.6298672918877739
洗濯はせず、衣類を乾燥させる機能だけを使いたいのですが、どのように操作すれば良いですか？,時間がない時に、短時間で洗濯を済ませられるようなコースはありますか？,0.6298365262101817
本体の揺れが気になる。,ドラムが回らない。,0.6298283207702828
毛布は洗えますか？,洗濯コースの選択肢が画面に表示されないのですが、これはどういう状況ですか？どのように対処すれば良いですか？,0.6297297745171831
乾燥のみの運転は可能ですか？,洗濯ネットは必要ですか？,0.6297170946942733
脱水時間の調整はできる？,排水エラーが出た。,0.6296904369177199
ふんわりキープとは何ですか？,洗濯が終わったのにドアがロックされて開かないのですが、これは故障ですか？どのくらい時間が経てば開くようになりますか？,0.6296646829701427
ドアが開かない原因は？,靴は洗えますか？,0.6296083166533845
チャイルドロックはどこで設定する？,ジェット乾燥とは何ですか？,0.6295780499003869
自動投入機能の使い方を教えて？,洗濯ネットは使うべき？,0.6295471891765085
スチーム機能は何に使うの？,遠隔で洗濯を開始できますか？,0.6295426588283629
衣類を洗うだけで、乾燥工程は行いたくない場合、どのコースを選択すれば良いですか？,洗濯が終わったのにドアがロックされて開かないのですが、これは故障ですか？どのくらい時間が経てば開くようになりますか？,0.6294935035533159
洗濯物に白い粉が残っています。　どうしたらよいですか？,洗濯を開始しようとしてもドラムが回転しないのですが、何が原因として考えられますか？安全装置が作動している可能性はありますか？,0.629487376262732
乾燥のみの運転は可能ですか？,一時停止中にドアは開きますか？,0.6294643723581169
夜遅い時間帯に洗濯機を運転しても、近隣に迷惑がかからないように静かに運転できるモードはありますか？,デリケートな衣類やおしゃれ着を優しく洗うための専用コースはありますか？,0.6294315316371653
乾燥のみの運転は可能ですか？,異音がします。どうしたらよいですか？,0.6293537314441919
自動投入機能はどう使うの？,洗剤の種類で設定変更は必要？,0.6293353741461346
外出先から洗濯を開始できますか？,おしゃれ着コースはありますか？,0.6293252536471851
チャイルドロックはどこで設定する？,ナノイーXの機能は？,0.629254129992197
洗濯中に通常とは異なる音がするのですが、どのような原因が考えられますか？自分で確認できることはありますか？,洗濯機本体に触れると熱いのですが、これは異常ですか？特に乾燥運転中に熱くなることはありますか？,0.6292466023961285
深夜に運転しても大丈夫？,コースが表示されない。,0.6292139754526989
ふんわりキープの目的は？,羽毛布団は洗濯できる？,0.629193104961821
洗濯中に通常とは異なる音がするのですが、どのような原因が考えられますか？自分で確認できることはありますか？,本体の揺れが気になる。,0.6291906409758028
深夜に運転しても大丈夫？,予約の仕方は？,0.6291842744656391
ドアが開かないのですが,洗濯の開始時刻を事前に設定しておきたいのですが、予約機能はどのように使えば良いですか？,0.6291727588853719
ドアが開かないのですが,この洗濯機で一度に洗濯できる衣類の最大量と、乾燥できる衣類の最大量はそれぞれ何キログラムですか？,0.6291411321945994
おすすめのコースを教えて？,洗濯機本体が不安定で揺れるのですが、どうすれば改善できますか？設置状況を確認する必要がありますか？,0.6291364622216701
ドアが開かない原因は？,洗濯機に水が供給されないというエラーが表示されたのですが、どのような原因が考えられますか？自分でできる確認事項はありますか？,0.6291008000129595
乾燥のみの運転は可能ですか？,この洗濯機に最適な洗剤や柔軟剤はありますか？メーカーから推奨されている製品があれば教えてください。,0.6290538047103373
ジェット乾燥機能は、どのような仕組みで乾燥をするのですか？,異音がします。どうしたらよいですか？,0.6289296187197662
使用する洗剤のブランドや種類を変更した場合、洗濯機側で何か設定を変更する必要はありますか？,この洗濯機で靴を洗うことはできますか？もしできない場合、何か代わりの方法はありますか？,0.6288359993880752
深夜運転は静か？,洗濯機のドアが最後まで閉まらないのですが、何を確認すれば良いですか？,0.6288309488191948
チャイルドロックはどこで設定する？,特に汚れがひどい洗濯物なので、2回続けて洗いたいのですが、そのような設定は可能ですか？,0.628700781367183
乾燥だけで使用出来ますか？,羽毛布団を洗濯機で洗いたいのですが、対応していますか？また、洗う際の注意点があれば教えてください。,0.6287004647366379
手動で洗剤を入れることはできますか？,毛布の洗濯は可能？,0.6286874416731363
ナノイーXとは何ですか？,洗剤の種類によって設定は変わりますか？,0.6286768605233095
ふんわりキープの目的は？,すすぎ回数は変えられる？,0.6286555898523642
洗剤や柔軟剤を計る手間を省きたいのですが、自動投入機能はどのように設定して使用するのですか？,洗濯の所要時間は？,0.628634466685007
自動投入機能はどう使うの？,自宅にいない時でも、スマートフォンなどを使って洗濯機を遠隔で操作し、洗濯を開始することはできますか？,0.6285645961719584
洗濯機を使い始めるにはどうすればいいですか？　手順を教えて下さい。,手動で洗剤を入れることはできますか？,0.6285567298560544
深夜に運転しても大丈夫？,コースが表示されないのですが,0.6285421054887226
ドアが開かない原因は？,ドアが完全に閉まりません,0.628505700155293
ジェット乾燥機能は、どのような仕組みで乾燥をするのですか？,洗濯ネットは必要ですか？,0.6284881977279542
一時停止したらドアは開く？,「水が出ない」エラーが出ます,0.6284788758316375
洗濯をスタートする方法を教えて？,靴は洗えますか？,0.6284499545905731
自動投入機能はどう使うの？,毛布の洗濯は可能？,0.6284052371587018
自動投入機能の使い方を教えて？,洗濯物を保護するために、洗濯ネットを使用する必要はありますか？どのような種類の衣類に推奨されますか？,0.6283591141706479
スニーカーは洗える？,水漏れの原因は？,0.628349798240383
個別の設定は可能ですか？,洗濯が終わったのにドアがロックされて開かないのですが、これは故障ですか？どのくらい時間が経てば開くようになりますか？,0.6283471820585522
異音がします。どうしたらよいですか？,靴は洗えますか？,0.6283091116331572
洗濯はせず、衣類を乾燥させる機能だけを使いたいのですが、どのように操作すれば良いですか？,洗濯機本体が不安定で揺れるのですが、どうすれば改善できますか？設置状況を確認する必要がありますか？,0.6282512145321103
自動投入機能の使い方を教えて？,外出先から洗濯を開始できますか？,0.6281921971010871
変な音がするのですが。,洗濯を開始しようとしてもドラムが回転しないのですが、何が原因として考えられますか？安全装置が作動している可能性はありますか？,0.628176322193964
洗濯の各工程（洗い、すすぎ、脱水、乾燥）について、自分の好みに合わせて時間を設定したり、回数を変更したりすることはできますか？,水漏れの原因は？,0.628149338640536
乾燥だけで使用出来ますか？,ドラムが動きません,0.6281362404451545
洗剤の種類で設定変更は必要？,この洗濯機で靴を洗うことはできますか？もしできない場合、何か代わりの方法はありますか？,0.6281034069536691
洗濯中に通常とは異なる音がするのですが、どのような原因が考えられますか？自分で確認できることはありますか？,洗剤の種類で設定変更は必要？,0.6280167000438852
洗濯はせず、衣類を乾燥させる機能だけを使いたいのですが、どのように操作すれば良いですか？,推奨の洗剤・柔軟剤は？,0.6279717042140149
洗濯機を使い始めるにはどうすればいいですか？　手順を教えて下さい。,コースが表示されないのですが,0.6279704922595215
羽毛布団は洗えますか？,洗濯を開始しようとしてもドラムが回転しないのですが、何が原因として考えられますか？安全装置が作動している可能性はありますか？,0.627916033852624
再洗はできる？,すすぎ回数は変えられる？,0.6279096782638927
手動で洗剤を入れることはできますか？,毛布は洗えますか？,0.6278803735160612
洗濯の各工程（洗い、すすぎ、脱水、乾燥）について、自分の好みに合わせて時間を設定したり、回数を変更したりすることはできますか？,洗濯時間は何分ですか？,0.6278792412628231
使用する洗剤のブランドや種類を変更した場合、洗濯機側で何か設定を変更する必要はありますか？,洗濯を開始しようとしてもドラムが回転しないのですが、何が原因として考えられますか？安全装置が作動している可能性はありますか？,0.6278786082094043
洗濯機本体に触れると熱いのですが、これは異常ですか？特に乾燥運転中に熱くなることはありますか？,おすすめの洗剤・柔軟剤はありますか？,0.627848057143451
洗濯が終わったのにドアがロックされて開かないのですが、これは故障ですか？どのくらい時間が経てば開くようになりますか？,羽毛布団を洗濯機で洗いたいのですが、対応していますか？また、洗う際の注意点があれば教えてください。,0.6278468221086979
運転終了時にアラームを鳴らさないようにできますか？,ドラムが動きません,0.6278136787781885
洗濯機本体が不安定で揺れるのですが、どうすれば改善できますか？設置状況を確認する必要がありますか？,「水が出ない」エラーが出ます,0.6278036364027824
個別の設定は可能ですか？,使用する洗剤のブランドや種類を変更した場合、洗濯機側で何か設定を変更する必要はありますか？,0.6277735025477398
急いで洗濯したい時は？,靴は洗えますか？,0.62773557254639
自動投入機能はどう使うの？,予約の仕方は？,0.6276248861343704
ジェット乾燥って何？,外出先から洗濯を開始できますか？,0.6275968130898815
衣類を洗うだけで、乾燥工程は行いたくない場合、どのコースを選択すれば良いですか？,洗濯を一時停止した際、追加の衣類を入れるためにドアを開けることは可能ですか？その条件は何ですか？,0.6275824502372847
乾燥のみの運転は可能ですか？,再洗はできる？,0.6275441614611804
洗濯後、衣類に白い粉状のものが付着しているのですが、何が原因ですか？どのように対処すれば改善されますか？,コースが表示されない。,0.6275365898129551
洗濯を一時停止した際、追加の衣類を入れるためにドアを開けることは可能ですか？その条件は何ですか？,変な音がするのですが。,0.6275224733898067
スチーム機能の使い方を教えて？,ジェット乾燥とは何ですか？,0.6275100051540143
洗濯だけする方法を教えて？,洗濯機本体が不安定で揺れるのですが、どうすれば改善できますか？設置状況を確認する必要がありますか？,0.6274871544813873
おすすめのコースを教えて？,運転終了時にアラームを鳴らさないようにできますか？,0.6274804053303813
異音がします。どうしたらよいですか？,洗濯コースの選択肢が画面に表示されないのですが、これはどういう状況ですか？どのように対処すれば良いですか？,0.6274324930762725
ドアが開かない原因は？,コースが表示されない。,0.6274046041892096
使用する洗剤のブランドや種類を変更した場合、洗濯機側で何か設定を変更する必要はありますか？,洗濯後、衣類に白い粉状のものが付着しているのですが、何が原因ですか？どのように対処すれば改善されますか？,0.6273860765881429
乾燥なしで洗濯するには？,チャイルドロックはどこで設定する？,0.6273062214258682
ドアが閉まらない時は？,ドラムが動きません,0.6272964234521872
ジェット乾燥とは何ですか？,推奨の洗剤・柔軟剤は？,0.627242719135834
羽毛布団は洗濯できる？,洗濯機のドアが最後まで閉まらないのですが、何を確認すれば良いですか？,0.6272421917268669
すすぎや脱水はせずに、衣類を「洗い」の工程だけで済ませたいのですが、そのような設定はできますか？,洗濯機の下から水が漏れているのですが、どのような原因が考えられますか？自分で確認できる対処法はありますか？,0.6272391079129687
一時停止中にドアは開きますか？,「排水できない」エラーが出ます,0.6272062517624064
外出先から洗濯を開始できますか？,時間がない時に、短時間で洗濯を済ませられるようなコースはありますか？,0.6271350153994499
ジェット乾燥機能は、どのような仕組みで乾燥をするのですか？,羽毛布団は洗濯できる？,0.6271153332487469
自動投入機能はどう使うの？,水漏れの原因は？,0.6270783763949361
乾燥のみの運転は可能ですか？,一般的な洗濯コースを選んだ場合、洗濯が完了するまでにおよそ何分くらいかかりますか？,0.6270684427884885
洗濯機のドアが最後まで閉まらないのですが、何を確認すれば良いですか？,洗濯時間は何分ですか？,0.6270564899514341
洗剤や柔軟剤を計る手間を省きたいのですが、自動投入機能はどのように設定して使用するのですか？,この洗濯機に最適な洗剤や柔軟剤はありますか？メーカーから推奨されている製品があれば教えてください。,0.6270476466967366
洗濯物の種類によって脱水時間を調整したいのですが、何分まで設定できますか？,一般的な洗濯コースを選んだ場合、洗濯が完了するまでにおよそ何分くらいかかりますか？,0.6270422912305602
ジェット乾燥機能は、どのような仕組みで乾燥をするのですか？,洗濯ネットは使うべき？,0.6269816843839311
お急ぎコースはありますか？,靴は洗えますか？,0.6269252841782317
ドアが開かないのですが,コースが表示されない。,0.6268878674411344
スチーム機能は何に使うの？,スニーカーは洗える？,0.6268536952711401
洗濯機のドアが最後まで閉まらないのですが、何を確認すれば良いですか？,ドラムが動きません,0.6268219839583811
外出先から洗濯を開始できますか？,ドラムが回らない。,0.6267148910002269
ふんわりキープとは何ですか？,変な音がするのですが。,0.6267055581997336
衣類を洗うだけで、乾燥工程は行いたくない場合、どのコースを選択すれば良いですか？,深夜運転は静か？,0.626580141102891
チャイルドロックはどこで設定する？,ジェット乾燥って何？,0.6265240196245772
乾燥なしで洗濯するには？,自動投入機能はどう使うの？,0.6264191949656652
羽毛布団は洗えますか？,洗濯機が排水できないというエラーメッセージが表示されたのですが、原因は何でしょうか？自分で解決できる方法はありますか？,0.6264008468006796
自宅にいない時でも、スマートフォンなどを使って洗濯機を遠隔で操作し、洗濯を開始することはできますか？,毛布の洗濯は可能？,0.6263893444243364
ジェット乾燥機能は、どのような仕組みで乾燥をするのですか？,一時停止中にドアは開きますか？,0.6262336480374318
自動投入機能はどう使うの？,コースが表示されない。,0.6262137202396971
ふんわりキープの目的は？,この洗濯機で一度に洗濯できる衣類の最大量と、乾燥できる衣類の最大量はそれぞれ何キログラムですか？,0.6261894455155761
洗濯機を使い始めるにはどうすればいいですか？　手順を教えて下さい。,おしゃれ着は洗える？,0.6261274098169212
自動投入機能の使い方を教えて？,羽毛布団は洗えますか？,0.6261267706071474
デリケートな衣類やおしゃれ着を優しく洗うための専用コースはありますか？,ドラムが動きません,0.6261214675401443
洗濯だけする方法を教えて？,洗濯ネットは使うべき？,0.6260577839331651
自動投入機能を使わずに、自分で洗剤を投入したいのですが、設定を教えてください？,毛布の洗濯は可能？,0.6260010259880009
洗濯の各工程（洗い、すすぎ、脱水、乾燥）について、自分の好みに合わせて時間を設定したり、回数を変更したりすることはできますか？,洗濯機に水が供給されないというエラーが表示されたのですが、どのような原因が考えられますか？自分でできる確認事項はありますか？,0.625993671063473
「排水できない」エラーが出ます,洗濯機の下から水が漏れているのですが、どのような原因が考えられますか？自分で確認できる対処法はありますか？,0.6259581577346327
ふんわりキープの目的は？,おしゃれ着コースはありますか？,0.6259495861443357
デリケートな衣類やおしゃれ着を優しく洗うための専用コースはありますか？,この洗濯機で靴を洗うことはできますか？もしできない場合、何か代わりの方法はありますか？,0.6259479359078863
洗濯のすすぎ回数を自分の希望に合わせて変更したいのですが、何回から何回まで選べますか？,洗濯機に水が供給されないというエラーが表示されたのですが、どのような原因が考えられますか？自分でできる確認事項はありますか？,0.6259070934965653
洗濯を一時停止した際、追加の衣類を入れるためにドアを開けることは可能ですか？その条件は何ですか？,洗濯の開始時刻を事前に設定しておきたいのですが、予約機能はどのように使えば良いですか？,0.6259040779384096
深夜に運転しても大丈夫？,洗濯の開始時刻を事前に設定しておきたいのですが、予約機能はどのように使えば良いですか？,0.6258958405585571
おしゃれ着は洗える？,一般的な洗濯コースを選んだ場合、洗濯が完了するまでにおよそ何分くらいかかりますか？,0.6258806118573839
チャイルドロックの設定をしたい,2度洗いは出来ますか？,0.6258377719457382
自動投入機能を使わずに、自分で洗剤を投入したいのですが、設定を教えてください？,毛布は洗えますか？,0.6258328521612739
洗濯だけする方法を教えて？,お急ぎコースはありますか？,0.6258244958220562
洗濯物を保護するために、洗濯ネットを使用する必要はありますか？どのような種類の衣類に推奨されますか？,洗濯機の下から水が漏れているのですが、どのような原因が考えられますか？自分で確認できる対処法はありますか？,0.6257675588340972
乾燥のみの運転は可能ですか？,洗濯物に白い粉が残っています。　どうしたらよいですか？,0.6257668049075092
羽毛布団は洗濯できる？,洗濯機の下から水が漏れているのですが、どのような原因が考えられますか？自分で確認できる対処法はありますか？,0.6257451290087503
ドアが開かない原因は？,洗濯ネットは使うべき？,0.6257431388654893
すすぎの設定を変更することは可能ですか？,羽毛布団は洗濯できる？,0.6257352138534038
ジェット乾燥機能は、どのような仕組みで乾燥をするのですか？,深夜運転は静か？,0.625714361741553
スニーカーは洗える？,予約機能の使い方をおしえて？,0.6256096255640106
本体の揺れが気になる。,洗濯を開始しようとしてもドラムが回転しないのですが、何が原因として考えられますか？安全装置が作動している可能性はありますか？,0.625566359620628
チャイルドロックはどこで設定する？,設定の初期化はできますか？,0.6254813460064177
自動投入機能はどう使うの？,手動で洗剤を入れることはできますか？,0.625452031834973
洗濯物の種類によって脱水時間を調整したいのですが、何分まで設定できますか？,異音がします。どうしたらよいですか？,0.6254447703654001
洗濯物の種類によって脱水時間を調整したいのですが、何分まで設定できますか？,洗濯を一時停止した際、追加の衣類を入れるためにドアを開けることは可能ですか？その条件は何ですか？,0.6254282734250544
チャイルドロックはどこで設定する？,推奨の洗剤・柔軟剤は？,0.6252602594364385
脱水時間の変更は可能ですか？,水が出ないエラーが出た。,0.6252365766784056
洗濯が終わったのにドアがロックされて開かないのですが、これは故障ですか？どのくらい時間が経てば開くようになりますか？,洗濯物に白い粉が残っています。　どうしたらよいですか？,0.6252049674462535
ふんわりキープの目的は？,洗濯機本体が不安定で揺れるのですが、どうすれば改善できますか？設置状況を確認する必要がありますか？,0.6251984145431605
洗濯機を使い始めるにはどうすればいいですか？　手順を教えて下さい。,衣類を洗うだけで、乾燥工程は行いたくない場合、どのコースを選択すれば良いですか？,0.6251267808709331
すすぎ回数は変えられる？,羽毛布団は洗濯できる？,0.6250993419958851
洗濯だけする方法を教えて？,洗濯機が排水できないというエラーメッセージが表示されたのですが、原因は何でしょうか？自分で解決できる方法はありますか？,0.6250832063974905
洗濯機のドアが最後まで閉まらないのですが、何を確認すれば良いですか？,おすすめの洗剤・柔軟剤はありますか？,0.6250481958131996
洗濯だけする方法を教えて？,洗濯を開始しようとしてもドラムが回転しないのですが、何が原因として考えられますか？安全装置が作動している可能性はありますか？,0.6250146370912839
洗濯のすすぎ回数を自分の希望に合わせて変更したいのですが、何回から何回まで選べますか？,遠隔で洗濯を開始できますか？,0.6250079021604134
洗濯はせず、衣類を乾燥させる機能だけを使いたいのですが、どのように操作すれば良いですか？,羽毛布団を洗濯機で洗いたいのですが、対応していますか？また、洗う際の注意点があれば教えてください。,0.6249134283979312
ふんわりキープとは何ですか？,急いで洗濯したい時は？,0.6249099694449802
乾燥なしで洗濯するには？,すすぎの設定を変更することは可能ですか？,0.6249037259835937
乾燥のみの運転は可能ですか？,一時停止したらドアは開く？,0.6248865633928735
乾燥だけで使用出来ますか？,本体がぐらつきます。どうしたら良いですか？,0.6248524141556117
羽毛布団を洗濯機で洗いたいのですが、対応していますか？また、洗う際の注意点があれば教えてください。,洗濯物が絡まります。どうしたらよいですか？,0.6247773690002328
ふんわりキープとは何ですか？,羽毛布団を洗濯機で洗いたいのですが、対応していますか？また、洗う際の注意点があれば教えてください。,0.6247278506671092
再洗はできる？,自宅の洗濯機で毛布を洗うことはできますか？もし洗える場合、何か特別な条件やコースがありますか？,0.6247070999945523
羽毛布団を洗濯機で洗いたいのですが、対応していますか？また、洗う際の注意点があれば教えてください。,スニーカーは洗える？,0.6246293946434271
すすぎの設定を変更することは可能ですか？,洗濯終了時のお知らせ音を鳴らさないようにしたいのですが、その設定はどこで変更できますか？,0.6245388344331664
衣類を洗うだけで、乾燥工程は行いたくない場合、どのコースを選択すれば良いですか？,洗濯機本体が不安定で揺れるのですが、どうすれば改善できますか？設置状況を確認する必要がありますか？,0.6245345599069125
ジェット乾燥とは何ですか？,一時停止中にドアは開きますか？,0.6245188203057104
すすぎ回数は変えられる？,靴は洗えますか？,0.6245161564643393
チャイルドロックはどこで設定する？,デリケートな衣類やおしゃれ着を優しく洗うための専用コースはありますか？,0.6245135834572749
再洗はできる？,洗剤の種類で設定変更は必要？,0.6244932949920919
ふんわりキープとは何ですか？,自宅にいない時でも、スマートフォンなどを使って洗濯機を遠隔で操作し、洗濯を開始することはできますか？,0.6244796689669887
靴は洗えますか？,ドアが完全に閉まりません,0.6244336077028473
2度洗いは出来ますか？,深夜運転は静か？,0.6244259300820867
乾燥だけで使用出来ますか？,水漏れの原因は？,0.6244049973328427
毛布は洗えますか？,推奨の洗剤・柔軟剤は？,0.6243882139751165
洗剤の種類によって設定は変わりますか？,洗濯を開始しようとしてもドラムが回転しないのですが、何が原因として考えられますか？安全装置が作動している可能性はありますか？,0.6243728629036315
毛布は洗えますか？,異音がします。どうしたらよいですか？,0.6242882112251165
脱水時間の調整はできる？,水漏れしています。どうしたらよいですか？,0.6242702469952819
羽毛布団は洗濯できる？,ドアが閉まらない時は？,0.6242552021374898
ナノイーXとは何ですか？,靴は洗えますか？,0.6242387993535519
ドアが開かないのですが,変な音がするのですが。,0.6242242538120841
洗濯物の種類によって脱水時間を調整したいのですが、何分まで設定できますか？,本体がぐらつきます。どうしたら良いですか？,0.6241864022140058
ジェット乾燥機能は、どのような仕組みで乾燥をするのですか？,洗濯機のドアが最後まで閉まらないのですが、何を確認すれば良いですか？,0.6241619531882283
ナノイーX機能について詳しく教えてください。どのような効果があり、どのコースで利用できますか？,羽毛布団を洗濯機で洗いたいのですが、対応していますか？また、洗う際の注意点があれば教えてください。,0.6241430051617574
洗濯機を使い始めるにはどうすればいいですか？　手順を教えて下さい。,ふんわりキープとは何ですか？,0.6240864939093367
自動投入機能はどう使うの？,洗濯物の絡まりを防ぐには？,0.6240472224753975
羽毛布団は洗えますか？,この洗濯機で靴を洗うことはできますか？もしできない場合、何か代わりの方法はありますか？,0.6240353346470339
ナノイーXとは何ですか？,洗剤の種類で設定変更は必要？,0.6240099078220022
洗濯物の種類や汚れ具合に関わらず、最もおすすめの洗濯コースは何ですか？そのコースではどのような設定が自動で行われますか？,洗濯機の下から水が漏れているのですが、どのような原因が考えられますか？自分で確認できる対処法はありますか？,0.6239077768657483
脱水時間の調整はできる？,洗濯後、衣類に白い粉状のものが付着しているのですが、何が原因ですか？どのように対処すれば改善されますか？,0.6238797513113776
洗濯だけする方法を教えて？,洗いのみは可能？,0.6238658032788755
個別の設定は可能ですか？,「洗い」だけ行いたいのですが,0.6238513818881467
手動で個別に設定する事は可能ですか？,洗剤を手動で投入できますか？,0.6238205220304145
ドアが閉まらない時は？,コースが表示されないのですが,0.6238061428241417
電気代や水道代を節約できるような省エネ運転モードは搭載されていますか？,洗濯機が排水できないというエラーメッセージが表示されたのですが、原因は何でしょうか？自分で解決できる方法はありますか？,0.6237758568342924
洗剤や柔軟剤を計る手間を省きたいのですが、自動投入機能はどのように設定して使用するのですか？,衣類のしわを伸ばしたり、気になるにおいを取り除いたりしたいのですが、スチーム機能はどのように使えば良いですか？,0.6237503425989206
深夜に運転しても大丈夫？,お急ぎコースはありますか？,0.623742877158086
一時停止中にドアは開きますか？,洗剤の種類によって設定は変わりますか？,0.6236930285851929
外出先から洗濯を開始できますか？,洗剤の種類で設定変更は必要？,0.6236820018751729
洗剤や柔軟剤を計る手間を省きたいのですが、自動投入機能はどのように設定して使用するのですか？,洗濯時間は何分ですか？,0.6235880290294367
スチーム機能の使い方を教えて？,予約機能の使い方をおしえて？,0.6235725438344755
ドアが開かない原因は？,ドアが閉まらない時は？,0.6234752458582072
深夜運転は静か？,この洗濯機で靴を洗うことはできますか？もしできない場合、何か代わりの方法はありますか？,0.6234725698182284
洗剤を手動で投入できますか？,毛布は洗えますか？,0.6234259387407182
チャイルドロックはどこで設定する？,「ふんわりキープ」とはどのような機能ですか？,0.6234004567945828
脱水時間の変更は可能ですか？,一時停止したらドアは開く？,0.6233697230727755
デリケートな衣類やおしゃれ着を優しく洗うための専用コースはありますか？,洗剤の種類によって設定は変わりますか？,0.6233600457237098
個別の設定は可能ですか？,洗濯機が排水できないというエラーメッセージが表示されたのですが、原因は何でしょうか？自分で解決できる方法はありますか？,0.6233409783686665
羽毛布団を洗濯機で洗いたいのですが、対応していますか？また、洗う際の注意点があれば教えてください。,洗濯後、衣類に白い粉状のものが付着しているのですが、何が原因ですか？どのように対処すれば改善されますか？,0.6233135363395079
深夜に運転しても大丈夫？,洗剤の種類によって設定は変わりますか？,0.623312935309545
乾燥だけで使用出来ますか？,洗濯を開始しようとしてもドラムが回転しないのですが、何が原因として考えられますか？安全装置が作動している可能性はありますか？,0.623279817023073
ナノイーXの機能は？,ふんわりキープとは何ですか？,0.6232556210213729
洗濯物の種類や汚れ具合に関わらず、最もおすすめの洗濯コースは何ですか？そのコースではどのような設定が自動で行われますか？,手動で個別に設定する事は可能ですか？,0.6231993641112078
本体がぐらつきます。どうしたら良いですか？,洗濯を開始しようとしてもドラムが回転しないのですが、何が原因として考えられますか？安全装置が作動している可能性はありますか？,0.6231731201354413
外出先から洗濯を開始できますか？,洗濯ネットは必要ですか？,0.6230951129100575
チャイルドロックはどこで設定する？,毛布の洗濯は可能？,0.6230704108567339
ジェット乾燥とは何ですか？,外出先から洗濯を開始できますか？,0.6230002078862464
ドアが完全に閉まりません,コースが表示されないのですが,0.622976688245866
深夜に運転しても大丈夫？,この洗濯機で靴を洗うことはできますか？もしできない場合、何か代わりの方法はありますか？,0.6229187941354967
外出先から洗濯を開始できますか？,使用する洗剤のブランドや種類を変更した場合、洗濯機側で何か設定を変更する必要はありますか？,0.6228946161626434
ドアが完全に閉まりません,水漏れの原因は？,0.6228716163410485
ジェット乾燥とは何ですか？,洗濯機本体が不安定で揺れるのですが、どうすれば改善できますか？設置状況を確認する必要がありますか？,0.6228441248576669
すすぎ回数は変えられる？,終了音を消すには？,0.6227947794640323
羽毛布団は洗えますか？,ドアが閉まらない時は？,0.6227709190735629
乾燥のみの運転は可能ですか？,ドアが開かない原因は？,0.6227588048859909
洗濯物を保護するために、洗濯ネットを使用する必要はありますか？どのような種類の衣類に推奨されますか？,デリケートな衣類やおしゃれ着を優しく洗うための専用コースはありますか？,0.6227114383464087
すすぎの設定を変更することは可能ですか？,終了音を消すには？,0.6226531636428125
遠隔で洗濯を開始できますか？,羽毛布団は洗えますか？,0.6225913583912497
洗濯をスタートする方法を教えて？,スニーカーは洗える？,0.6225139864012519
洗濯機を使い始めるにはどうすればいいですか？　手順を教えて下さい。,一時停止したらドアは開く？,0.6224967112114999
ふんわりキープの目的は？,洗剤の種類によって設定は変わりますか？,0.6224308106804115
子供が誤って操作しないように、チャイルドロックを設定したいのですが、その方法と解除方法を教えてください。,予約機能の使い方をおしえて？,0.6223815867688822
おすすめのコースを教えて？,本体がぐらつきます。どうしたら良いですか？,0.62236091960663
洗濯機を使い始めるにはどうすればいいですか？　手順を教えて下さい。,コースが表示されない。,0.6223587017375529
洗濯物の種類や汚れ具合に関わらず、最もおすすめの洗濯コースは何ですか？そのコースではどのような設定が自動で行われますか？,ふんわりキープとは何ですか？,0.6223356396027527
スチーム機能の使い方を教えて？,外出先から洗濯を開始できますか？,0.6223023695763118
乾燥のみの運転は可能ですか？,変な音がするのですが。,0.6222693350108908
洗濯後、衣類に白い粉状のものが付着しているのですが、何が原因ですか？どのように対処すれば改善されますか？,洗濯の開始時刻を事前に設定しておきたいのですが、予約機能はどのように使えば良いですか？,0.6222548612357561
遠隔で洗濯を開始できますか？,おしゃれ着コースはありますか？,0.6222216262173111
洗濯だけする方法を教えて？,洗濯コースの選択肢が画面に表示されないのですが、これはどういう状況ですか？どのように対処すれば良いですか？,0.6221804583802291
自宅にいない時でも、スマートフォンなどを使って洗濯機を遠隔で操作し、洗濯を開始することはできますか？,予約の仕方は？,0.6221593375538479
洗濯をスタートする方法を教えて？,羽毛布団は洗えますか？,0.6221590676519666
「ふんわりキープ」とはどのような機能ですか？,洗濯コースの選択肢が画面に表示されないのですが、これはどういう状況ですか？どのように対処すれば良いですか？,0.6221204590130798
洗濯のすすぎ回数を自分の希望に合わせて変更したいのですが、何回から何回まで選べますか？,洗濯中に通常とは異なる音がするのですが、どのような原因が考えられますか？自分で確認できることはありますか？,0.6221104727469421
急いで洗濯したい時は？,一般的な洗濯コースを選んだ場合、洗濯が完了するまでにおよそ何分くらいかかりますか？,0.6220948092941947
羽毛布団は洗えますか？,この洗濯機に最適な洗剤や柔軟剤はありますか？メーカーから推奨されている製品があれば教えてください。,0.6220946108267098
洗濯を一時停止した際、追加の衣類を入れるためにドアを開けることは可能ですか？その条件は何ですか？,白い粉が残るのですが。,0.6220731694436181
再洗はできる？,洗濯のすすぎ回数を自分の希望に合わせて変更したいのですが、何回から何回まで選べますか？,0.6220702122653915
深夜運転は静か？,靴は洗えますか？,0.6220670713804494
スチーム機能の使い方を教えて？,毛布は洗えますか？,0.6220428587794194
自宅にいない時でも、スマートフォンなどを使って洗濯機を遠隔で操作し、洗濯を開始することはできますか？,洗剤の種類によって設定は変わりますか？,0.6220379165286793
スチーム機能は何に使うの？,ジェット乾燥とは何ですか？,0.622024690361509
ドアが開かないのですが,おすすめの洗剤・柔軟剤はありますか？,0.6219930330823389
靴は洗えますか？,一般的な洗濯コースを選んだ場合、洗濯が完了するまでにおよそ何分くらいかかりますか？,0.6219810175496094
洗濯をスタートする方法を教えて？,デリケートな衣類やおしゃれ着を優しく洗うための専用コースはありますか？,0.6219622161893277
洗剤や柔軟剤を計る手間を省きたいのですが、自動投入機能はどのように設定して使用するのですか？,洗濯を一時停止した際、追加の衣類を入れるためにドアを開けることは可能ですか？その条件は何ですか？,0.6219106268661081
チャイルドロックの設定をしたい,コースが表示されない。,0.6219096285247683
羽毛布団を洗濯機で洗いたいのですが、対応していますか？また、洗う際の注意点があれば教えてください。,この洗濯機に最適な洗剤や柔軟剤はありますか？メーカーから推奨されている製品があれば教えてください。,0.6219036598063696
自動投入機能はどう使うの？,特に汚れがひどい洗濯物なので、2回続けて洗いたいのですが、そのような設定は可能ですか？,0.6218633036352244
乾燥のみの運転は可能ですか？,この洗濯機で靴を洗うことはできますか？もしできない場合、何か代わりの方法はありますか？,0.6218443539767085
洗濯終了時のお知らせ音を鳴らさないようにしたいのですが、その設定はどこで変更できますか？,スニーカーは洗える？,0.6217988734151516
個別の設定は可能ですか？,水漏れしています。どうしたらよいですか？,0.6217937147886147
スチーム機能の使い方を教えて？,遠隔で洗濯を開始できますか？,0.6217672620690502
脱水時間の調整はできる？,洗濯物に白い粉が残っています。　どうしたらよいですか？,0.6217668727853634
子供が誤って操作しないように、チャイルドロックを設定したいのですが、その方法と解除方法を教えてください。,洗剤の種類で設定変更は必要？,0.6217415612977304
洗濯物の種類によって脱水時間を調整したいのですが、何分まで設定できますか？,本体の揺れが気になる。,0.6217257158111116
羽毛布団は洗えますか？,本体が熱くなります,0.6216417413640998
衣類のしわを伸ばしたり、気になるにおいを取り除いたりしたいのですが、スチーム機能はどのように使えば良いですか？,洗濯の開始時刻を事前に設定しておきたいのですが、予約機能はどのように使えば良いですか？,0.621607098765443
乾燥のみの運転は可能ですか？,本体の揺れが気になる。,0.6215816955651015
洗濯のすすぎ回数を自分の希望に合わせて変更したいのですが、何回から何回まで選べますか？,この洗濯機で靴を洗うことはできますか？もしできない場合、何か代わりの方法はありますか？,0.6215621080513858
ふんわりキープの目的は？,洗濯の開始時刻を事前に設定しておきたいのですが、予約機能はどのように使えば良いですか？,0.6215194191879707
手動で個別に設定する事は可能ですか？,水漏れの原因は？,0.6214965135721078
深夜運転は静か？,洗剤の種類で設定変更は必要？,0.6214908331805389
衣類のしわを伸ばしたり、気になるにおいを取り除いたりしたいのですが、スチーム機能はどのように使えば良いですか？,お急ぎコースはありますか？,0.6214831205240867
手動で個別に設定する事は可能ですか？,洗濯が終わったのにドアがロックされて開かないのですが、これは故障ですか？どのくらい時間が経てば開くようになりますか？,0.621476561564624
洗濯物の種類や汚れ具合に関わらず、最もおすすめの洗濯コースは何ですか？そのコースではどのような設定が自動で行われますか？,運転終了時にアラームを鳴らさないようにできますか？,0.6214720819195954
「洗い」だけ行いたいのですが,洗剤の種類で設定変更は必要？,0.6214329192669293
おしゃれ着は洗える？,本体がぐらつきます。どうしたら良いですか？,0.6214219513770041
洗濯だけする方法を教えて？,洗濯物を保護するために、洗濯ネットを使用する必要はありますか？どのような種類の衣類に推奨されますか？,0.6214010836781473
洗濯中に通常とは異なる音がするのですが、どのような原因が考えられますか？自分で確認できることはありますか？,この洗濯機で靴を洗うことはできますか？もしできない場合、何か代わりの方法はありますか？,0.6213688247379552
デリケートな衣類やおしゃれ着を優しく洗うための専用コースはありますか？,洗剤の種類で設定変更は必要？,0.6213553367459694
洗濯が終わったのにドアがロックされて開かないのですが、これは故障ですか？どのくらい時間が経てば開くようになりますか？,おすすめの洗剤・柔軟剤はありますか？,0.6213166539743562
洗濯の始め方は？,お急ぎコースはありますか？,0.6212969115702305
予約の仕方は？,洗濯時間は何分ですか？,0.6212855123714305
自動投入機能はどう使うの？,羽毛布団を洗濯機で洗いたいのですが、対応していますか？また、洗う際の注意点があれば教えてください。,0.6212853237086057
最適なコースは？,洗濯だけする方法を教えて？,0.621267107440421
おすすめのコースを教えて？,すすぎの設定を変更することは可能ですか？,0.6212280505369725
個別の設定は可能ですか？,白い粉が残るのですが。,0.6212206041395469
洗剤や柔軟剤を計る手間を省きたいのですが、自動投入機能はどのように設定して使用するのですか？,終了音を消すには？,0.6212095524645986
異音がします。どうしたらよいですか？,最大容量は？,0.6211813202799475
羽毛布団を洗濯機で洗いたいのですが、対応していますか？また、洗う際の注意点があれば教えてください。,洗濯物に白い粉が残っています。　どうしたらよいですか？,0.6211308756325246
個別の設定は可能ですか？,特に汚れがひどい洗濯物なので、2回続けて洗いたいのですが、そのような設定は可能ですか？,0.6211130586318658
自動投入機能はどう使うの？,洗濯が終わったのにドアがロックされて開かないのですが、これは故障ですか？どのくらい時間が経てば開くようになりますか？,0.6211055124227697
夜遅い時間帯に洗濯機を運転しても、近隣に迷惑がかからないように静かに運転できるモードはありますか？,洗剤の種類によって設定は変わりますか？,0.6210796747234837
手動で個別に設定する事は可能ですか？,急いで洗濯したい時は？,0.6210524804507894
洗濯のすすぎ回数を自分の希望に合わせて変更したいのですが、何回から何回まで選べますか？,洗濯後に衣類が絡まってしまうことが多いのですが、何か絡まりを防ぐための対処法はありますか？,0.6209870736222214
洗濯が終わったのにドアがロックされて開かないのですが、これは故障ですか？どのくらい時間が経てば開くようになりますか？,推奨の洗剤・柔軟剤は？,0.6209700885392322
洗濯はせず、衣類を乾燥させる機能だけを使いたいのですが、どのように操作すれば良いですか？,洗濯時間は何分ですか？,0.6209628877126835
衣類を洗うだけで、乾燥工程は行いたくない場合、どのコースを選択すれば良いですか？,自宅にいない時でも、スマートフォンなどを使って洗濯機を遠隔で操作し、洗濯を開始することはできますか？,0.6209366426571381
変な音がするのですが。,おしゃれ着は洗える？,0.6209344871024618
乾燥なしで洗濯するには？,お急ぎコースはありますか？,0.6208958783548033
洗剤の種類で設定変更は必要？,洗濯後、衣類に白い粉状のものが付着しているのですが、何が原因ですか？どのように対処すれば改善されますか？,0.6208420984486851
洗濯の各工程（洗い、すすぎ、脱水、乾燥）について、自分の好みに合わせて時間を設定したり、回数を変更したりすることはできますか？,洗濯の所要時間は？,0.6208013489812092
ドアが開かない原因は？,この洗濯機で一度に洗濯できる衣類の最大量と、乾燥できる衣類の最大量はそれぞれ何キログラムですか？,0.6207410938979275
ドアが開かないのですが,予約の仕方は？,0.6207405741306671
チャイルドロックはどこで設定する？,深夜に運転しても大丈夫？,0.6207035044199809
洗濯はせず、衣類を乾燥させる機能だけを使いたいのですが、どのように操作すれば良いですか？,靴は洗えますか？,0.6206405713285956
ドアが閉まらない時は？,洗濯を開始しようとしてもドラムが回転しないのですが、何が原因として考えられますか？安全装置が作動している可能性はありますか？,0.6205943646616787
深夜運転は静か？,ドアが完全に閉まりません,0.6205580567211013
洗濯機を使い始めるにはどうすればいいですか？　手順を教えて下さい。,羽毛布団は洗えますか？,0.6205475790810855
羽毛布団は洗濯できる？,本体が熱い。,0.6205433508865603
洗剤の種類で設定変更は必要？,洗濯機に水が供給されないというエラーが表示されたのですが、どのような原因が考えられますか？自分でできる確認事項はありますか？,0.6205149836141612
乾燥だけで使用出来ますか？,洗いのみは可能？,0.6205068906717051
洗濯機本体が不安定で揺れるのですが、どうすれば改善できますか？設置状況を確認する必要がありますか？,洗濯機本体に触れると熱いのですが、これは異常ですか？特に乾燥運転中に熱くなることはありますか？,0.6204735773941081
外出先から洗濯を開始できますか？,排水エラーが出た。,0.6204466889507256
靴は洗えますか？,洗濯と乾燥の最大容量は？,0.6204326205329018
乾燥だけで使用出来ますか？,この洗濯機に最適な洗剤や柔軟剤はありますか？メーカーから推奨されている製品があれば教えてください。,0.6203279241828
羽毛布団は洗えますか？,本体が熱い。,0.6203246442820609
毛布は洗えますか？,使用する洗剤のブランドや種類を変更した場合、洗濯機側で何か設定を変更する必要はありますか？,0.6202879880176007
自動投入機能の使い方を教えて？,スチーム機能の使い方を教えて？,0.6202862971099548
衣類を洗うだけで、乾燥工程は行いたくない場合、どのコースを選択すれば良いですか？,靴は洗えますか？,0.6202762512116489
この洗濯機で靴を洗うことはできますか？もしできない場合、何か代わりの方法はありますか？,一般的な洗濯コースを選んだ場合、洗濯が完了するまでにおよそ何分くらいかかりますか？,0.6202714108189713
洗濯機本体が不安定で揺れるのですが、どうすれば改善できますか？設置状況を確認する必要がありますか？,予約の仕方は？,0.6202343505047156
スチーム機能の使い方を教えて？,靴は洗えますか？,0.6201699977473554
外出先から洗濯を開始できますか？,羽毛布団は洗濯できる？,0.6201610402617215
ジェット乾燥機能は、どのような仕組みで乾燥をするのですか？,洗濯を一時停止した際、追加の衣類を入れるためにドアを開けることは可能ですか？その条件は何ですか？,0.6200757606967797
洗濯後に衣類が絡まってしまうことが多いのですが、何か絡まりを防ぐための対処法はありますか？,洗濯機の下から水が漏れているのですが、どのような原因が考えられますか？自分で確認できる対処法はありますか？,0.6200389608315107
おすすめのコースを教えて？,スニーカーは洗える？,0.6200365173155652
洗濯はせず、衣類を乾燥させる機能だけを使いたいのですが、どのように操作すれば良いですか？,チャイルドロックはどこで設定する？,0.619983436092108
運転終了時にアラームを鳴らさないようにできますか？,この洗濯機に最適な洗剤や柔軟剤はありますか？メーカーから推奨されている製品があれば教えてください。,0.6199816673210272
洗濯物の絡まりを防ぐには？,靴は洗えますか？,0.6199801026808129
夜遅い時間帯に洗濯機を運転しても、近隣に迷惑がかからないように静かに運転できるモードはありますか？,ドアが完全に閉まりません,0.6199786219641078
個別の設定は可能ですか？,予約の仕方は？,0.6199151072338898
最適なコースは？,洗濯後、衣類に白い粉状のものが付着しているのですが、何が原因ですか？どのように対処すれば改善されますか？,0.6198998470047514
自宅にいない時でも、スマートフォンなどを使って洗濯機を遠隔で操作し、洗濯を開始することはできますか？,洗剤の種類で設定変更は必要？,0.6198865008854904
水が出ないエラーが出た。,コースが表示されないのですが,0.6198782857470716
本体の揺れが気になる。,コースが表示されない。,0.6198675780949238
洗濯だけする方法を教えて？,急いで洗濯したい時は？,0.6198465267149066
ドアが完全に閉まりません,洗濯を開始しようとしてもドラムが回転しないのですが、何が原因として考えられますか？安全装置が作動している可能性はありますか？,0.6198391244404833
洗濯機が排水できないというエラーメッセージが表示されたのですが、原因は何でしょうか？自分で解決できる方法はありますか？,洗濯を開始しようとしてもドラムが回転しないのですが、何が原因として考えられますか？安全装置が作動している可能性はありますか？,0.6198230047153759
スチーム機能は何に使うの？,ジェット乾燥機能は、どのような仕組みで乾燥をするのですか？,0.6196611686795717
最適なコースは？,おしゃれ着は洗える？,0.6196055079442213
ナノイーXの機能は？,洗剤の種類によって設定は変わりますか？,0.619595931489864
ふんわりキープとは何ですか？,洗濯を一時停止した際、追加の衣類を入れるためにドアを開けることは可能ですか？その条件は何ですか？,0.6195585220021729
ドアが閉まらない時は？,推奨の洗剤・柔軟剤は？,0.619529298836071
羽毛布団を洗濯機で洗いたいのですが、対応していますか？また、洗う際の注意点があれば教えてください。,水漏れしています。どうしたらよいですか？,0.6195153774097223
洗濯物を保護するために、洗濯ネットを使用する必要はありますか？どのような種類の衣類に推奨されますか？,推奨の洗剤・柔軟剤は？,0.6193821051382097
個別の設定は可能ですか？,時間がない時に、短時間で洗濯を済ませられるようなコースはありますか？,0.6193606113025436
設定を工場出荷時に戻せる？,この洗濯機に最適な洗剤や柔軟剤はありますか？メーカーから推奨されている製品があれば教えてください。,0.6193228689306709
深夜運転は静か？,お急ぎコースはありますか？,0.6193090901934944
異音がします。どうしたらよいですか？,洗濯と乾燥の最大容量は？,0.6192888472175371
洗剤や柔軟剤を計る手間を省きたいのですが、自動投入機能はどのように設定して使用するのですか？,自宅の洗濯機で毛布を洗うことはできますか？もし洗える場合、何か特別な条件やコースがありますか？,0.6192885517547272
洗剤の種類によって設定は変わりますか？,一般的な洗濯コースを選んだ場合、洗濯が完了するまでにおよそ何分くらいかかりますか？,0.6192295929946879
デリケートな衣類やおしゃれ着を優しく洗うための専用コースはありますか？,排水エラーが出た。,0.6191804033543717
ドアが開かない原因は？,コースが表示されないのですが,0.6191672565179889
子供が誤って操作しないように、チャイルドロックを設定したいのですが、その方法と解除方法を教えてください。,洗剤の種類によって設定は変わりますか？,0.6191505176429999
おしゃれ着は洗える？,ドラムが動きません,0.6191258764696497
ドアが開かない原因は？,洗濯物を保護するために、洗濯ネットを使用する必要はありますか？どのような種類の衣類に推奨されますか？,0.6191200244496233
洗濯ネットは使うべき？,推奨の洗剤・柔軟剤は？,0.6191180866390182
羽毛布団は洗えますか？,変な音がするのですが。,0.6191164595795858
衣類を洗うだけで、乾燥工程は行いたくない場合、どのコースを選択すれば良いですか？,衣類のしわを伸ばしたり、気になるにおいを取り除いたりしたいのですが、スチーム機能はどのように使えば良いですか？,0.6191141918430023
洗剤を手動で投入できますか？,外出先から洗濯を開始できますか？,0.6191076392180324
乾燥だけで使用出来ますか？,おすすめの洗剤・柔軟剤はありますか？,0.6191054043866617
ナノイーXとは何ですか？,自宅にいない時でも、スマートフォンなどを使って洗濯機を遠隔で操作し、洗濯を開始することはできますか？,0.6190794585468529
この洗濯機で靴を洗うことはできますか？もしできない場合、何か代わりの方法はありますか？,洗濯機が排水できないというエラーメッセージが表示されたのですが、原因は何でしょうか？自分で解決できる方法はありますか？,0.6190254128670198
ジェット乾燥機能は、どのような仕組みで乾燥をするのですか？,洗濯物に白い粉が残っています。　どうしたらよいですか？,0.6190188842386084
ドアが完全に閉まりません,推奨の洗剤・柔軟剤は？,0.6189899718322891
乾燥のみの運転は可能ですか？,本体がぐらつきます。どうしたら良いですか？,0.6189529643590777
洗濯機を使い始めるにはどうすればいいですか？　手順を教えて下さい。,洗剤や柔軟剤を計る手間を省きたいのですが、自動投入機能はどのように設定して使用するのですか？,0.6189285690532287
洗濯物が絡まります。どうしたらよいですか？,おしゃれ着コースはありますか？,0.6189224591720194
乾燥なしで洗濯するには？,ジェット乾燥機能は、どのような仕組みで乾燥をするのですか？,0.6188930929315932
運転終了時にアラームを鳴らさないようにできますか？,デリケートな衣類やおしゃれ着を優しく洗うための専用コースはありますか？,0.618817299856202
おすすめのコースを教えて？,おしゃれ着コースはありますか？,0.6187223141513888
一般的な洗濯コースを選んだ場合、洗濯が完了するまでにおよそ何分くらいかかりますか？,洗濯機の下から水が漏れているのですが、どのような原因が考えられますか？自分で確認できる対処法はありますか？,0.6187145960630013
脱水時間の調整はできる？,洗濯機の下から水が漏れているのですが、どのような原因が考えられますか？自分で確認できる対処法はありますか？,0.6186677520149344
最適なコースは？,おしゃれ着コースはありますか？,0.61864546071167
スチーム機能は何に使うの？,ドラムが回らない。,0.6185921260148418
特に汚れがひどい洗濯物なので、2回続けて洗いたいのですが、そのような設定は可能ですか？,洗濯機本体が不安定で揺れるのですが、どうすれば改善できますか？設置状況を確認する必要がありますか？,0.6185254417445839
チャイルドロックの設定をしたい,コースが表示されないのですが,0.6184968506792259
夜遅い時間帯に洗濯機を運転しても、近隣に迷惑がかからないように静かに運転できるモードはありますか？,コースが表示されないのですが,0.618495680710627
乾燥のみの運転は可能ですか？,スチーム機能は何に使うの？,0.6183829791331481
ドアが開かないのですが,洗濯の所要時間は？,0.6183823514621494
羽毛布団を洗濯機で洗いたいのですが、対応していますか？また、洗う際の注意点があれば教えてください。,洗濯後に衣類が絡まってしまうことが多いのですが、何か絡まりを防ぐための対処法はありますか？,0.6183378562093562
乾燥のみの運転は可能ですか？,洗濯機の下から水が漏れているのですが、どのような原因が考えられますか？自分で確認できる対処法はありますか？,0.6183326252179148
2度洗いは出来ますか？,外出先から洗濯を開始できますか？,0.6183105708037917
洗剤を手動で投入できますか？,デリケートな衣類やおしゃれ着を優しく洗うための専用コースはありますか？,0.6182660409326656
特に汚れがひどい洗濯物なので、2回続けて洗いたいのですが、そのような設定は可能ですか？,洗濯コースの選択肢が画面に表示されないのですが、これはどういう状況ですか？どのように対処すれば良いですか？,0.6182152757213677
洗濯物の種類や汚れ具合に関わらず、最もおすすめの洗濯コースは何ですか？そのコースではどのような設定が自動で行われますか？,水漏れしています。どうしたらよいですか？,0.6182140937486923
ふんわりキープの目的は？,深夜に運転しても大丈夫？,0.618212049253229
電気代や水道代を節約できるような省エネ運転モードは搭載されていますか？,「排水できない」エラーが出ます,0.6181388635903355
ドアが閉まらない時は？,水漏れしています。どうしたらよいですか？,0.6181198867367353
ジェット乾燥とは何ですか？,お急ぎコースはありますか？,0.6180850038443785
洗濯の開始時刻を事前に設定しておきたいのですが、予約機能はどのように使えば良いですか？,洗濯の所要時間は？,0.6180190656547851
洗濯物を保護するために、洗濯ネットを使用する必要はありますか？どのような種類の衣類に推奨されますか？,水漏れしています。どうしたらよいですか？,0.6180053967211813
外出先から洗濯を開始できますか？,洗濯を開始しようとしてもドラムが回転しないのですが、何が原因として考えられますか？安全装置が作動している可能性はありますか？,0.6179251977037695
洗濯機本体が不安定で揺れるのですが、どうすれば改善できますか？設置状況を確認する必要がありますか？,コースが表示されない。,0.6178822697567161
ナノイーX機能について詳しく教えてください。どのような効果があり、どのコースで利用できますか？,変な音がするのですが。,0.6178822565411388
洗濯を一時停止した際、追加の衣類を入れるためにドアを開けることは可能ですか？その条件は何ですか？,羽毛布団は洗濯できる？,0.6178794337066306
2度洗いは出来ますか？,洗いのみは可能？,0.6178620958718721
省エネモードはありますか？,洗濯機が排水できないというエラーメッセージが表示されたのですが、原因は何でしょうか？自分で解決できる方法はありますか？,0.6177798141370053
手動で洗剤を入れることはできますか？,洗濯機本体が不安定で揺れるのですが、どうすれば改善できますか？設置状況を確認する必要がありますか？,0.6177767015590379
洗濯機を使い始めるにはどうすればいいですか？　手順を教えて下さい。,洗濯機本体が不安定で揺れるのですが、どうすれば改善できますか？設置状況を確認する必要がありますか？,0.6177589639499981
一般的な洗濯コースを選んだ場合、洗濯が完了するまでにおよそ何分くらいかかりますか？,水漏れしています。どうしたらよいですか？,0.6177250533280736
すすぎ回数は変えられる？,運転終了時にアラームを鳴らさないようにできますか？,0.6176936559231165
羽毛布団を洗濯機で洗いたいのですが、対応していますか？また、洗う際の注意点があれば教えてください。,おしゃれ着コースはありますか？,0.6176862770349862
ふんわりキープの目的は？,遠隔で洗濯を開始できますか？,0.6176626886186061
異音がします。どうしたらよいですか？,予約の仕方は？,0.6175846149338688
自動投入機能の使い方を教えて？,特に汚れがひどい洗濯物なので、2回続けて洗いたいのですが、そのような設定は可能ですか？,0.6175595383420344
洗濯機のドアが最後まで閉まらないのですが、何を確認すれば良いですか？,予約機能の使い方をおしえて？,0.6175247439360556
ジェット乾燥とは何ですか？,「ふんわりキープ」とはどのような機能ですか？,0.6174691138216077
靴は洗えますか？,ドラムが回らない。,0.6174119528969134
洗剤や柔軟剤を計る手間を省きたいのですが、自動投入機能はどのように設定して使用するのですか？,ドアが開かないのですが,0.6173635270581508
ナノイーX機能について詳しく教えてください。どのような効果があり、どのコースで利用できますか？,コースが表示されないのですが,0.6172993781551848
洗濯機が排水できないというエラーメッセージが表示されたのですが、原因は何でしょうか？自分で解決できる方法はありますか？,洗濯コースの選択肢が画面に表示されないのですが、これはどういう状況ですか？どのように対処すれば良いですか？,0.6172833536897624
洗濯を一時停止した際、追加の衣類を入れるためにドアを開けることは可能ですか？その条件は何ですか？,羽毛布団は洗えますか？,0.6172590359430117
ナノイーXとは何ですか？,遠隔で洗濯を開始できますか？,0.6172330805182997
靴は洗えますか？,この洗濯機に最適な洗剤や柔軟剤はありますか？メーカーから推奨されている製品があれば教えてください。,0.6171815422461739
洗濯機を使い始めるにはどうすればいいですか？　手順を教えて下さい。,ふんわりキープの目的は？,0.6171554680880729
洗濯をスタートする方法を教えて？,コースが表示されないのですが,0.6171454412442223
乾燥だけで使用出来ますか？,自宅にいない時でも、スマートフォンなどを使って洗濯機を遠隔で操作し、洗濯を開始することはできますか？,0.6170217066408771
衣類を洗うだけで、乾燥工程は行いたくない場合、どのコースを選択すれば良いですか？,本体がぐらつきます。どうしたら良いですか？,0.616957451562977
洗濯物が絡まります。どうしたらよいですか？,ドアが完全に閉まりません,0.6169336414951612
ふんわりキープとは何ですか？,洗濯物を保護するために、洗濯ネットを使用する必要はありますか？どのような種類の衣類に推奨されますか？,0.6168909432874635
ジェット乾燥機能は、どのような仕組みで乾燥をするのですか？,遠隔で洗濯を開始できますか？,0.6168787586497556
洗濯物の種類や汚れ具合に関わらず、最もおすすめの洗濯コースは何ですか？そのコースではどのような設定が自動で行われますか？,洗濯を一時停止した際、追加の衣類を入れるためにドアを開けることは可能ですか？その条件は何ですか？,0.6168785210199756
すすぎ回数は変えられる？,遠隔で洗濯を開始できますか？,0.6168467836952466
最適なコースは？,白い粉が残るのですが。,0.6168326861582691
乾燥だけで使用出来ますか？,スチーム機能は何に使うの？,0.61682526594632
衣類を洗うだけで、乾燥工程は行いたくない場合、どのコースを選択すれば良いですか？,すすぎや脱水はせずに、衣類を「洗い」の工程だけで済ませたいのですが、そのような設定はできますか？,0.6168115190686503
洗濯のすすぎ回数を自分の希望に合わせて変更したいのですが、何回から何回まで選べますか？,洗濯コースの選択肢が画面に表示されないのですが、これはどういう状況ですか？どのように対処すれば良いですか？,0.616811190401355
洗濯物に白い粉が残っています。　どうしたらよいですか？,靴は洗えますか？,0.6167901760531749
ジェット乾燥機能は、どのような仕組みで乾燥をするのですか？,本体の揺れが気になる。,0.616733973117987
手動で個別に設定する事は可能ですか？,洗濯物に白い粉が残っています。　どうしたらよいですか？,0.6167273125699921
お急ぎコースはありますか？,予約の仕方は？,0.6166977301026206
異音がします。どうしたらよいですか？,一般的な洗濯コースを選んだ場合、洗濯が完了するまでにおよそ何分くらいかかりますか？,0.6166554062075711
乾燥なしで洗濯するには？,羽毛布団は洗濯できる？,0.6166160822658315
すすぎ回数は変えられる？,一時停止中にドアは開きますか？,0.6166118026330871
乾燥なしで洗濯するには？,すすぎ回数は変えられる？,0.6165984878167956
異音がします。どうしたらよいですか？,デリケートな衣類やおしゃれ着を優しく洗うための専用コースはありますか？,0.6165703109922898
一時停止したらドアは開く？,ドアが閉まらない時は？,0.6165647392837492
ジェット乾燥って何？,推奨の洗剤・柔軟剤は？,0.6165447253123396
この洗濯機で一度に洗濯できる衣類の最大量と、乾燥できる衣類の最大量はそれぞれ何キログラムですか？,洗濯を開始しようとしてもドラムが回転しないのですが、何が原因として考えられますか？安全装置が作動している可能性はありますか？,0.6164622467194782
深夜に運転しても大丈夫？,時間がない時に、短時間で洗濯を済ませられるようなコースはありますか？,0.6163997507341563
洗濯物が絡まります。どうしたらよいですか？,洗濯物に白い粉が残っています。　どうしたらよいですか？,0.6163739880924586
洗いのみは可能？,おしゃれ着は洗える？,0.6162724008112813
洗剤の種類によって設定は変わりますか？,スニーカーは洗える？,0.616268623671676
すすぎの設定を変更することは可能ですか？,おすすめの洗剤・柔軟剤はありますか？,0.6162048704119468
洗濯をスタートする方法を教えて？,遠隔で洗濯を開始できますか？,0.6161953014689907
ふんわりキープの目的は？,洗濯を一時停止した際、追加の衣類を入れるためにドアを開けることは可能ですか？その条件は何ですか？,0.6161719230457934
靴は洗えますか？,ドアが閉まらない時は？,0.6161432255900117
おしゃれ着は洗える？,水漏れしています。どうしたらよいですか？,0.6161320557562395
自動投入機能を使わずに、自分で洗剤を投入したいのですが、設定を教えてください？,洗濯の開始時刻を事前に設定しておきたいのですが、予約機能はどのように使えば良いですか？,0.6161250799960958
自動投入機能の使い方を教えて？,自宅にいない時でも、スマートフォンなどを使って洗濯機を遠隔で操作し、洗濯を開始することはできますか？,0.6161107738784197
洗濯だけする方法を教えて？,ドラムが動きません,0.6159801110727977
ふんわりキープとは何ですか？,排水エラーが出た。,0.6158382645417326
洗濯を一時停止した際、追加の衣類を入れるためにドアを開けることは可能ですか？その条件は何ですか？,排水エラーが出た。,0.6158369414087256
衣類を洗うだけで、乾燥工程は行いたくない場合、どのコースを選択すれば良いですか？,急いで洗濯したい時は？,0.6158159827788092
洗濯後、衣類に白い粉状のものが付着しているのですが、何が原因ですか？どのように対処すれば改善されますか？,この洗濯機で靴を洗うことはできますか？もしできない場合、何か代わりの方法はありますか？,0.6158007142534399
洗剤の種類で設定変更は必要？,スニーカーは洗える？,0.6157938113486033
ジェット乾燥とは何ですか？,おしゃれ着コースはありますか？,0.6157792228466313
洗剤や柔軟剤を計る手間を省きたいのですが、自動投入機能はどのように設定して使用するのですか？,おすすめの洗剤・柔軟剤はありますか？,0.615719288148526
自動投入機能はどう使うの？,推奨の洗剤・柔軟剤は？,0.6157137293025845
洗濯物を保護するために、洗濯ネットを使用する必要はありますか？どのような種類の衣類に推奨されますか？,洗濯機のドアが最後まで閉まらないのですが、何を確認すれば良いですか？,0.6156928624336907
ドアが開かないのですが,遠隔で洗濯を開始できますか？,0.6156802074881833
チャイルドロックはどこで設定する？,毛布は洗えますか？,0.6156671929455676
ナノイーX機能について詳しく教えてください。どのような効果があり、どのコースで利用できますか？,洗濯物に白い粉が残っています。　どうしたらよいですか？,0.6156620621921383
乾燥だけで使用出来ますか？,スチーム機能の使い方を教えて？,0.6156074062278505
2度洗いは出来ますか？,洗濯の開始時刻を事前に設定しておきたいのですが、予約機能はどのように使えば良いですか？,0.6155755221773587
洗濯物の種類や汚れ具合に関わらず、最もおすすめの洗濯コースは何ですか？そのコースではどのような設定が自動で行われますか？,洗濯コースの選択肢が画面に表示されないのですが、これはどういう状況ですか？どのように対処すれば良いですか？,0.6155491911466364
羽毛布団を洗濯機で洗いたいのですが、対応していますか？また、洗う際の注意点があれば教えてください。,変な音がするのですが。,0.6155450742843082
洗濯が終わったのにドアがロックされて開かないのですが、これは故障ですか？どのくらい時間が経てば開くようになりますか？,羽毛布団は洗えますか？,0.6155444913024519
洗濯をスタートする方法を教えて？,洗濯物を保護するために、洗濯ネットを使用する必要はありますか？どのような種類の衣類に推奨されますか？,0.6155358632984407
洗濯の開始時刻を事前に設定しておきたいのですが、予約機能はどのように使えば良いですか？,洗濯を開始しようとしてもドラムが回転しないのですが、何が原因として考えられますか？安全装置が作動している可能性はありますか？,0.6154833450758315
衣類のしわを伸ばしたり、気になるにおいを取り除いたりしたいのですが、スチーム機能はどのように使えば良いですか？,洗濯を開始しようとしてもドラムが回転しないのですが、何が原因として考えられますか？安全装置が作動している可能性はありますか？,0.6154783636062714
羽毛布団は洗濯できる？,洗濯後、衣類に白い粉状のものが付着しているのですが、何が原因ですか？どのように対処すれば改善されますか？,0.6154616687544973
最適なコースは？,すすぎの設定を変更することは可能ですか？,0.615449418800484
「ふんわりキープ」とはどのような機能ですか？,洗濯物を保護するために、洗濯ネットを使用する必要はありますか？どのような種類の衣類に推奨されますか？,0.6154110865497674
自動投入機能の使い方を教えて？,ドラムが回らない。,0.6154072304172452
最適なコースは？,すすぎ回数は変えられる？,0.6153661059990401
衣類を洗うだけで、乾燥工程は行いたくない場合、どのコースを選択すれば良いですか？,自動投入機能の使い方を教えて？,0.6153377010214829
チャイルドロックはどこで設定する？,ジェット乾燥機能は、どのような仕組みで乾燥をするのですか？,0.6153155903487096
スチーム機能の使い方を教えて？,ジェット乾燥機能は、どのような仕組みで乾燥をするのですか？,0.6153109519653014
洗濯をスタートする方法を教えて？,自動投入機能の使い方を教えて？,0.6152654183592126
おすすめのコースを教えて？,毛布は洗えますか？,0.6152623873042808
衣類を洗うだけで、乾燥工程は行いたくない場合、どのコースを選択すれば良いですか？,洗濯を開始しようとしてもドラムが回転しないのですが、何が原因として考えられますか？安全装置が作動している可能性はありますか？,0.6152524781356885
洗濯のすすぎ回数を自分の希望に合わせて変更したいのですが、何回から何回まで選べますか？,洗濯終了時のお知らせ音を鳴らさないようにしたいのですが、その設定はどこで変更できますか？,0.6151142733451911
乾燥なしで洗濯するには？,コースが表示されない。,0.6151132320251913
洗濯物の種類によって脱水時間を調整したいのですが、何分まで設定できますか？,一時停止中にドアは開きますか？,0.6150952182986346
「ふんわりキープ」とはどのような機能ですか？,すすぎの設定を変更することは可能ですか？,0.6150549435491
洗濯をスタートする方法を教えて？,コースが表示されない。,0.6150412224058397
ジェット乾燥って何？,排水エラーが出た。,0.6150312738153211
自動投入機能の使い方を教えて？,水漏れの原因は？,0.6150290632394295
洗濯のすすぎ回数を自分の希望に合わせて変更したいのですが、何回から何回まで選べますか？,外出先から洗濯を開始できますか？,0.6149854109733729
この洗濯機で靴を洗うことはできますか？もしできない場合、何か代わりの方法はありますか？,洗濯機のドアが最後まで閉まらないのですが、何を確認すれば良いですか？,0.6149553156903009
「ふんわりキープ」とはどのような機能ですか？,この洗濯機で靴を洗うことはできますか？もしできない場合、何か代わりの方法はありますか？,0.6149356049769723
すすぎの設定を変更することは可能ですか？,この洗濯機で靴を洗うことはできますか？もしできない場合、何か代わりの方法はありますか？,0.6149233587624927
外出先から洗濯を開始できますか？,本体の揺れが気になる。,0.6148733291223591
羽毛布団は洗えますか？,洗濯機の下から水が漏れているのですが、どのような原因が考えられますか？自分で確認できる対処法はありますか？,0.6148473033889491
終了音を消すには？,おしゃれ着は洗える？,0.6147940412891635
スチーム機能は何に使うの？,外出先から洗濯を開始できますか？,0.6147087787965657
洗濯の各工程（洗い、すすぎ、脱水、乾燥）について、自分の好みに合わせて時間を設定したり、回数を変更したりすることはできますか？,洗濯機本体が不安定で揺れるのですが、どうすれば改善できますか？設置状況を確認する必要がありますか？,0.6146181436526585
「ふんわりキープ」とはどのような機能ですか？,羽毛布団を洗濯機で洗いたいのですが、対応していますか？また、洗う際の注意点があれば教えてください。,0.6146154391488713
洗濯コースの選択肢が画面に表示されないのですが、これはどういう状況ですか？どのように対処すれば良いですか？,推奨の洗剤・柔軟剤は？,0.6146076475717717
自宅にいない時でも、スマートフォンなどを使って洗濯機を遠隔で操作し、洗濯を開始することはできますか？,靴は洗えますか？,0.6145967081044719
ふんわりキープとは何ですか？,推奨の洗剤・柔軟剤は？,0.6145395543634788
子供が誤って操作しないように、チャイルドロックを設定したいのですが、その方法と解除方法を教えてください。,2度洗いは出来ますか？,0.6144864917629317
洗濯の各工程（洗い、すすぎ、脱水、乾燥）について、自分の好みに合わせて時間を設定したり、回数を変更したりすることはできますか？,洗いのみは可能？,0.6144825159050755
外出先から洗濯を開始できますか？,洗剤の種類によって設定は変わりますか？,0.6144233138859071
衣類を洗うだけで、乾燥工程は行いたくない場合、どのコースを選択すれば良いですか？,ふんわりキープとは何ですか？,0.6144054757844977
ふんわりキープとは何ですか？,本体がぐらつきます。どうしたら良いですか？,0.6143995661358921
特に汚れがひどい洗濯物なので、2回続けて洗いたいのですが、そのような設定は可能ですか？,洗濯物を保護するために、洗濯ネットを使用する必要はありますか？どのような種類の衣類に推奨されますか？,0.6143994033269328
洗濯が終わったのにドアがロックされて開かないのですが、これは故障ですか？どのくらい時間が経てば開くようになりますか？,遠隔で洗濯を開始できますか？,0.6143540303023327
おすすめのコースを教えて？,水漏れしています。どうしたらよいですか？,0.6143365534173697
自動投入機能の使い方を教えて？,遠隔で洗濯を開始できますか？,0.6143083591599416
洗濯をスタートする方法を教えて？,予約の仕方は？,0.6143035433731683
洗濯物の種類によって脱水時間を調整したいのですが、何分まで設定できますか？,排水エラーが出た。,0.6142574240932158
運転終了時にアラームを鳴らさないようにできますか？,コースが表示されないのですが,0.6142408467491383
洗濯はせず、衣類を乾燥させる機能だけを使いたいのですが、どのように操作すれば良いですか？,洗濯機の下から水が漏れているのですが、どのような原因が考えられますか？自分で確認できる対処法はありますか？,0.6142077911139883
スニーカーは洗える？,予約の仕方は？,0.6141922619112693
ジェット乾燥とは何ですか？,洗剤の種類で設定変更は必要？,0.6141566480708939
洗濯のすすぎ回数を自分の希望に合わせて変更したいのですが、何回から何回まで選べますか？,異音がします。どうしたらよいですか？,0.6141306280484848
夜遅い時間帯に洗濯機を運転しても、近隣に迷惑がかからないように静かに運転できるモードはありますか？,予約機能の使い方をおしえて？,0.6141300656402204
特に汚れがひどい洗濯物なので、2回続けて洗いたいのですが、そのような設定は可能ですか？,使用する洗剤のブランドや種類を変更した場合、洗濯機側で何か設定を変更する必要はありますか？,0.6140505296395085
ドアが閉まらない時は？,コースが表示されない。,0.6140322413398263
洗濯機を使い始めるにはどうすればいいですか？　手順を教えて下さい。,2度洗いは出来ますか？,0.6139938990549796
洗濯が終わったのにドアがロックされて開かないのですが、これは故障ですか？どのくらい時間が経てば開くようになりますか？,本体が熱くなります,0.6139774557372325
変な音がするのですが。,予約の仕方は？,0.6139359877732075
ドアが閉まらない時は？,この洗濯機に最適な洗剤や柔軟剤はありますか？メーカーから推奨されている製品があれば教えてください。,0.6139280256815918
本体の揺れが気になる。,ドラムが動きません,0.6139245467188825
すすぎ回数は変えられる？,推奨の洗剤・柔軟剤は？,0.6139212467220201
ナノイーXとは何ですか？,洗濯機本体が不安定で揺れるのですが、どうすれば改善できますか？設置状況を確認する必要がありますか？,0.6138935602570601
洗濯の各工程（洗い、すすぎ、脱水、乾燥）について、自分の好みに合わせて時間を設定したり、回数を変更したりすることはできますか？,水漏れしています。どうしたらよいですか？,0.6137805924889448
羽毛布団は洗濯できる？,スニーカーは洗える？,0.6137804942376747
「ふんわりキープ」とはどのような機能ですか？,運転終了時にアラームを鳴らさないようにできますか？,0.6137176481185725
遠隔で洗濯を開始できますか？,一般的な洗濯コースを選んだ場合、洗濯が完了するまでにおよそ何分くらいかかりますか？,0.6136804045940375
洗濯はせず、衣類を乾燥させる機能だけを使いたいのですが、どのように操作すれば良いですか？,すすぎの設定を変更することは可能ですか？,0.6136632090290022
すすぎの設定を変更することは可能ですか？,洗濯後、衣類に白い粉状のものが付着しているのですが、何が原因ですか？どのように対処すれば改善されますか？,0.6136449862470476
羽毛布団は洗えますか？,デリケートな衣類やおしゃれ着を優しく洗うための専用コースはありますか？,0.6136275697979189
ジェット乾燥機能は、どのような仕組みで乾燥をするのですか？,一時停止したらドアは開く？,0.6135456977232396
洗濯のすすぎ回数を自分の希望に合わせて変更したいのですが、何回から何回まで選べますか？,この洗濯機に最適な洗剤や柔軟剤はありますか？メーカーから推奨されている製品があれば教えてください。,0.6134928314705168
チャイルドロックはどこで設定する？,自宅にいない時でも、スマートフォンなどを使って洗濯機を遠隔で操作し、洗濯を開始することはできますか？,0.6134402747214843
乾燥だけで使用出来ますか？,異音がします。どうしたらよいですか？,0.6134017914665553
自動投入機能の使い方を教えて？,ジェット乾燥って何？,0.6133767011867435
羽毛布団は洗濯できる？,予約機能の使い方をおしえて？,0.6132968753520156
洗濯を開始しようとしてもドラムが回転しないのですが、何が原因として考えられますか？安全装置が作動している可能性はありますか？,洗濯機本体に触れると熱いのですが、これは異常ですか？特に乾燥運転中に熱くなることはありますか？,0.6132934190449313
チャイルドロックはどこで設定する？,深夜運転は静か？,0.613246520005017
洗濯のすすぎ回数を自分の希望に合わせて変更したいのですが、何回から何回まで選べますか？,洗濯を開始しようとしてもドラムが回転しないのですが、何が原因として考えられますか？安全装置が作動している可能性はありますか？,0.6132246932271269
洗濯物の種類によって脱水時間を調整したいのですが、何分まで設定できますか？,水が出ないエラーが出た。,0.613216613227181
個別の設定は可能ですか？,「排水できない」エラーが出ます,0.6131995797890439
洗剤や柔軟剤を計る手間を省きたいのですが、自動投入機能はどのように設定して使用するのですか？,時間がない時に、短時間で洗濯を済ませられるようなコースはありますか？,0.6131984897121296
自宅にいない時でも、スマートフォンなどを使って洗濯機を遠隔で操作し、洗濯を開始することはできますか？,この洗濯機で一度に洗濯できる衣類の最大量と、乾燥できる衣類の最大量はそれぞれ何キログラムですか？,0.6131873478568128
本体がぐらつきます。どうしたら良いですか？,コースが表示されないのですが,0.6131783138728855
洗濯中に通常とは異なる音がするのですが、どのような原因が考えられますか？自分で確認できることはありますか？,洗濯の開始時刻を事前に設定しておきたいのですが、予約機能はどのように使えば良いですか？,0.6130792310701991
ジェット乾燥機能は、どのような仕組みで乾燥をするのですか？,洗濯物を保護するために、洗濯ネットを使用する必要はありますか？どのような種類の衣類に推奨されますか？,0.6130678461224659
洗濯の開始時刻を事前に設定しておきたいのですが、予約機能はどのように使えば良いですか？,洗濯時間は何分ですか？,0.6129770499947771
洗濯物の種類や汚れ具合に関わらず、最もおすすめの洗濯コースは何ですか？そのコースではどのような設定が自動で行われますか？,乾燥のみの運転は可能ですか？,0.6129595279117117
最適なコースは？,ふんわりキープの目的は？,0.612929047939655
洗濯終了時のお知らせ音を鳴らさないようにしたいのですが、その設定はどこで変更できますか？,コースが表示されないのですが,0.6128709506519734
ジェット乾燥機能は、どのような仕組みで乾燥をするのですか？,デリケートな衣類やおしゃれ着を優しく洗うための専用コースはありますか？,0.6128395919488693
異音がします。どうしたらよいですか？,洗濯の所要時間は？,0.6128236092795971
おしゃれ着コースはありますか？,推奨の洗剤・柔軟剤は？,0.6127600263945467
乾燥なしで洗濯するには？,洗剤や柔軟剤を計る手間を省きたいのですが、自動投入機能はどのように設定して使用するのですか？,0.612660539969955
すすぎの設定を変更することは可能ですか？,羽毛布団は洗えますか？,0.6126584587206945
脱水時間の調整はできる？,洗濯の所要時間は？,0.6126454905012462
乾燥だけで使用出来ますか？,ドアが開かない原因は？,0.6126277495329985
洗濯ネットは必要ですか？,本体の揺れが気になる。,0.6125521516412322
洗濯はせず、衣類を乾燥させる機能だけを使いたいのですが、どのように操作すれば良いですか？,本体がぐらつきます。どうしたら良いですか？,0.6125250772612869
ジェット乾燥って何？,デリケートな衣類やおしゃれ着を優しく洗うための専用コースはありますか？,0.6125152244580181
洗濯の始め方は？,予約の仕方は？,0.6125146481131851
洗濯をスタートする方法を教えて？,時間がない時に、短時間で洗濯を済ませられるようなコースはありますか？,0.6124859279843445
ジェット乾燥機能は、どのような仕組みで乾燥をするのですか？,洗剤の種類によって設定は変わりますか？,0.6124689264255867
衣類を洗うだけで、乾燥工程は行いたくない場合、どのコースを選択すれば良いですか？,水漏れの原因は？,0.6124601571997997
洗濯の始め方は？,急いで洗濯したい時は？,0.6124559084350156
洗濯をスタートする方法を教えて？,予約機能の使い方をおしえて？,0.6124476034264628
羽毛布団を洗濯機で洗いたいのですが、対応していますか？また、洗う際の注意点があれば教えてください。,異音がします。どうしたらよいですか？,0.6124185415280992
羽毛布団は洗えますか？,推奨の洗剤・柔軟剤は？,0.6123921550215623
ジェット乾燥って何？,お急ぎコースはありますか？,0.612382989992136
ドアが開かないのですが,水漏れの原因は？,0.6123786654423244
毛布の洗濯は可能？,夜遅い時間帯に洗濯機を運転しても、近隣に迷惑がかからないように静かに運転できるモードはありますか？,0.6123504645755908
衣類のしわを伸ばしたり、気になるにおいを取り除いたりしたいのですが、スチーム機能はどのように使えば良いですか？,ドラムが回らない。,0.61231818607292
お急ぎコースはありますか？,予約機能の使い方をおしえて？,0.6122953681973617
一般的な洗濯コースを選んだ場合、洗濯が完了するまでにおよそ何分くらいかかりますか？,この洗濯機で一度に洗濯できる衣類の最大量と、乾燥できる衣類の最大量はそれぞれ何キログラムですか？,0.6122384293269687
乾燥のみの運転は可能ですか？,洗濯機に水が供給されないというエラーが表示されたのですが、どのような原因が考えられますか？自分でできる確認事項はありますか？,0.6122240637650613
洗濯をスタートする方法を教えて？,外出先から洗濯を開始できますか？,0.6122094599130304
洗濯が終わったのにドアがロックされて開かないのですが、これは故障ですか？どのくらい時間が経てば開くようになりますか？,洗濯ネットは必要ですか？,0.6122088339854715
衣類を洗うだけで、乾燥工程は行いたくない場合、どのコースを選択すれば良いですか？,この洗濯機に最適な洗剤や柔軟剤はありますか？メーカーから推奨されている製品があれば教えてください。,0.6121928158667045
洗剤を手動で投入できますか？,毛布の洗濯は可能？,0.6121777765222276
ふんわりキープの目的は？,この洗濯機で靴を洗うことはできますか？もしできない場合、何か代わりの方法はありますか？,0.6121714527905107
おしゃれ着は洗える？,この洗濯機で靴を洗うことはできますか？もしできない場合、何か代わりの方法はありますか？,0.6121592770007149
すすぎ回数は変えられる？,コースが表示されないのですが,0.6121276574103343
ドアが開かないのですが,この洗濯機に最適な洗剤や柔軟剤はありますか？メーカーから推奨されている製品があれば教えてください。,0.6121183902247782
乾燥なしで洗濯するには？,洗剤の種類で設定変更は必要？,0.6120888141049772
洗剤や柔軟剤を計る手間を省きたいのですが、自動投入機能はどのように設定して使用するのですか？,洗濯機の下から水が漏れているのですが、どのような原因が考えられますか？自分で確認できる対処法はありますか？,0.6120837689189363
羽毛布団は洗えますか？,水漏れの原因は？,0.612074852750784
洗濯コースの選択肢が画面に表示されないのですが、これはどういう状況ですか？どのように対処すれば良いですか？,この洗濯機に最適な洗剤や柔軟剤はありますか？メーカーから推奨されている製品があれば教えてください。,0.6120516498512807
デリケートな衣類やおしゃれ着を優しく洗うための専用コースはありますか？,設定の初期化はできますか？,0.6120204137440657
お急ぎコースはありますか？,この洗濯機で靴を洗うことはできますか？もしできない場合、何か代わりの方法はありますか？,0.6120020265702026
ドアが開かないのですが,外出先から洗濯を開始できますか？,0.6119478256404403
最適なコースは？,予約機能の使い方をおしえて？,0.6118057987765164
洗剤や柔軟剤を計る手間を省きたいのですが、自動投入機能はどのように設定して使用するのですか？,靴は洗えますか？,0.6116645025670661
ふんわりキープとは何ですか？,時間がない時に、短時間で洗濯を済ませられるようなコースはありますか？,0.6116505757476014
洗濯の各工程（洗い、すすぎ、脱水、乾燥）について、自分の好みに合わせて時間を設定したり、回数を変更したりすることはできますか？,洗濯後、衣類に白い粉状のものが付着しているのですが、何が原因ですか？どのように対処すれば改善されますか？,0.6115955845057386
洗濯機を使い始めるにはどうすればいいですか？　手順を教えて下さい。,特に汚れがひどい洗濯物なので、2回続けて洗いたいのですが、そのような設定は可能ですか？,0.6115782972452956
洗濯を一時停止した際、追加の衣類を入れるためにドアを開けることは可能ですか？その条件は何ですか？,ドラムが動きません,0.6115564043110133
ナノイーXの機能は？,靴は洗えますか？,0.6115335159896296
洗濯物を保護するために、洗濯ネットを使用する必要はありますか？どのような種類の衣類に推奨されますか？,水漏れの原因は？,0.6114238424990103
羽毛布団は洗濯できる？,使用する洗剤のブランドや種類を変更した場合、洗濯機側で何か設定を変更する必要はありますか？,0.6113902784701599
すすぎの設定を変更することは可能ですか？,毛布は洗えますか？,0.6113403232686607
ナノイーXの機能は？,スニーカーは洗える？,0.6112833372185327
おしゃれ着は洗える？,最大容量は？,0.61127426585986
ドアが完全に閉まりません,コースが表示されない。,0.6112616302997649
洗濯だけする方法を教えて？,チャイルドロックの設定をしたい,0.6112073325090605
ふんわりキープの目的は？,急いで洗濯したい時は？,0.6111998666303029
デリケートな衣類やおしゃれ着を優しく洗うための専用コースはありますか？,ドラムが回らない。,0.6111797048988274
「ふんわりキープ」とはどのような機能ですか？,洗濯中に通常とは異なる音がするのですが、どのような原因が考えられますか？自分で確認できることはありますか？,0.611177810964452
羽毛布団を洗濯機で洗いたいのですが、対応していますか？また、洗う際の注意点があれば教えてください。,使用する洗剤のブランドや種類を変更した場合、洗濯機側で何か設定を変更する必要はありますか？,0.6111759764579672
羽毛布団は洗えますか？,異音がします。どうしたらよいですか？,0.6111719460540547
深夜に運転しても大丈夫？,ドアが完全に閉まりません,0.6111377744148994
おしゃれ着コースはありますか？,ドラムが動きません,0.6110551186698294
洗濯物に白い粉が残っています。　どうしたらよいですか？,一般的な洗濯コースを選んだ場合、洗濯が完了するまでにおよそ何分くらいかかりますか？,0.6110510654947505
おすすめのコースを教えて？,手動で個別に設定する事は可能ですか？,0.6110479006427236
ジェット乾燥とは何ですか？,洗濯を一時停止した際、追加の衣類を入れるためにドアを開けることは可能ですか？その条件は何ですか？,0.6109694911674243
羽毛布団を洗濯機で洗いたいのですが、対応していますか？また、洗う際の注意点があれば教えてください。,洗濯中に通常とは異なる音がするのですが、どのような原因が考えられますか？自分で確認できることはありますか？,0.610937967302676
乾燥のみの運転は可能ですか？,スニーカーは洗える？,0.6109349448903147
チャイルドロックの設定をしたい,ナノイーXの機能は？,0.6109041530146332
スチーム機能の使い方を教えて？,ドラムが回らない。,0.6109010804805941
すすぎ回数は変えられる？,洗濯機の下から水が漏れているのですが、どのような原因が考えられますか？自分で確認できる対処法はありますか？,0.6108729784426516
乾燥なしで洗濯するには？,遠隔で洗濯を開始できますか？,0.6107674915930488
洗濯物を保護するために、洗濯ネットを使用する必要はありますか？どのような種類の衣類に推奨されますか？,洗剤の種類によって設定は変わりますか？,0.6107549323813901
ふんわりキープの目的は？,洗濯ネットは必要ですか？,0.6107478190092333
洗剤の種類によって設定は変わりますか？,この洗濯機で靴を洗うことはできますか？もしできない場合、何か代わりの方法はありますか？,0.6107431202630734
ナノイーX機能について詳しく教えてください。どのような効果があり、どのコースで利用できますか？,ふんわりキープとは何ですか？,0.6107367993501562
自動投入機能はどう使うの？,ジェット乾燥って何？,0.6107023919291751
洗濯物の種類や汚れ具合に関わらず、最もおすすめの洗濯コースは何ですか？そのコースではどのような設定が自動で行われますか？,衣類を洗うだけで、乾燥工程は行いたくない場合、どのコースを選択すれば良いですか？,0.6106779092883705
ジェット乾燥機能は、どのような仕組みで乾燥をするのですか？,推奨の洗剤・柔軟剤は？,0.6106491598574305
夜遅い時間帯に洗濯機を運転しても、近隣に迷惑がかからないように静かに運転できるモードはありますか？,洗濯機のドアが最後まで閉まらないのですが、何を確認すれば良いですか？,0.6106362223844888
自動投入機能はどう使うの？,深夜運転は静か？,0.6105563796807005
チャイルドロックの設定をしたい,特に汚れがひどい洗濯物なので、2回続けて洗いたいのですが、そのような設定は可能ですか？,0.6105509752350213
手動で洗剤を入れることはできますか？,洗濯の開始時刻を事前に設定しておきたいのですが、予約機能はどのように使えば良いですか？,0.6105041200472466
ドアが開かないのですが,一般的な洗濯コースを選んだ場合、洗濯が完了するまでにおよそ何分くらいかかりますか？,0.6104709111775293
自動投入機能はどう使うの？,水漏れしています。どうしたらよいですか？,0.6104582227428077
スニーカーは洗える？,この洗濯機で靴を洗うことはできますか？もしできない場合、何か代わりの方法はありますか？,0.6103432993969463
自動投入機能の使い方を教えて？,ドラムが動きません,0.6103189066204018
羽毛布団は洗濯できる？,本体が熱くなります,0.6102652975739133
衣類のしわを伸ばしたり、気になるにおいを取り除いたりしたいのですが、スチーム機能はどのように使えば良いですか？,洗濯コースの選択肢が画面に表示されないのですが、これはどういう状況ですか？どのように対処すれば良いですか？,0.6102532562133027
洗濯中に急な用事ができた場合、途中で運転を一時停止させることはできますか？その操作方法を教えてください。,羽毛布団は洗濯できる？,0.6101586520198502
洗濯ネットは必要ですか？,おしゃれ着は洗える？,0.6101215428921574
洗濯物を保護するために、洗濯ネットを使用する必要はありますか？どのような種類の衣類に推奨されますか？,洗濯後、衣類に白い粉状のものが付着しているのですが、何が原因ですか？どのように対処すれば改善されますか？,0.6101156864445241
洗濯だけする方法を教えて？,ドラムが回らない。,0.6100393008244316
自動投入機能の使い方を教えて？,洗いのみは可能？,0.6100207215796412
「ふんわりキープ」とはどのような機能ですか？,推奨の洗剤・柔軟剤は？,0.6100077645864056
洗濯後、衣類に白い粉状のものが付着しているのですが、何が原因ですか？どのように対処すれば改善されますか？,この洗濯機で一度に洗濯できる衣類の最大量と、乾燥できる衣類の最大量はそれぞれ何キログラムですか？,0.609980470614069
おしゃれ着コースはありますか？,おすすめの洗剤・柔軟剤はありますか？,0.6099429046237019
コースが表示されない。,推奨の洗剤・柔軟剤は？,0.6099304491170982
おすすめのコースを教えて？,「ふんわりキープ」とはどのような機能ですか？,0.609919226618238
洗濯をスタートする方法を教えて？,乾燥のみの運転は可能ですか？,0.6099007878558745
洗剤を手動で投入できますか？,スニーカーは洗える？,0.6098903335228658
手動で洗剤を入れることはできますか？,ドラムが動きません,0.6098769363550592
最適なコースは？,予約の仕方は？,0.6098457428183204
水漏れの原因は？,ドラムが動きません,0.6097894131577908
毛布の洗濯は可能？,使用する洗剤のブランドや種類を変更した場合、洗濯機側で何か設定を変更する必要はありますか？,0.6097816846292345
洗剤や柔軟剤を計る手間を省きたいのですが、自動投入機能はどのように設定して使用するのですか？,お急ぎコースはありますか？,0.6097482272972217
再洗はできる？,毛布の洗濯は可能？,0.6097351485253613
乾燥なしで洗濯するには？,靴は洗えますか？,0.6097154535041025
一時停止したらドアは開く？,「排水できない」エラーが出ます,0.6097012015968748
デリケートな衣類やおしゃれ着を優しく洗うための専用コースはありますか？,誤った設定をしてしまったので、洗濯機の設定をすべて初期状態に戻したいのですが、その方法を教えてください。,0.6096898837338962
洗濯を一時停止した際、追加の衣類を入れるためにドアを開けることは可能ですか？その条件は何ですか？,洗濯コースの選択肢が画面に表示されないのですが、これはどういう状況ですか？どのように対処すれば良いですか？,0.6096467726394689
洗濯はせず、衣類を乾燥させる機能だけを使いたいのですが、どのように操作すれば良いですか？,急いで洗濯したい時は？,0.6096412432948233
特に汚れがひどい洗濯物なので、2回続けて洗いたいのですが、そのような設定は可能ですか？,コースが表示されないのですが,0.6096388189429556
最適なコースは？,運転終了時にアラームを鳴らさないようにできますか？,0.6096279701270053
コースが表示されない。,洗濯機の下から水が漏れているのですが、どのような原因が考えられますか？自分で確認できる対処法はありますか？,0.6096164480142412
本体の揺れが気になる。,コースが表示されないのですが,0.6096036231040691
おしゃれ着は洗える？,ドラムが回らない。,0.609590242914125
自宅の洗濯機で毛布を洗うことはできますか？もし洗える場合、何か特別な条件やコースがありますか？,変な音がするのですが。,0.60955513964685
洗濯物の種類や汚れ具合に関わらず、最もおすすめの洗濯コースは何ですか？そのコースではどのような設定が自動で行われますか？,一般的な洗濯コースを選んだ場合、洗濯が完了するまでにおよそ何分くらいかかりますか？,0.6095520886062411
ふんわりキープとは何ですか？,洗濯のすすぎ回数を自分の希望に合わせて変更したいのですが、何回から何回まで選べますか？,0.6095418289982385
すすぎの設定を変更することは可能ですか？,遠隔で洗濯を開始できますか？,0.609539733478306
乾燥なしで洗濯するには？,ジェット乾燥って何？,0.6095388326426736
手動で洗剤を入れることはできますか？,ドラムが回らない。,0.6094824313505934
水が出ないエラーが出た。,コースが表示されない。,0.6093857769910247
羽毛布団を洗濯機で洗いたいのですが、対応していますか？また、洗う際の注意点があれば教えてください。,水漏れの原因は？,0.6093733811763838
ナノイーXとは何ですか？,コースが表示されないのですが,0.6093577860691701
変な音がするのですが。,おしゃれ着コースはありますか？,0.6093409480408477
デリケートな衣類やおしゃれ着を優しく洗うための専用コースはありますか？,洗濯の所要時間は？,0.6093344448905587
ジェット乾燥とは何ですか？,洗剤の種類によって設定は変わりますか？,0.6093184573811352
予約機能の使い方をおしえて？,この洗濯機に最適な洗剤や柔軟剤はありますか？メーカーから推奨されている製品があれば教えてください。,0.609313497299107
洗濯はせず、衣類を乾燥させる機能だけを使いたいのですが、どのように操作すれば良いですか？,一般的な洗濯コースを選んだ場合、洗濯が完了するまでにおよそ何分くらいかかりますか？,0.6093134717833406
洗濯の開始時刻を事前に設定しておきたいのですが、予約機能はどのように使えば良いですか？,一般的な洗濯コースを選んだ場合、洗濯が完了するまでにおよそ何分くらいかかりますか？,0.6092631114530186
特に汚れがひどい洗濯物なので、2回続けて洗いたいのですが、そのような設定は可能ですか？,羽毛布団を洗濯機で洗いたいのですが、対応していますか？また、洗う際の注意点があれば教えてください。,0.6092577849733136
洗濯物の種類や汚れ具合に関わらず、最もおすすめの洗濯コースは何ですか？そのコースではどのような設定が自動で行われますか？,洗剤の種類によって設定は変わりますか？,0.6092279885501
運転終了時にアラームを鳴らさないようにできますか？,おしゃれ着は洗える？,0.609219548179682
ナノイーX機能について詳しく教えてください。どのような効果があり、どのコースで利用できますか？,異音がします。どうしたらよいですか？,0.6091936593374802
毛布は洗えますか？,深夜に運転しても大丈夫？,0.6091917887194676
ふんわりキープとは何ですか？,洗濯コースの選択肢が画面に表示されないのですが、これはどういう状況ですか？どのように対処すれば良いですか？,0.6091823252420248
乾燥なしで洗濯するには？,この洗濯機に最適な洗剤や柔軟剤はありますか？メーカーから推奨されている製品があれば教えてください。,0.6091713383541638
コースが表示されないのですが,誤った設定をしてしまったので、洗濯機の設定をすべて初期状態に戻したいのですが、その方法を教えてください。,0.6091548059244307
コースが表示されない。,設定を工場出荷時に戻せる？,0.6091369823213939
夜遅い時間帯に洗濯機を運転しても、近隣に迷惑がかからないように静かに運転できるモードはありますか？,コースが表示されない。,0.6091301091247097
ナノイーXとは何ですか？,急いで洗濯したい時は？,0.6091188687826354
一時停止中にドアは開きますか？,洗濯機が排水できないというエラーメッセージが表示されたのですが、原因は何でしょうか？自分で解決できる方法はありますか？,0.6089827551362136
洗剤や柔軟剤を計る手間を省きたいのですが、自動投入機能はどのように設定して使用するのですか？,洗濯後、衣類に白い粉状のものが付着しているのですが、何が原因ですか？どのように対処すれば改善されますか？,0.608875424720317
夜遅い時間帯に洗濯機を運転しても、近隣に迷惑がかからないように静かに運転できるモードはありますか？,洗濯後に衣類が絡まってしまうことが多いのですが、何か絡まりを防ぐための対処法はありますか？,0.6088549413967876
一時停止したらドアは開く？,洗剤の種類によって設定は変わりますか？,0.6088126440592739
自動投入機能の使い方を教えて？,洗濯コースの選択肢が画面に表示されないのですが、これはどういう状況ですか？どのように対処すれば良いですか？,0.6087888297573236
スニーカーは洗える？,洗濯を開始しようとしてもドラムが回転しないのですが、何が原因として考えられますか？安全装置が作動している可能性はありますか？,0.6087547019408706
遠隔で洗濯を開始できますか？,ドラムが動きません,0.6087299654738667
洗剤や柔軟剤を計る手間を省きたいのですが、自動投入機能はどのように設定して使用するのですか？,急いで洗濯したい時は？,0.6087260897618265
すすぎの設定を変更することは可能ですか？,外出先から洗濯を開始できますか？,0.6087258738321102
乾燥のみの運転は可能ですか？,ドラムが動きません,0.6087154579268745
ナノイーXの機能は？,洗剤の種類で設定変更は必要？,0.6086903205634242
特に汚れがひどい洗濯物なので、2回続けて洗いたいのですが、そのような設定は可能ですか？,ジェット乾燥機能は、どのような仕組みで乾燥をするのですか？,0.6086489635107115
省エネ機能はある？,洗濯機が排水できないというエラーメッセージが表示されたのですが、原因は何でしょうか？自分で解決できる方法はありますか？,0.6086321544250777
手動で個別に設定する事は可能ですか？,白い粉が残るのですが。,0.6086177722759396
スチーム機能は何に使うの？,深夜運転は静か？,0.6086143400288888
洗濯物の種類によって脱水時間を調整したいのですが、何分まで設定できますか？,変な音がするのですが。,0.6085558375814535
自動投入機能を使わずに、自分で洗剤を投入したいのですが、設定を教えてください？,遠隔で洗濯を開始できますか？,0.6085524216442948
洗濯機を使い始めるにはどうすればいいですか？　手順を教えて下さい。,時間がない時に、短時間で洗濯を済ませられるようなコースはありますか？,0.6085051972119657
ジェット乾燥機能は、どのような仕組みで乾燥をするのですか？,毛布の洗濯は可能？,0.6085017113871887
ジェット乾燥とは何ですか？,一時停止したらドアは開く？,0.608496639183522
デリケートな衣類やおしゃれ着を優しく洗うための専用コースはありますか？,洗濯機本体が不安定で揺れるのですが、どうすれば改善できますか？設置状況を確認する必要がありますか？,0.6084932349949962
自動投入機能はどう使うの？,一時停止したらドアは開く？,0.6084880406580429
最適なコースは？,洗濯機本体が不安定で揺れるのですが、どうすれば改善できますか？設置状況を確認する必要がありますか？,0.6084802055955199
洗濯が終わったのにドアがロックされて開かないのですが、これは故障ですか？どのくらい時間が経てば開くようになりますか？,自宅の洗濯機で毛布を洗うことはできますか？もし洗える場合、何か特別な条件やコースがありますか？,0.6084577983594246
毛布は洗えますか？,洗濯中に通常とは異なる音がするのですが、どのような原因が考えられますか？自分で確認できることはありますか？,0.6083431343711644
洗濯のすすぎ回数を自分の希望に合わせて変更したいのですが、何回から何回まで選べますか？,デリケートな衣類やおしゃれ着を優しく洗うための専用コースはありますか？,0.6083428411578131
洗濯後、衣類に白い粉状のものが付着しているのですが、何が原因ですか？どのように対処すれば改善されますか？,靴は洗えますか？,0.6083363358275595
予約機能の使い方をおしえて？,洗濯の所要時間は？,0.6083327689544031
省エネモードはありますか？,「排水できない」エラーが出ます,0.6083268044753058
乾燥のみの運転は可能ですか？,ドアが閉まらない時は？,0.6082725788554408
羽毛布団は洗えますか？,洗濯物が絡まります。どうしたらよいですか？,0.6082667983731433
変な音がするのですが。,コースが表示されないのですが,0.6082212555322675
外出先から洗濯を開始できますか？,靴は洗えますか？,0.6082026740671521
すすぎや脱水はせずに、衣類を「洗い」の工程だけで済ませたいのですが、そのような設定はできますか？,洗濯を一時停止した際、追加の衣類を入れるためにドアを開けることは可能ですか？その条件は何ですか？,0.6081778115748542
洗濯だけする方法を教えて？,変な音がするのですが。,0.6081774360957203
洗剤や柔軟剤を計る手間を省きたいのですが、自動投入機能はどのように設定して使用するのですか？,ドラムが回らない。,0.6081727467446123
洗濯が終わったのにドアがロックされて開かないのですが、これは故障ですか？どのくらい時間が経てば開くようになりますか？,本体がぐらつきます。どうしたら良いですか？,0.6081630992483209
終了音を消すには？,この洗濯機に最適な洗剤や柔軟剤はありますか？メーカーから推奨されている製品があれば教えてください。,0.6081354857815979
洗濯を開始しようとしてもドラムが回転しないのですが、何が原因として考えられますか？安全装置が作動している可能性はありますか？,この洗濯機に最適な洗剤や柔軟剤はありますか？メーカーから推奨されている製品があれば教えてください。,0.6081286095493718
「ふんわりキープ」とはどのような機能ですか？,すすぎ回数は変えられる？,0.6081235161765156
洗濯中に通常とは異なる音がするのですが、どのような原因が考えられますか？自分で確認できることはありますか？,靴は洗えますか？,0.6081094886263186
個別の設定は可能ですか？,洗濯物に白い粉が残っています。　どうしたらよいですか？,0.6081039610012969
洗濯が終わったのにドアがロックされて開かないのですが、これは故障ですか？どのくらい時間が経てば開くようになりますか？,ドアが閉まらない時は？,0.6080945471411636
すすぎ回数は変えられる？,洗濯が終わったのにドアがロックされて開かないのですが、これは故障ですか？どのくらい時間が経てば開くようになりますか？,0.6080660999584417
ふんわりキープとは何ですか？,この洗濯機に最適な洗剤や柔軟剤はありますか？メーカーから推奨されている製品があれば教えてください。,0.608046718202139
洗濯だけする方法を教えて？,2度洗いは出来ますか？,0.608006666409119
変な音がするのですが。,この洗濯機で一度に洗濯できる衣類の最大量と、乾燥できる衣類の最大量はそれぞれ何キログラムですか？,0.6079563221195694
再洗はできる？,ジェット乾燥って何？,0.6079389113465126
羽毛布団は洗濯できる？,洗濯中に通常とは異なる音がするのですが、どのような原因が考えられますか？自分で確認できることはありますか？,0.6079380475637328
ドアが開かない原因は？,羽毛布団は洗えますか？,0.6079127408426468
洗濯物が絡まります。どうしたらよいですか？,本体がぐらつきます。どうしたら良いですか？,0.6078799014073699
再洗はできる？,この洗濯機で靴を洗うことはできますか？もしできない場合、何か代わりの方法はありますか？,0.607866241522436
省エネモードはありますか？,排水エラーが出た。,0.6078514487387663
自宅の洗濯機で毛布を洗うことはできますか？もし洗える場合、何か特別な条件やコースがありますか？,洗濯機が排水できないというエラーメッセージが表示されたのですが、原因は何でしょうか？自分で解決できる方法はありますか？,0.6078152539717796
特に汚れがひどい洗濯物なので、2回続けて洗いたいのですが、そのような設定は可能ですか？,予約機能の使い方をおしえて？,0.6078114836002854
自動投入機能はどう使うの？,おしゃれ着は洗える？,0.6077615021617909
使用する洗剤のブランドや種類を変更した場合、洗濯機側で何か設定を変更する必要はありますか？,洗濯機のドアが最後まで閉まらないのですが、何を確認すれば良いですか？,0.6077584747252611
ふんわりキープの目的は？,自宅の洗濯機で毛布を洗うことはできますか？もし洗える場合、何か特別な条件やコースがありますか？,0.6077573089550405
深夜運転は静か？,洗濯コースの選択肢が画面に表示されないのですが、これはどういう状況ですか？どのように対処すれば良いですか？,0.6077518947417453
洗濯を一時停止した際、追加の衣類を入れるためにドアを開けることは可能ですか？その条件は何ですか？,洗濯後に衣類が絡まってしまうことが多いのですが、何か絡まりを防ぐための対処法はありますか？,0.6077237966230933
羽毛布団は洗えますか？,水漏れしています。どうしたらよいですか？,0.607704625496823
衣類を洗うだけで、乾燥工程は行いたくない場合、どのコースを選択すれば良いですか？,「洗い」だけ行いたいのですが,0.6076923927765401
おすすめのコースを教えて？,洗濯のすすぎ回数を自分の希望に合わせて変更したいのですが、何回から何回まで選べますか？,0.6076778516194176
洗剤の種類で設定変更は必要？,この洗濯機で一度に洗濯できる衣類の最大量と、乾燥できる衣類の最大量はそれぞれ何キログラムですか？,0.6076635542383502
洗濯を一時停止した際、追加の衣類を入れるためにドアを開けることは可能ですか？その条件は何ですか？,靴は洗えますか？,0.6076522557478057
洗剤や柔軟剤を計る手間を省きたいのですが、自動投入機能はどのように設定して使用するのですか？,すすぎや脱水はせずに、衣類を「洗い」の工程だけで済ませたいのですが、そのような設定はできますか？,0.6076338941017618
ジェット乾燥とは何ですか？,この洗濯機で靴を洗うことはできますか？もしできない場合、何か代わりの方法はありますか？,0.6076109331341837
洗濯終了時のお知らせ音を鳴らさないようにしたいのですが、その設定はどこで変更できますか？,洗濯の開始時刻を事前に設定しておきたいのですが、予約機能はどのように使えば良いですか？,0.607608938987187
毛布の洗濯は可能？,異音がします。どうしたらよいですか？,0.6076070965663198
洗濯の開始時刻を事前に設定しておきたいのですが、予約機能はどのように使えば良いですか？,水漏れの原因は？,0.6075861393715098
乾燥だけで使用出来ますか？,一般的な洗濯コースを選んだ場合、洗濯が完了するまでにおよそ何分くらいかかりますか？,0.6075571932268069
羽毛布団は洗えますか？,ドアが完全に閉まりません,0.6075296946387403
一般的な洗濯コースを選んだ場合、洗濯が完了するまでにおよそ何分くらいかかりますか？,おすすめの洗剤・柔軟剤はありますか？,0.6075223338332179
ナノイーXとは何ですか？,スニーカーは洗える？,0.6074645156874341
チャイルドロックはどこで設定する？,おしゃれ着コースはありますか？,0.6074387295111215
おしゃれ着コースはありますか？,この洗濯機で靴を洗うことはできますか？もしできない場合、何か代わりの方法はありますか？,0.6074192203179116
洗濯物の種類や汚れ具合に関わらず、最もおすすめの洗濯コースは何ですか？そのコースではどのような設定が自動で行われますか？,予約機能の使い方をおしえて？,0.6074092519986616
洗濯はせず、衣類を乾燥させる機能だけを使いたいのですが、どのように操作すれば良いですか？,チャイルドロックの設定をしたい,0.6073894327496516
深夜運転は静か？,洗濯物が絡まります。どうしたらよいですか？,0.6073461975587942
羽毛布団は洗濯できる？,ドアが完全に閉まりません,0.6073427696595022
毛布は洗えますか？,洗濯を開始しようとしてもドラムが回転しないのですが、何が原因として考えられますか？安全装置が作動している可能性はありますか？,0.6073263698293923
洗濯をスタートする方法を教えて？,羽毛布団を洗濯機で洗いたいのですが、対応していますか？また、洗う際の注意点があれば教えてください。,0.607320017129754
洗濯物が絡まります。どうしたらよいですか？,靴は洗えますか？,0.6072922701724128
洗濯はせず、衣類を乾燥させる機能だけを使いたいのですが、どのように操作すれば良いですか？,洗濯の所要時間は？,0.6072725425650265
一般的な洗濯コースを選んだ場合、洗濯が完了するまでにおよそ何分くらいかかりますか？,最大容量は？,0.6072517326192407
ナノイーXの機能は？,急いで洗濯したい時は？,0.6072251423527565
深夜運転は静か？,洗濯中に通常とは異なる音がするのですが、どのような原因が考えられますか？自分で確認できることはありますか？,0.607035453454768
遠隔で洗濯を開始できますか？,洗濯を開始しようとしてもドラムが回転しないのですが、何が原因として考えられますか？安全装置が作動している可能性はありますか？,0.6070269315521899
ふんわりキープの目的は？,本体の揺れが気になる。,0.6070025429255916
洗濯が終わったのにドアがロックされて開かないのですが、これは故障ですか？どのくらい時間が経てば開くようになりますか？,水漏れしています。どうしたらよいですか？,0.6069556799582374
おしゃれ着コースはありますか？,洗剤の種類で設定変更は必要？,0.6069435267445475
洗濯はせず、衣類を乾燥させる機能だけを使いたいのですが、どのように操作すれば良いですか？,洗濯物に白い粉が残っています。　どうしたらよいですか？,0.6069288024835695
終了音を消すには？,デリケートな衣類やおしゃれ着を優しく洗うための専用コースはありますか？,0.6068304225319209
洗濯をスタートする方法を教えて？,排水エラーが出た。,0.6068275396734577
衣類を洗うだけで、乾燥工程は行いたくない場合、どのコースを選択すれば良いですか？,ジェット乾燥機能は、どのような仕組みで乾燥をするのですか？,0.6068068388206131
洗濯中に急な用事ができた場合、途中で運転を一時停止させることはできますか？その操作方法を教えてください。,一時停止中にドアは開きますか？,0.6067957762844043
洗濯機を使い始めるにはどうすればいいですか？　手順を教えて下さい。,乾燥のみの運転は可能ですか？,0.6067696548712174
チャイルドロックの設定をしたい,洗剤の種類によって設定は変わりますか？,0.6067540435955018
自宅の洗濯機で毛布を洗うことはできますか？もし洗える場合、何か特別な条件やコースがありますか？,この洗濯機で一度に洗濯できる衣類の最大量と、乾燥できる衣類の最大量はそれぞれ何キログラムですか？,0.6067510666032805
洗濯物の種類や汚れ具合に関わらず、最もおすすめの洗濯コースは何ですか？そのコースではどのような設定が自動で行われますか？,「ふんわりキープ」とはどのような機能ですか？,0.6067276061550784
洗濯中に通常とは異なる音がするのですが、どのような原因が考えられますか？自分で確認できることはありますか？,使用する洗剤のブランドや種類を変更した場合、洗濯機側で何か設定を変更する必要はありますか？,0.6066272888665738
おすすめのコースを教えて？,異音がします。どうしたらよいですか？,0.6066001893932753
ジェット乾燥機能は、どのような仕組みで乾燥をするのですか？,洗濯を開始しようとしてもドラムが回転しないのですが、何が原因として考えられますか？安全装置が作動している可能性はありますか？,0.6065851096379273
洗濯物の種類や汚れ具合に関わらず、最もおすすめの洗濯コースは何ですか？そのコースではどのような設定が自動で行われますか？,特に汚れがひどい洗濯物なので、2回続けて洗いたいのですが、そのような設定は可能ですか？,0.6065825731797183
洗濯ネットは必要ですか？,予約の仕方は？,0.6065509612934328
洗いのみは可能？,終了音を消すには？,0.6065309265728371
スチーム機能の使い方を教えて？,ジェット乾燥って何？,0.606529120737751
洗濯はせず、衣類を乾燥させる機能だけを使いたいのですが、どのように操作すれば良いですか？,ナノイーXの機能は？,0.6065200480214595
ふんわりキープとは何ですか？,深夜に運転しても大丈夫？,0.6065037425111436
洗濯だけする方法を教えて？,最大容量は？,0.6064796436856799
デリケートな衣類やおしゃれ着を優しく洗うための専用コースはありますか？,洗濯時間は何分ですか？,0.6064591804652172
靴は洗えますか？,洗濯機に水が供給されないというエラーが表示されたのですが、どのような原因が考えられますか？自分でできる確認事項はありますか？,0.6064237691530557
乾燥なしで洗濯するには？,洗濯のすすぎ回数を自分の希望に合わせて変更したいのですが、何回から何回まで選べますか？,0.6063651650011805
脱水時間の調整はできる？,本体がぐらつきます。どうしたら良いですか？,0.6063615578371473
羽毛布団は洗えますか？,洗濯後に衣類が絡まってしまうことが多いのですが、何か絡まりを防ぐための対処法はありますか？,0.6063116724247761
急いで洗濯したい時は？,予約の仕方は？,0.6062462979904604
おしゃれ着は洗える？,本体の揺れが気になる。,0.6062462704877802
おしゃれ着は洗える？,使用する洗剤のブランドや種類を変更した場合、洗濯機側で何か設定を変更する必要はありますか？,0.6062208569131118
洗剤や柔軟剤を計る手間を省きたいのですが、自動投入機能はどのように設定して使用するのですか？,誤った設定をしてしまったので、洗濯機の設定をすべて初期状態に戻したいのですが、その方法を教えてください。,0.6061745952480686
スニーカーは洗える？,水が出ないエラーが出た。,0.6061540713143736
洗濯物が絡まります。どうしたらよいですか？,デリケートな衣類やおしゃれ着を優しく洗うための専用コースはありますか？,0.6061422264383778
外出先から洗濯を開始できますか？,本体がぐらつきます。どうしたら良いですか？,0.6061336098843308
自宅にいない時でも、スマートフォンなどを使って洗濯機を遠隔で操作し、洗濯を開始することはできますか？,羽毛布団を洗濯機で洗いたいのですが、対応していますか？また、洗う際の注意点があれば教えてください。,0.6061322185872378
ドアが開かないのですが,洗剤の種類で設定変更は必要？,0.6061003163749448
外出先から洗濯を開始できますか？,洗濯ネットは使うべき？,0.6060915606862083
再洗はできる？,外出先から洗濯を開始できますか？,0.606085273020593
すすぎの設定を変更することは可能ですか？,一般的な洗濯コースを選んだ場合、洗濯が完了するまでにおよそ何分くらいかかりますか？,0.6060766368880286
ジェット乾燥機能は、どのような仕組みで乾燥をするのですか？,「排水できない」エラーが出ます,0.6060664321358111
洗剤の種類によって設定は変わりますか？,洗濯物に白い粉が残っています。　どうしたらよいですか？,0.6060462154351257
ジェット乾燥とは何ですか？,羽毛布団は洗濯できる？,0.6060381797273933
「ふんわりキープ」とはどのような機能ですか？,この洗濯機で一度に洗濯できる衣類の最大量と、乾燥できる衣類の最大量はそれぞれ何キログラムですか？,0.6060113384777237
脱水時間の調整はできる？,一時停止中にドアは開きますか？,0.606007676476348
終了音を消すには？,コースが表示されない。,0.6060062865827403
洗濯のすすぎ回数を自分の希望に合わせて変更したいのですが、何回から何回まで選べますか？,一時停止中にドアは開きますか？,0.6059914519119587
手動で洗剤を入れることはできますか？,おしゃれ着コースはありますか？,0.6059454895867146
洗濯物の種類や汚れ具合に関わらず、最もおすすめの洗濯コースは何ですか？そのコースではどのような設定が自動で行われますか？,洗濯物に白い粉が残っています。　どうしたらよいですか？,0.6058840248231476
「ふんわりキープ」とはどのような機能ですか？,深夜に運転しても大丈夫？,0.605862251600778
ナノイーXの機能は？,自宅にいない時でも、スマートフォンなどを使って洗濯機を遠隔で操作し、洗濯を開始することはできますか？,0.6058394582596514
運転終了時にアラームを鳴らさないようにできますか？,コースが表示されない。,0.6058195956121477
おしゃれ着コースはありますか？,排水エラーが出た。,0.6058160168661784
「ふんわりキープ」とはどのような機能ですか？,ドアが開かないのですが,0.6058036494595858
ふんわりキープとは何ですか？,異音がします。どうしたらよいですか？,0.6057549630054648
ふんわりキープとは何ですか？,一時停止中にドアは開きますか？,0.6057418975286553
羽毛布団を洗濯機で洗いたいのですが、対応していますか？また、洗う際の注意点があれば教えてください。,水が出ないエラーが出た。,0.6057380103712608
洗濯機を使い始めるにはどうすればいいですか？　手順を教えて下さい。,水漏れしています。どうしたらよいですか？,0.6057177751701943
毛布は洗えますか？,洗濯機に水が供給されないというエラーが表示されたのですが、どのような原因が考えられますか？自分でできる確認事項はありますか？,0.6056795029693417
チャイルドロックはどこで設定する？,自宅の洗濯機で毛布を洗うことはできますか？もし洗える場合、何か特別な条件やコースがありますか？,0.6056608987443629
乾燥なしで洗濯するには？,一般的な洗濯コースを選んだ場合、洗濯が完了するまでにおよそ何分くらいかかりますか？,0.6056485750226548
ドアが開かない原因は？,洗剤の種類で設定変更は必要？,0.6056332450828075
洗濯物が絡まります。どうしたらよいですか？,洗濯の所要時間は？,0.6056332204903405
おすすめのコースを教えて？,洗濯機に水が供給されないというエラーが表示されたのですが、どのような原因が考えられますか？自分でできる確認事項はありますか？,0.6055457681856546
洗濯機本体が不安定で揺れるのですが、どうすれば改善できますか？設置状況を確認する必要がありますか？,この洗濯機に最適な洗剤や柔軟剤はありますか？メーカーから推奨されている製品があれば教えてください。,0.6054725818167086
再洗はできる？,ジェット乾燥機能は、どのような仕組みで乾燥をするのですか？,0.605464418476359
洗剤の種類で設定変更は必要？,洗濯機が排水できないというエラーメッセージが表示されたのですが、原因は何でしょうか？自分で解決できる方法はありますか？,0.6054576400899947
この洗濯機で靴を洗うことはできますか？もしできない場合、何か代わりの方法はありますか？,洗濯機の下から水が漏れているのですが、どのような原因が考えられますか？自分で確認できる対処法はありますか？,0.605455814993262
運転終了時にアラームを鳴らさないようにできますか？,靴は洗えますか？,0.6054310434914497
手動で洗剤を入れることはできますか？,予約の仕方は？,0.6053936555376425
すすぎや脱水はせずに、衣類を「洗い」の工程だけで済ませたいのですが、そのような設定はできますか？,羽毛布団を洗濯機で洗いたいのですが、対応していますか？また、洗う際の注意点があれば教えてください。,0.605382324618756
夜遅い時間帯に洗濯機を運転しても、近隣に迷惑がかからないように静かに運転できるモードはありますか？,洗濯の所要時間は？,0.6053671638220894
洗剤や柔軟剤を計る手間を省きたいのですが、自動投入機能はどのように設定して使用するのですか？,運転終了時にアラームを鳴らさないようにできますか？,0.6053598073522486
羽毛布団は洗えますか？,使用する洗剤のブランドや種類を変更した場合、洗濯機側で何か設定を変更する必要はありますか？,0.6053513100209125
洗濯が終わったのにドアがロックされて開かないのですが、これは故障ですか？どのくらい時間が経てば開くようになりますか？,この洗濯機に最適な洗剤や柔軟剤はありますか？メーカーから推奨されている製品があれば教えてください。,0.605348400412298
洗剤や柔軟剤を計る手間を省きたいのですが、自動投入機能はどのように設定して使用するのですか？,ドラムが動きません,0.6053203934983202
ジェット乾燥って何？,毛布の洗濯は可能？,0.6052523391311305
ふんわりキープとは何ですか？,洗濯機が排水できないというエラーメッセージが表示されたのですが、原因は何でしょうか？自分で解決できる方法はありますか？,0.6052419758164813
乾燥だけで使用出来ますか？,ナノイーX機能について詳しく教えてください。どのような効果があり、どのコースで利用できますか？,0.6052145061594523
洗濯後、衣類に白い粉状のものが付着しているのですが、何が原因ですか？どのように対処すれば改善されますか？,一般的な洗濯コースを選んだ場合、洗濯が完了するまでにおよそ何分くらいかかりますか？,0.6051974264309004
手動で個別に設定する事は可能ですか？,水漏れしています。どうしたらよいですか？,0.6051326384637739
特に汚れがひどい洗濯物なので、2回続けて洗いたいのですが、そのような設定は可能ですか？,洗濯機のドアが最後まで閉まらないのですが、何を確認すれば良いですか？,0.6050955478724724
洗剤や柔軟剤を計る手間を省きたいのですが、自動投入機能はどのように設定して使用するのですか？,水漏れの原因は？,0.6050892842953528
乾燥のみの運転は可能ですか？,洗濯ネットは使うべき？,0.6050877420793166
外出先から洗濯を開始できますか？,洗濯コースの選択肢が画面に表示されないのですが、これはどういう状況ですか？どのように対処すれば良いですか？,0.6050787965133486
すすぎ回数は変えられる？,おしゃれ着コースはありますか？,0.6050650272935929
洗濯の各工程（洗い、すすぎ、脱水、乾燥）について、自分の好みに合わせて時間を設定したり、回数を変更したりすることはできますか？,洗濯機の下から水が漏れているのですが、どのような原因が考えられますか？自分で確認できる対処法はありますか？,0.6050470456646285
乾燥のみの運転は可能ですか？,子供が誤って操作しないように、チャイルドロックを設定したいのですが、その方法と解除方法を教えてください。,0.6050378837847155
衣類を洗うだけで、乾燥工程は行いたくない場合、どのコースを選択すれば良いですか？,洗濯物が絡まります。どうしたらよいですか？,0.6048718655227769
洗濯だけする方法を教えて？,異音がします。どうしたらよいですか？,0.604861472460693
手動で個別に設定する事は可能ですか？,「洗い」だけ行いたいのですが,0.6048448385066323
乾燥だけで使用出来ますか？,すすぎや脱水はせずに、衣類を「洗い」の工程だけで済ませたいのですが、そのような設定はできますか？,0.6048436350650943
変な音がするのですが。,ドアが閉まらない時は？,0.6048377892888721
乾燥のみの運転は可能ですか？,スチーム機能の使い方を教えて？,0.6047714397554707
乾燥のみの運転は可能ですか？,最大容量は？,0.6047693278171133
すすぎの設定を変更することは可能ですか？,コースが表示されないのですが,0.6047492489309831
ジェット乾燥機能は、どのような仕組みで乾燥をするのですか？,すすぎ回数は変えられる？,0.6047024183538596
スチーム機能は何に使うの？,この洗濯機で一度に洗濯できる衣類の最大量と、乾燥できる衣類の最大量はそれぞれ何キログラムですか？,0.6046968402281654
スチーム機能の使い方を教えて？,デリケートな衣類やおしゃれ着を優しく洗うための専用コースはありますか？,0.6046932416985225
洗濯が終わったのにドアがロックされて開かないのですが、これは故障ですか？どのくらい時間が経てば開くようになりますか？,お急ぎコースはありますか？,0.6046725597880152
外出先から洗濯を開始できますか？,羽毛布団は洗えますか？,0.6046205667932101
ジェット乾燥とは何ですか？,深夜に運転しても大丈夫？,0.6045856323025208
洗濯機を使い始めるにはどうすればいいですか？　手順を教えて下さい。,洗濯の開始時刻を事前に設定しておきたいのですが、予約機能はどのように使えば良いですか？,0.6044885361467635
チャイルドロックはどこで設定する？,ナノイーX機能について詳しく教えてください。どのような効果があり、どのコースで利用できますか？,0.6044666727062353
ふんわりキープとは何ですか？,本体の揺れが気になる。,0.604461704248971
運転終了時にアラームを鳴らさないようにできますか？,遠隔で洗濯を開始できますか？,0.6044520476158268
羽毛布団は洗濯できる？,変な音がするのですが。,0.6044459562049094
再洗はできる？,ジェット乾燥とは何ですか？,0.6043812593663036
乾燥なしで洗濯するには？,洗濯コースの選択肢が画面に表示されないのですが、これはどういう状況ですか？どのように対処すれば良いですか？,0.6043781614146813
乾燥のみの運転は可能ですか？,洗濯と乾燥の最大容量は？,0.6043521836341877
乾燥なしで洗濯するには？,この洗濯機で一度に洗濯できる衣類の最大量と、乾燥できる衣類の最大量はそれぞれ何キログラムですか？,0.6042273920931434
すすぎ回数は変えられる？,ドアが開かないのですが,0.6041692876098517
脱水時間の変更は可能ですか？,洗濯中に通常とは異なる音がするのですが、どのような原因が考えられますか？自分で確認できることはありますか？,0.6040794589869991
ジェット乾燥とは何ですか？,排水エラーが出た。,0.6040647390038427
夜遅い時間帯に洗濯機を運転しても、近隣に迷惑がかからないように静かに運転できるモードはありますか？,予約の仕方は？,0.6040274529814678
洗濯ネットは使うべき？,本体の揺れが気になる。,0.6039945102832172
洗濯物を保護するために、洗濯ネットを使用する必要はありますか？どのような種類の衣類に推奨されますか？,羽毛布団は洗えますか？,0.6039386904362332
おしゃれ着コースはありますか？,最大容量は？,0.6039309030304043
再洗はできる？,自宅にいない時でも、スマートフォンなどを使って洗濯機を遠隔で操作し、洗濯を開始することはできますか？,0.6039021322704481
変な音がするのですが。,洗濯の開始時刻を事前に設定しておきたいのですが、予約機能はどのように使えば良いですか？,0.6038966024451077
洗濯後に衣類が絡まってしまうことが多いのですが、何か絡まりを防ぐための対処法はありますか？,この洗濯機で靴を洗うことはできますか？もしできない場合、何か代わりの方法はありますか？,0.6038832643604899
洗剤の種類によって設定は変わりますか？,ドアが閉まらない時は？,0.6038616567395955
乾燥だけで使用出来ますか？,ドラムが回らない。,0.6038347046477593
2度洗いは出来ますか？,すすぎや脱水はせずに、衣類を「洗い」の工程だけで済ませたいのですが、そのような設定はできますか？,0.6038286933245353
洗濯を一時停止した際、追加の衣類を入れるためにドアを開けることは可能ですか？その条件は何ですか？,ドラムが回らない。,0.6038169907490113
ジェット乾燥機能は、どのような仕組みで乾燥をするのですか？,おしゃれ着は洗える？,0.6037943231945735
洗濯ネットは必要ですか？,水漏れの原因は？,0.6037819248213441
デリケートな衣類やおしゃれ着を優しく洗うための専用コースはありますか？,この洗濯機で一度に洗濯できる衣類の最大量と、乾燥できる衣類の最大量はそれぞれ何キログラムですか？,0.603772390884753
この洗濯機で一度に洗濯できる衣類の最大量と、乾燥できる衣類の最大量はそれぞれ何キログラムですか？,ドラムが回らない。,0.6037601685740499
乾燥なしで洗濯するには？,水漏れしています。どうしたらよいですか？,0.6037594809350542
一時停止中にドアは開きますか？,洗剤の種類で設定変更は必要？,0.6037080660745324
深夜に運転しても大丈夫？,おしゃれ着は洗える？,0.6037000518978508
ふんわりキープとは何ですか？,洗濯機のドアが最後まで閉まらないのですが、何を確認すれば良いですか？,0.6036266782715449
洗濯中に通常とは異なる音がするのですが、どのような原因が考えられますか？自分で確認できることはありますか？,水が出ないエラーが出た。,0.6036017835818674
乾燥なしで洗濯するには？,手動で洗剤を入れることはできますか？,0.6036010368365228
おしゃれ着コースはありますか？,ドラムが回らない。,0.6035934292663699
ドアが開かない原因は？,予約の仕方は？,0.6035924859223052
洗いのみは可能？,洗濯機本体が不安定で揺れるのですが、どうすれば改善できますか？設置状況を確認する必要がありますか？,0.6035649988030278
遠隔で洗濯を開始できますか？,白い粉が残るのですが。,0.6035380461575888
子供が誤って操作しないように、チャイルドロックを設定したいのですが、その方法と解除方法を教えてください。,毛布の洗濯は可能？,0.603499325871387
チャイルドロックはどこで設定する？,洗濯機のドアが最後まで閉まらないのですが、何を確認すれば良いですか？,0.6034873835568622
自動投入機能を使わずに、自分で洗剤を投入したいのですが、設定を教えてください？,洗剤の種類で設定変更は必要？,0.6034596757661106
洗濯後、衣類に白い粉状のものが付着しているのですが、何が原因ですか？どのように対処すれば改善されますか？,排水エラーが出た。,0.6034200306243339
洗濯をスタートする方法を教えて？,おしゃれ着コースはありますか？,0.6033778209450517
洗濯機に水が供給されないというエラーが表示されたのですが、どのような原因が考えられますか？自分でできる確認事項はありますか？,一般的な洗濯コースを選んだ場合、洗濯が完了するまでにおよそ何分くらいかかりますか？,0.6033668783550887
一時停止したらドアは開く？,洗濯機が排水できないというエラーメッセージが表示されたのですが、原因は何でしょうか？自分で解決できる方法はありますか？,0.6033630789905068
手動で個別に設定する事は可能ですか？,洗濯機に水が供給されないというエラーが表示されたのですが、どのような原因が考えられますか？自分でできる確認事項はありますか？,0.6032990269474245
乾燥だけで使用出来ますか？,この洗濯機で靴を洗うことはできますか？もしできない場合、何か代わりの方法はありますか？,0.6032778367650543
ふんわりキープの目的は？,洗濯物を保護するために、洗濯ネットを使用する必要はありますか？どのような種類の衣類に推奨されますか？,0.6032709413004902
おしゃれ着は洗える？,時間がない時に、短時間で洗濯を済ませられるようなコースはありますか？,0.6032682540323324
一時停止したらドアは開く？,靴は洗えますか？,0.6032544367753274
自動投入機能の使い方を教えて？,洗濯のすすぎ回数を自分の希望に合わせて変更したいのですが、何回から何回まで選べますか？,0.6032056482153153
一時停止中にドアは開きますか？,洗濯の開始時刻を事前に設定しておきたいのですが、予約機能はどのように使えば良いですか？,0.6031517302883527
ドアが開かない原因は？,この洗濯機で靴を洗うことはできますか？もしできない場合、何か代わりの方法はありますか？,0.6031500081594965
変な音がするのですが。,洗濯と乾燥の最大容量は？,0.6031457757855525
ナノイーXとは何ですか？,洗濯物に白い粉が残っています。　どうしたらよいですか？,0.6031115572824298
羽毛布団は洗濯できる？,洗濯を開始しようとしてもドラムが回転しないのですが、何が原因として考えられますか？安全装置が作動している可能性はありますか？,0.6030958706384892
洗濯終了時のお知らせ音を鳴らさないようにしたいのですが、その設定はどこで変更できますか？,洗剤の種類で設定変更は必要？,0.6030726063955758
すすぎの設定を変更することは可能ですか？,洗濯が終わったのにドアがロックされて開かないのですが、これは故障ですか？どのくらい時間が経てば開くようになりますか？,0.6030720282755024
ナノイーXの機能は？,コースが表示されないのですが,0.6030237305572058
ドアが開かないのですが,羽毛布団を洗濯機で洗いたいのですが、対応していますか？また、洗う際の注意点があれば教えてください。,0.603006748339764
おすすめのコースを教えて？,洗濯終了時のお知らせ音を鳴らさないようにしたいのですが、その設定はどこで変更できますか？,0.6030063098919632
スニーカーは洗える？,洗濯機本体が不安定で揺れるのですが、どうすれば改善できますか？設置状況を確認する必要がありますか？,0.6029430026176277
すすぎ回数は変えられる？,洗濯終了時のお知らせ音を鳴らさないようにしたいのですが、その設定はどこで変更できますか？,0.6028983847543268
羽毛布団は洗濯できる？,この洗濯機で一度に洗濯できる衣類の最大量と、乾燥できる衣類の最大量はそれぞれ何キログラムですか？,0.6028526810760446
洗濯物の種類によって脱水時間を調整したいのですが、何分まで設定できますか？,一時停止したらドアは開く？,0.6028025002106852
ドアが開かないのですが,洗剤の種類によって設定は変わりますか？,0.6027623848558137
洗濯が終わったのにドアがロックされて開かないのですが、これは故障ですか？どのくらい時間が経てば開くようになりますか？,この洗濯機で一度に洗濯できる衣類の最大量と、乾燥できる衣類の最大量はそれぞれ何キログラムですか？,0.6027538141270958
スチーム機能は何に使うの？,自宅にいない時でも、スマートフォンなどを使って洗濯機を遠隔で操作し、洗濯を開始することはできますか？,0.6027288788781192
設定の初期化はできますか？,おすすめの洗剤・柔軟剤はありますか？,0.602721602965208
「ふんわりキープ」とはどのような機能ですか？,コースが表示されない。,0.6026737026835236
洗濯物の種類や汚れ具合に関わらず、最もおすすめの洗濯コースは何ですか？そのコースではどのような設定が自動で行われますか？,おすすめの洗剤・柔軟剤はありますか？,0.6026534849487215
洗濯だけする方法を教えて？,洗濯を一時停止した際、追加の衣類を入れるためにドアを開けることは可能ですか？その条件は何ですか？,0.6026436903262562
洗濯が終わったのにドアがロックされて開かないのですが、これは故障ですか？どのくらい時間が経てば開くようになりますか？,羽毛布団は洗濯できる？,0.602621915627357
電気代や水道代を節約できるような省エネ運転モードは搭載されていますか？,排水エラーが出た。,0.6026181308764877
自動投入機能はどう使うの？,洗濯機本体に触れると熱いのですが、これは異常ですか？特に乾燥運転中に熱くなることはありますか？,0.6025801977793914
羽毛布団は洗濯できる？,推奨の洗剤・柔軟剤は？,0.6025542089561158
ナノイーX機能について詳しく教えてください。どのような効果があり、どのコースで利用できますか？,夜遅い時間帯に洗濯機を運転しても、近隣に迷惑がかからないように静かに運転できるモードはありますか？,0.6025470108139787
チャイルドロックの設定をしたい,すすぎや脱水はせずに、衣類を「洗い」の工程だけで済ませたいのですが、そのような設定はできますか？,0.6024458577527751
洗濯物の種類や汚れ具合に関わらず、最もおすすめの洗濯コースは何ですか？そのコースではどのような設定が自動で行われますか？,脱水時間の調整はできる？,0.6023947067266278
予約の仕方は？,水漏れの原因は？,0.6023735321451781
ドアが開かないのですが,洗濯機に水が供給されないというエラーが表示されたのですが、どのような原因が考えられますか？自分でできる確認事項はありますか？,0.602305233978141
洗濯物が絡まります。どうしたらよいですか？,洗濯時間は何分ですか？,0.6022765622116288
衣類のしわを伸ばしたり、気になるにおいを取り除いたりしたいのですが、スチーム機能はどのように使えば良いですか？,運転終了時にアラームを鳴らさないようにできますか？,0.6022658966334234
設定の初期化はできますか？,推奨の洗剤・柔軟剤は？,0.6022643636263456
一時停止中にドアは開きますか？,ドアが閉まらない時は？,0.6022471474528305
ナノイーXとは何ですか？,深夜に運転しても大丈夫？,0.6022268410206713
ジェット乾燥って何？,自宅にいない時でも、スマートフォンなどを使って洗濯機を遠隔で操作し、洗濯を開始することはできますか？,0.6022125575130419
すすぎや脱水はせずに、衣類を「洗い」の工程だけで済ませたいのですが、そのような設定はできますか？,洗濯終了時のお知らせ音を鳴らさないようにしたいのですが、その設定はどこで変更できますか？,0.6021759368256188
洗濯物を保護するために、洗濯ネットを使用する必要はありますか？どのような種類の衣類に推奨されますか？,コースが表示されない。,0.6021634212459479
洗剤や柔軟剤を計る手間を省きたいのですが、自動投入機能はどのように設定して使用するのですか？,洗剤を手動で投入できますか？,0.6021404493257693
洗濯はせず、衣類を乾燥させる機能だけを使いたいのですが、どのように操作すれば良いですか？,自宅の洗濯機で毛布を洗うことはできますか？もし洗える場合、何か特別な条件やコースがありますか？,0.6021193931112059
手動で洗剤を入れることはできますか？,コースが表示されない。,0.602107803380572
自動投入機能はどう使うの？,ジェット乾燥機能は、どのような仕組みで乾燥をするのですか？,0.6020947938588085
すすぎの設定を変更することは可能ですか？,自宅にいない時でも、スマートフォンなどを使って洗濯機を遠隔で操作し、洗濯を開始することはできますか？,0.6020452725975723
衣類のしわを伸ばしたり、気になるにおいを取り除いたりしたいのですが、スチーム機能はどのように使えば良いですか？,おしゃれ着は洗える？,0.602005518296572
再洗はできる？,遠隔で洗濯を開始できますか？,0.6019976939717948
手動で洗剤を入れることはできますか？,洗剤の種類で設定変更は必要？,0.6019758960660533
予約機能の使い方をおしえて？,おすすめの洗剤・柔軟剤はありますか？,0.6019587116106582
ナノイーXとは何ですか？,洗いのみは可能？,0.6019372160960683
洗濯機を使い始めるにはどうすればいいですか？　手順を教えて下さい。,ドアが開かないのですが,0.6019044472572794
乾燥のみの運転は可能ですか？,自動投入機能を使わずに、自分で洗剤を投入したいのですが、設定を教えてください？,0.601894977728175
予約の仕方は？,一般的な洗濯コースを選んだ場合、洗濯が完了するまでにおよそ何分くらいかかりますか？,0.6018829158375714
洗濯のすすぎ回数を自分の希望に合わせて変更したいのですが、何回から何回まで選べますか？,洗濯後、衣類に白い粉状のものが付着しているのですが、何が原因ですか？どのように対処すれば改善されますか？,0.6018818309642011
特に汚れがひどい洗濯物なので、2回続けて洗いたいのですが、そのような設定は可能ですか？,コースが表示されない。,0.6018566656796135
スニーカーは洗える？,本体がぐらつきます。どうしたら良いですか？,0.6018406229009946
遠隔で洗濯を開始できますか？,洗濯物に白い粉が残っています。　どうしたらよいですか？,0.6017860456049248
スチーム機能の使い方を教えて？,毛布の洗濯は可能？,0.601764246029612
本体がぐらつきます。どうしたら良いですか？,一般的な洗濯コースを選んだ場合、洗濯が完了するまでにおよそ何分くらいかかりますか？,0.6017641394425408
脱水時間の変更は可能ですか？,洗剤の種類で設定変更は必要？,0.6017567529829202
乾燥のみの運転は可能ですか？,洗濯中に通常とは異なる音がするのですが、どのような原因が考えられますか？自分で確認できることはありますか？,0.6017474120130102
個別の設定は可能ですか？,洗濯のすすぎ回数を自分の希望に合わせて変更したいのですが、何回から何回まで選べますか？,0.6017412407371749
洗濯中に通常とは異なる音がするのですが、どのような原因が考えられますか？自分で確認できることはありますか？,一般的な洗濯コースを選んだ場合、洗濯が完了するまでにおよそ何分くらいかかりますか？,0.6017396363325644
チャイルドロックはどこで設定する？,スニーカーは洗える？,0.6016858537404244
一時停止中にドアは開きますか？,靴は洗えますか？,0.6016780844784846
洗濯物が絡まります。どうしたらよいですか？,おすすめの洗剤・柔軟剤はありますか？,0.601677477220926
ナノイーXとは何ですか？,ジェット乾燥とは何ですか？,0.6016517035574315
ナノイーXの機能は？,洗いのみは可能？,0.601634322317647
ジェット乾燥機能は、どのような仕組みで乾燥をするのですか？,この洗濯機で一度に洗濯できる衣類の最大量と、乾燥できる衣類の最大量はそれぞれ何キログラムですか？,0.6016180695228237
自宅にいない時でも、スマートフォンなどを使って洗濯機を遠隔で操作し、洗濯を開始することはできますか？,夜遅い時間帯に洗濯機を運転しても、近隣に迷惑がかからないように静かに運転できるモードはありますか？,0.6016132937857475
自動投入機能の使い方を教えて？,急いで洗濯したい時は？,0.601582710241565
毛布は洗えますか？,洗濯機本体が不安定で揺れるのですが、どうすれば改善できますか？設置状況を確認する必要がありますか？,0.6015581271990641
チャイルドロックの設定をしたい,ナノイーXとは何ですか？,0.6015572527968074
ジェット乾燥とは何ですか？,デリケートな衣類やおしゃれ着を優しく洗うための専用コースはありますか？,0.6015254174246694
洗濯物の種類や汚れ具合に関わらず、最もおすすめの洗濯コースは何ですか？そのコースではどのような設定が自動で行われますか？,水漏れの原因は？,0.6015195170719179
ドアが開かないのですが,この洗濯機で靴を洗うことはできますか？もしできない場合、何か代わりの方法はありますか？,0.6015140624901869
おしゃれ着は洗える？,水漏れの原因は？,0.6014919578636315
洗濯ネットは使うべき？,水漏れの原因は？,0.6014916978319231
一般的な洗濯コースを選んだ場合、洗濯が完了するまでにおよそ何分くらいかかりますか？,推奨の洗剤・柔軟剤は？,0.6014741841653669
ナノイーXとは何ですか？,ジェット乾燥機能は、どのような仕組みで乾燥をするのですか？,0.6014530908732217
衣類を洗うだけで、乾燥工程は行いたくない場合、どのコースを選択すれば良いですか？,洗濯ネットは必要ですか？,0.6014220545813889
「ふんわりキープ」とはどのような機能ですか？,遠隔で洗濯を開始できますか？,0.6014193359110029
ジェット乾燥機能は、どのような仕組みで乾燥をするのですか？,本体がぐらつきます。どうしたら良いですか？,0.601413945923773
洗剤や柔軟剤を計る手間を省きたいのですが、自動投入機能はどのように設定して使用するのですか？,自動投入機能を使わずに、自分で洗剤を投入したいのですが、設定を教えてください？,0.6014071031650999
洗いのみは可能？,靴は洗えますか？,0.6013758876422215
デリケートな衣類やおしゃれ着を優しく洗うための専用コースはありますか？,設定を工場出荷時に戻せる？,0.6013381277404538
チャイルドロックはどこで設定する？,誤った設定をしてしまったので、洗濯機の設定をすべて初期状態に戻したいのですが、その方法を教えてください。,0.6013185343708141
洗濯コースの選択肢が画面に表示されないのですが、これはどういう状況ですか？どのように対処すれば良いですか？,予約機能の使い方をおしえて？,0.6013061768753392
この洗濯機で靴を洗うことはできますか？もしできない場合、何か代わりの方法はありますか？,洗濯の開始時刻を事前に設定しておきたいのですが、予約機能はどのように使えば良いですか？,0.6013029915006064
最適なコースは？,異音がします。どうしたらよいですか？,0.6012916080004306
手動で個別に設定する事は可能ですか？,洗濯機が排水できないというエラーメッセージが表示されたのですが、原因は何でしょうか？自分で解決できる方法はありますか？,0.6012866428751109
おすすめのコースを教えて？,白い粉が残るのですが。,0.6012744670864107
おしゃれ着コースはありますか？,時間がない時に、短時間で洗濯を済ませられるようなコースはありますか？,0.6012417807445691
乾燥なしで洗濯するには？,最大容量は？,0.6012139982564215
深夜運転は静か？,推奨の洗剤・柔軟剤は？,0.6011712526881914
異音がします。どうしたらよいですか？,予約機能の使い方をおしえて？,0.6011663124885392
使用する洗剤のブランドや種類を変更した場合、洗濯機側で何か設定を変更する必要はありますか？,洗濯機の下から水が漏れているのですが、どのような原因が考えられますか？自分で確認できる対処法はありますか？,0.6011473732579131
洗濯はせず、衣類を乾燥させる機能だけを使いたいのですが、どのように操作すれば良いですか？,洗濯を開始しようとしてもドラムが回転しないのですが、何が原因として考えられますか？安全装置が作動している可能性はありますか？,0.6011294961039801
ジェット乾燥機能は、どのような仕組みで乾燥をするのですか？,すすぎの設定を変更することは可能ですか？,0.6011219022075447
おすすめのコースを教えて？,洗濯後、衣類に白い粉状のものが付着しているのですが、何が原因ですか？どのように対処すれば改善されますか？,0.6011146734838487
洗濯物に白い粉が残っています。　どうしたらよいですか？,洗濯機のドアが最後まで閉まらないのですが、何を確認すれば良いですか？,0.6010723412757029
脱水時間の変更は可能ですか？,「水が出ない」エラーが出ます,0.6010636294112391
自動投入機能の使い方を教えて？,一時停止したらドアは開く？,0.6010326173267304
ジェット乾燥機能は、どのような仕組みで乾燥をするのですか？,この洗濯機で靴を洗うことはできますか？もしできない場合、何か代わりの方法はありますか？,0.6010288395553908
ジェット乾燥機能は、どのような仕組みで乾燥をするのですか？,おしゃれ着コースはありますか？,0.6009396726726663
ドアが完全に閉まりません,本体が熱くなります,0.6009322442163061
洗濯のすすぎ回数を自分の希望に合わせて変更したいのですが、何回から何回まで選べますか？,おしゃれ着は洗える？,0.6009135040546052
洗濯後に衣類が絡まってしまうことが多いのですが、何か絡まりを防ぐための対処法はありますか？,デリケートな衣類やおしゃれ着を優しく洗うための専用コースはありますか？,0.6008133377802582
乾燥だけで使用出来ますか？,この洗濯機で一度に洗濯できる衣類の最大量と、乾燥できる衣類の最大量はそれぞれ何キログラムですか？,0.6007611316429673
毛布の洗濯は可能？,この洗濯機に最適な洗剤や柔軟剤はありますか？メーカーから推奨されている製品があれば教えてください。,0.6006997484766441
「ふんわりキープ」とはどのような機能ですか？,洗濯機本体が不安定で揺れるのですが、どうすれば改善できますか？設置状況を確認する必要がありますか？,0.6006927392494359
変な音がするのですが。,洗剤の種類によって設定は変わりますか？,0.6006693303944257
外出先から洗濯を開始できますか？,一般的な洗濯コースを選んだ場合、洗濯が完了するまでにおよそ何分くらいかかりますか？,0.6006328302716955
洗濯だけする方法を教えて？,洗濯の所要時間は？,0.600601592546897
異音がします。どうしたらよいですか？,洗濯時間は何分ですか？,0.6005675245814137
チャイルドロックの設定をしたい,再洗はできる？,0.6005490689694307
ジェット乾燥機能は、どのような仕組みで乾燥をするのですか？,お急ぎコースはありますか？,0.6005396903240927
コースが表示されないのですが,設定を工場出荷時に戻せる？,0.600520640630373
ジェット乾燥って何？,洗濯機本体が不安定で揺れるのですが、どうすれば改善できますか？設置状況を確認する必要がありますか？,0.60040217959568
洗濯物の種類や汚れ具合に関わらず、最もおすすめの洗濯コースは何ですか？そのコースではどのような設定が自動で行われますか？,推奨の洗剤・柔軟剤は？,0.6003920375595565
自動投入機能はどう使うの？,急いで洗濯したい時は？,0.6003763357818901
水漏れしています。どうしたらよいですか？,ドラムが回らない。,0.6003649913623761
ドアが開かない原因は？,本体の揺れが気になる。,0.6003509391506114
洗濯後に衣類が絡まってしまうことが多いのですが、何か絡まりを防ぐための対処法はありますか？,おすすめの洗剤・柔軟剤はありますか？,0.6001986302970597
ナノイーX機能について詳しく教えてください。どのような効果があり、どのコースで利用できますか？,自宅にいない時でも、スマートフォンなどを使って洗濯機を遠隔で操作し、洗濯を開始することはできますか？,0.6001932961433767
スチーム機能の使い方を教えて？,運転終了時にアラームを鳴らさないようにできますか？,0.600136492636645
スチーム機能は何に使うの？,予約機能の使い方をおしえて？,0.6000315111726169
ナノイーXとは何ですか？,変な音がするのですが。,0.6000232298306475
スチーム機能は何に使うの？,ジェット乾燥って何？,0.6000148270299304
衣類を洗うだけで、乾燥工程は行いたくない場合、どのコースを選択すれば良いですか？,洗いのみは可能？,0.5999788048665134
洗濯機を使い始めるにはどうすればいいですか？　手順を教えて下さい。,自宅にいない時でも、スマートフォンなどを使って洗濯機を遠隔で操作し、洗濯を開始することはできますか？,0.5999394922888938
洗濯ネットは必要ですか？,洗剤の種類で設定変更は必要？,0.5999371791016803
変な音がするのですが。,最大容量は？,0.5999150569810012
水漏れの原因は？,推奨の洗剤・柔軟剤は？,0.5999067063986872
洗濯をスタートする方法を教えて？,洗濯を一時停止した際、追加の衣類を入れるためにドアを開けることは可能ですか？その条件は何ですか？,0.5998942471839827
変な音がするのですが。,靴は洗えますか？,0.5998817098213879
ジェット乾燥機能は、どのような仕組みで乾燥をするのですか？,白い粉が残るのですが。,0.5998786056201217
羽毛布団を洗濯機で洗いたいのですが、対応していますか？また、洗う際の注意点があれば教えてください。,ドアが閉まらない時は？,0.5998468128208185
ナノイーXの機能は？,ジェット乾燥機能は、どのような仕組みで乾燥をするのですか？,0.5998450142084466
羽毛布団を洗濯機で洗いたいのですが、対応していますか？また、洗う際の注意点があれば教えてください。,予約機能の使い方をおしえて？,0.5998420526028916
ふんわりキープとは何ですか？,洗濯時間は何分ですか？,0.5998056706409796
個別の設定は可能ですか？,洗濯機に水が供給されないというエラーが表示されたのですが、どのような原因が考えられますか？自分でできる確認事項はありますか？,0.5997905337113373
洗濯を一時停止した際、追加の衣類を入れるためにドアを開けることは可能ですか？その条件は何ですか？,羽毛布団を洗濯機で洗いたいのですが、対応していますか？また、洗う際の注意点があれば教えてください。,0.599784018933716
洗濯機本体に触れると熱いのですが、これは異常ですか？特に乾燥運転中に熱くなることはありますか？,推奨の洗剤・柔軟剤は？,0.5997546669673844
すすぎや脱水はせずに、衣類を「洗い」の工程だけで済ませたいのですが、そのような設定はできますか？,異音がします。どうしたらよいですか？,0.5997373843881562
衣類を洗うだけで、乾燥工程は行いたくない場合、どのコースを選択すれば良いですか？,洗濯機の下から水が漏れているのですが、どのような原因が考えられますか？自分で確認できる対処法はありますか？,0.5997242074371971
毛布の洗濯は可能？,洗濯を開始しようとしてもドラムが回転しないのですが、何が原因として考えられますか？安全装置が作動している可能性はありますか？,0.5996615904886894
手動で洗剤を入れることはできますか？,ふんわりキープとは何ですか？,0.5996452581919716
すすぎの設定を変更することは可能ですか？,運転終了時にアラームを鳴らさないようにできますか？,0.5995828736767176
衣類のしわを伸ばしたり、気になるにおいを取り除いたりしたいのですが、スチーム機能はどのように使えば良いですか？,スニーカーは洗える？,0.5995540676759161
洗剤や柔軟剤を計る手間を省きたいのですが、自動投入機能はどのように設定して使用するのですか？,洗いのみは可能？,0.5995216018425744
自宅にいない時でも、スマートフォンなどを使って洗濯機を遠隔で操作し、洗濯を開始することはできますか？,毛布は洗えますか？,0.5994911062603682
変な音がするのですが。,ドラムが回らない。,0.5994373174772599
すすぎや脱水はせずに、衣類を「洗い」の工程だけで済ませたいのですが、そのような設定はできますか？,一時停止中にドアは開きますか？,0.5994118666451325
洗濯の始め方は？,水漏れの原因は？,0.5993807125805327
遠隔で洗濯を開始できますか？,洗濯ネットは必要ですか？,0.5993249070806574
ジェット乾燥機能は、どのような仕組みで乾燥をするのですか？,コースが表示されないのですが,0.5992760553510279
洗濯のすすぎ回数を自分の希望に合わせて変更したいのですが、何回から何回まで選べますか？,洗濯時間は何分ですか？,0.5992624602321496
洗濯物に白い粉が残っています。　どうしたらよいですか？,洗濯の開始時刻を事前に設定しておきたいのですが、予約機能はどのように使えば良いですか？,0.5992175618549744
洗濯機を使い始めるにはどうすればいいですか？　手順を教えて下さい。,洗濯はせず、衣類を乾燥させる機能だけを使いたいのですが、どのように操作すれば良いですか？,0.5991848205066552
子供が誤って操作しないように、チャイルドロックを設定したいのですが、その方法と解除方法を教えてください。,予約の仕方は？,0.5991794608402141
洗濯物が絡まります。どうしたらよいですか？,洗濯コースの選択肢が画面に表示されないのですが、これはどういう状況ですか？どのように対処すれば良いですか？,0.5991720113635086
衣類を洗うだけで、乾燥工程は行いたくない場合、どのコースを選択すれば良いですか？,最大容量は？,0.5991681951900729
乾燥なしで洗濯するには？,再洗はできる？,0.5991293359605041
ジェット乾燥って何？,ドアが開かない原因は？,0.5991172248481684
衣類を洗うだけで、乾燥工程は行いたくない場合、どのコースを選択すれば良いですか？,遠隔で洗濯を開始できますか？,0.5991069965332736
異音がします。どうしたらよいですか？,ドアが閉まらない時は？,0.5990791773095376
遠隔で洗濯を開始できますか？,洗濯機のドアが最後まで閉まらないのですが、何を確認すれば良いですか？,0.5989851675579446
ナノイーX機能について詳しく教えてください。どのような効果があり、どのコースで利用できますか？,洗剤の種類によって設定は変わりますか？,0.5989842402905865
おしゃれ着は洗える？,洗濯を開始しようとしてもドラムが回転しないのですが、何が原因として考えられますか？安全装置が作動している可能性はありますか？,0.5989776176229126
洗濯機本体が不安定で揺れるのですが、どうすれば改善できますか？設置状況を確認する必要がありますか？,一般的な洗濯コースを選んだ場合、洗濯が完了するまでにおよそ何分くらいかかりますか？,0.5989452663317448
洗濯はせず、衣類を乾燥させる機能だけを使いたいのですが、どのように操作すれば良いですか？,コースが表示されない。,0.5989204851063621
自動投入機能はどう使うの？,遠隔で洗濯を開始できますか？,0.5988926031944632
洗濯はせず、衣類を乾燥させる機能だけを使いたいのですが、どのように操作すれば良いですか？,ジェット乾燥機能は、どのような仕組みで乾燥をするのですか？,0.5988831648859569
本体の揺れが気になる。,予約の仕方は？,0.5988731605811977
洗濯をスタートする方法を教えて？,おすすめのコースを教えて？,0.5988548997282266
羽毛布団は洗濯できる？,水漏れしています。どうしたらよいですか？,0.5988483403993012
乾燥なしで洗濯するには？,使用する洗剤のブランドや種類を変更した場合、洗濯機側で何か設定を変更する必要はありますか？,0.5988184586490369
すすぎや脱水はせずに、衣類を「洗い」の工程だけで済ませたいのですが、そのような設定はできますか？,排水エラーが出た。,0.5988170387733257
洗濯物の種類や汚れ具合に関わらず、最もおすすめの洗濯コースは何ですか？そのコースではどのような設定が自動で行われますか？,自宅の洗濯機で毛布を洗うことはできますか？もし洗える場合、何か特別な条件やコースがありますか？,0.5987550121639224
洗濯はせず、衣類を乾燥させる機能だけを使いたいのですが、どのように操作すれば良いですか？,自動投入機能はどう使うの？,0.5987405339491445
ジェット乾燥って何？,本体の揺れが気になる。,0.5987267697371537
洗濯物を保護するために、洗濯ネットを使用する必要はありますか？どのような種類の衣類に推奨されますか？,羽毛布団は洗濯できる？,0.5987267038517068
すすぎ回数は変えられる？,おすすめの洗剤・柔軟剤はありますか？,0.5986918372050263
ジェット乾燥とは何ですか？,おしゃれ着は洗える？,0.5986641692501349
最適なコースは？,洗濯のすすぎ回数を自分の希望に合わせて変更したいのですが、何回から何回まで選べますか？,0.59865803062496
チャイルドロックの設定をしたい,毛布の洗濯は可能？,0.5986547346608643
洗濯中に通常とは異なる音がするのですが、どのような原因が考えられますか？自分で確認できることはありますか？,排水エラーが出た。,0.5986408889528894
チャイルドロックはどこで設定する？,洗濯のすすぎ回数を自分の希望に合わせて変更したいのですが、何回から何回まで選べますか？,0.5986332438797939
ナノイーXの機能は？,洗濯機本体が不安定で揺れるのですが、どうすれば改善できますか？設置状況を確認する必要がありますか？,0.5986276780322894
自動投入機能はどう使うの？,デリケートな衣類やおしゃれ着を優しく洗うための専用コースはありますか？,0.5986198208887805
子供が誤って操作しないように、チャイルドロックを設定したいのですが、その方法と解除方法を教えてください。,「洗い」だけ行いたいのですが,0.5986171353573242
ジェット乾燥とは何ですか？,ドアが開かない原因は？,0.598616642405128
コースが表示されないのですが,洗濯の所要時間は？,0.5985943320083564
ジェット乾燥って何？,洗剤の種類によって設定は変わりますか？,0.5985780503743461
自動投入機能の使い方を教えて？,推奨の洗剤・柔軟剤は？,0.5985738351383774
洗濯はせず、衣類を乾燥させる機能だけを使いたいのですが、どのように操作すれば良いですか？,再洗はできる？,0.5984799691790507
自動投入機能はどう使うの？,洗濯機のドアが最後まで閉まらないのですが、何を確認すれば良いですか？,0.5984454237419602
ナノイーXの機能は？,深夜に運転しても大丈夫？,0.5984438729866763
おしゃれ着は洗える？,推奨の洗剤・柔軟剤は？,0.5984133070250146
洗濯の始め方は？,衣類のしわを伸ばしたり、気になるにおいを取り除いたりしたいのですが、スチーム機能はどのように使えば良いですか？,0.5984011121623052
予約機能の使い方をおしえて？,洗濯を開始しようとしてもドラムが回転しないのですが、何が原因として考えられますか？安全装置が作動している可能性はありますか？,0.5983773646485238
急いで洗濯したい時は？,推奨の洗剤・柔軟剤は？,0.5983755471865487
羽毛布団は洗えますか？,洗濯中に通常とは異なる音がするのですが、どのような原因が考えられますか？自分で確認できることはありますか？,0.598373846381898
洗濯だけする方法を教えて？,洗濯時間は何分ですか？,0.5983703032888121
自動投入機能はどう使うの？,深夜に運転しても大丈夫？,0.5983033355246884
洗剤や柔軟剤を計る手間を省きたいのですが、自動投入機能はどのように設定して使用するのですか？,予約の仕方は？,0.5982330516784775
誤った設定をしてしまったので、洗濯機の設定をすべて初期状態に戻したいのですが、その方法を教えてください。,おすすめの洗剤・柔軟剤はありますか？,0.5982171244021123
ジェット乾燥とは何ですか？,変な音がするのですが。,0.5982129753509472
ナノイーXとは何ですか？,ふんわりキープの目的は？,0.598179581980115
ふんわりキープとは何ですか？,洗濯物に白い粉が残っています。　どうしたらよいですか？,0.5981686474171988
ジェット乾燥とは何ですか？,本体が熱い。,0.5981346781885989
すすぎの設定を変更することは可能ですか？,洗濯を一時停止した際、追加の衣類を入れるためにドアを開けることは可能ですか？その条件は何ですか？,0.5980437065484046
運転終了時にアラームを鳴らさないようにできますか？,洗濯の開始時刻を事前に設定しておきたいのですが、予約機能はどのように使えば良いですか？,0.5980419582307697
洗濯だけする方法を教えて？,特に汚れがひどい洗濯物なので、2回続けて洗いたいのですが、そのような設定は可能ですか？,0.5980092559598752
洗濯後に衣類が絡まってしまうことが多いのですが、何か絡まりを防ぐための対処法はありますか？,一般的な洗濯コースを選んだ場合、洗濯が完了するまでにおよそ何分くらいかかりますか？,0.5979795890946078
ナノイーX機能について詳しく教えてください。どのような効果があり、どのコースで利用できますか？,洗濯中に通常とは異なる音がするのですが、どのような原因が考えられますか？自分で確認できることはありますか？,0.5979742368704078
すすぎの設定を変更することは可能ですか？,デリケートな衣類やおしゃれ着を優しく洗うための専用コースはありますか？,0.5979729006353618
再洗はできる？,推奨の洗剤・柔軟剤は？,0.5979672213161425
チャイルドロックはどこで設定する？,終了音を消すには？,0.5979657235605047
手動で洗剤を入れることはできますか？,羽毛布団は洗濯できる？,0.597934280295418
毛布の洗濯は可能？,洗濯機本体が不安定で揺れるのですが、どうすれば改善できますか？設置状況を確認する必要がありますか？,0.5979154997945964
自宅の洗濯機で毛布を洗うことはできますか？もし洗える場合、何か特別な条件やコースがありますか？,一般的な洗濯コースを選んだ場合、洗濯が完了するまでにおよそ何分くらいかかりますか？,0.5978543040086178
洗濯機を使い始めるにはどうすればいいですか？　手順を教えて下さい。,洗濯機の下から水が漏れているのですが、どのような原因が考えられますか？自分で確認できる対処法はありますか？,0.5978304756868023
洗濯の各工程（洗い、すすぎ、脱水、乾燥）について、自分の好みに合わせて時間を設定したり、回数を変更したりすることはできますか？,洗剤や柔軟剤を計る手間を省きたいのですが、自動投入機能はどのように設定して使用するのですか？,0.5977762920435506
チャイルドロックの設定をしたい,設定を工場出荷時に戻せる？,0.5977726064466403
洗濯だけする方法を教えて？,ドアが開かないのですが,0.5977665172434112
おしゃれ着コースはありますか？,洗濯機本体が不安定で揺れるのですが、どうすれば改善できますか？設置状況を確認する必要がありますか？,0.597733823866512
最適なコースは？,一般的な洗濯コースを選んだ場合、洗濯が完了するまでにおよそ何分くらいかかりますか？,0.5976904827020921
自宅の洗濯機で毛布を洗うことはできますか？もし洗える場合、何か特別な条件やコースがありますか？,洗濯機本体に触れると熱いのですが、これは異常ですか？特に乾燥運転中に熱くなることはありますか？,0.597687629808821
衣類を洗うだけで、乾燥工程は行いたくない場合、どのコースを選択すれば良いですか？,深夜に運転しても大丈夫？,0.5976549657475503
特に汚れがひどい洗濯物なので、2回続けて洗いたいのですが、そのような設定は可能ですか？,洗いのみは可能？,0.5975825278994579
洗濯物が絡まります。どうしたらよいですか？,洗濯を開始しようとしてもドラムが回転しないのですが、何が原因として考えられますか？安全装置が作動している可能性はありますか？,0.5975695524317419
毛布は洗えますか？,夜遅い時間帯に洗濯機を運転しても、近隣に迷惑がかからないように静かに運転できるモードはありますか？,0.5975609336065759
遠隔で洗濯を開始できますか？,ドラムが回らない。,0.5975436472989815
洗いのみは可能？,推奨の洗剤・柔軟剤は？,0.5975384795700087
乾燥なしで洗濯するには？,スチーム機能は何に使うの？,0.5975094628364083
羽毛布団は洗えますか？,洗濯機本体に触れると熱いのですが、これは異常ですか？特に乾燥運転中に熱くなることはありますか？,0.5974822284295878
洗濯物を保護するために、洗濯ネットを使用する必要はありますか？どのような種類の衣類に推奨されますか？,使用する洗剤のブランドや種類を変更した場合、洗濯機側で何か設定を変更する必要はありますか？,0.5974175898329372
ジェット乾燥とは何ですか？,洗濯の開始時刻を事前に設定しておきたいのですが、予約機能はどのように使えば良いですか？,0.5974109147658877
特に汚れがひどい洗濯物なので、2回続けて洗いたいのですが、そのような設定は可能ですか？,すすぎの設定を変更することは可能ですか？,0.5973811934362812
ジェット乾燥って何？,急いで洗濯したい時は？,0.5973749940323536
個別の設定は可能ですか？,すすぎ回数は変えられる？,0.5973728657509066
ナノイーX機能について詳しく教えてください。どのような効果があり、どのコースで利用できますか？,急いで洗濯したい時は？,0.597357911538303
乾燥だけで使用出来ますか？,子供が誤って操作しないように、チャイルドロックを設定したいのですが、その方法と解除方法を教えてください。,0.5973515589210294
ドアが開かないのですが,洗濯コースの選択肢が画面に表示されないのですが、これはどういう状況ですか？どのように対処すれば良いですか？,0.5973387855959301
終了音を消すには？,コースが表示されないのですが,0.5973216862322684
衣類のしわを伸ばしたり、気になるにおいを取り除いたりしたいのですが、スチーム機能はどのように使えば良いですか？,再洗はできる？,0.5972712728914779
乾燥なしで洗濯するには？,洗濯の所要時間は？,0.5972686585294049
ドラムが動きません,本体が熱くなります,0.5972511008847701
洗濯中に通常とは異なる音がするのですが、どのような原因が考えられますか？自分で確認できることはありますか？,コースが表示されないのですが,0.5972360875568884
外出先から洗濯を開始できますか？,洗濯機のドアが最後まで閉まらないのですが、何を確認すれば良いですか？,0.5971830560134743
ジェット乾燥機能は、どのような仕組みで乾燥をするのですか？,羽毛布団は洗えますか？,0.5971662657177761
洗濯が終わったのにドアがロックされて開かないのですが、これは故障ですか？どのくらい時間が経てば開くようになりますか？,コースが表示されない。,0.5971539652764362
ジェット乾燥って何？,おしゃれ着は洗える？,0.5971505349918307
洗濯の始め方は？,洗濯を一時停止した際、追加の衣類を入れるためにドアを開けることは可能ですか？その条件は何ですか？,0.5971306315566305
手動で個別に設定する事は可能ですか？,自動投入機能を使わずに、自分で洗剤を投入したいのですが、設定を教えてください？,0.597115593237725
洗濯を一時停止した際、追加の衣類を入れるためにドアを開けることは可能ですか？その条件は何ですか？,推奨の洗剤・柔軟剤は？,0.5971116808868493
衣類のしわを伸ばしたり、気になるにおいを取り除いたりしたいのですが、スチーム機能はどのように使えば良いですか？,ジェット乾燥機能は、どのような仕組みで乾燥をするのですか？,0.5970925567319919
自動投入機能の使い方を教えて？,「ふんわりキープ」とはどのような機能ですか？,0.5970451363569302
自動投入機能を使わずに、自分で洗剤を投入したいのですが、設定を教えてください？,自宅の洗濯機で毛布を洗うことはできますか？もし洗える場合、何か特別な条件やコースがありますか？,0.5970384767455901
特に汚れがひどい洗濯物なので、2回続けて洗いたいのですが、そのような設定は可能ですか？,すすぎ回数は変えられる？,0.5969559706160475
乾燥だけで使用出来ますか？,手動で洗剤を入れることはできますか？,0.5969328934262693
再洗はできる？,洗濯機本体が不安定で揺れるのですが、どうすれば改善できますか？設置状況を確認する必要がありますか？,0.5969225205685529
深夜運転は静か？,変な音がするのですが。,0.5969114525738961
洗濯機を使い始めるにはどうすればいいですか？　手順を教えて下さい。,本体がぐらつきます。どうしたら良いですか？,0.5969079153888348
毛布の洗濯は可能？,洗濯中に通常とは異なる音がするのですが、どのような原因が考えられますか？自分で確認できることはありますか？,0.5968340375234451
コースが表示されないのですが,洗濯時間は何分ですか？,0.5968134252069273
2度洗いは出来ますか？,毛布の洗濯は可能？,0.5968122382461332
ナノイーXとは何ですか？,一般的な洗濯コースを選んだ場合、洗濯が完了するまでにおよそ何分くらいかかりますか？,0.5968006523437062
洗濯ネットは使うべき？,おしゃれ着は洗える？,0.5967800239577603
ジェット乾燥機能は、どのような仕組みで乾燥をするのですか？,洗濯中に通常とは異なる音がするのですが、どのような原因が考えられますか？自分で確認できることはありますか？,0.5967324665485625
衣類を洗うだけで、乾燥工程は行いたくない場合、どのコースを選択すれば良いですか？,外出先から洗濯を開始できますか？,0.5967176054106241
最適なコースは？,毛布は洗えますか？,0.5966987038119788
2度洗いは出来ますか？,毛布は洗えますか？,0.5966123788653073
衣類を洗うだけで、乾燥工程は行いたくない場合、どのコースを選択すれば良いですか？,洗濯ネットは使うべき？,0.596581957506046
自動投入機能はどう使うの？,外出先から洗濯を開始できますか？,0.5965672320367539
脱水時間の調整はできる？,洗濯時間は何分ですか？,0.5965563493581472
ふんわりキープの目的は？,一時停止中にドアは開きますか？,0.596554392603102
洗濯物に白い粉が残っています。　どうしたらよいですか？,コースが表示されないのですが,0.5964812476054016
羽毛布団は洗濯できる？,デリケートな衣類やおしゃれ着を優しく洗うための専用コースはありますか？,0.5964489412431453
毛布の洗濯は可能？,洗濯機に水が供給されないというエラーが表示されたのですが、どのような原因が考えられますか？自分でできる確認事項はありますか？,0.5964448357558976
自動投入機能の使い方を教えて？,ジェット乾燥とは何ですか？,0.5964147110134475
ジェット乾燥って何？,おしゃれ着コースはありますか？,0.5963228745920277
洗濯ネットは必要ですか？,予約機能の使い方をおしえて？,0.5962747926574321
洗濯物を保護するために、洗濯ネットを使用する必要はありますか？どのような種類の衣類に推奨されますか？,羽毛布団を洗濯機で洗いたいのですが、対応していますか？また、洗う際の注意点があれば教えてください。,0.5962499023841739
羽毛布団を洗濯機で洗いたいのですが、対応していますか？また、洗う際の注意点があれば教えてください。,推奨の洗剤・柔軟剤は？,0.5962257718601707
乾燥のみの運転は可能ですか？,ドラムが回らない。,0.5962149449151218
本体がぐらつきます。どうしたら良いですか？,コースが表示されない。,0.5961963492472424
洗剤や柔軟剤を計る手間を省きたいのですが、自動投入機能はどのように設定して使用するのですか？,ふんわりキープとは何ですか？,0.5961879845110577
おすすめのコースを教えて？,「洗い」だけ行いたいのですが,0.596174603241731
ふんわりキープの目的は？,洗濯ネットは使うべき？,0.5961208728370924
おしゃれ着コースはありますか？,洗剤の種類によって設定は変わりますか？,0.5960739939538707
一時停止中にドアは開きますか？,推奨の洗剤・柔軟剤は？,0.5960485527278544
ふんわりキープの目的は？,外出先から洗濯を開始できますか？,0.596041295853476
特に汚れがひどい洗濯物なので、2回続けて洗いたいのですが、そのような設定は可能ですか？,洗濯機の下から水が漏れているのですが、どのような原因が考えられますか？自分で確認できる対処法はありますか？,0.5960237470296024
羽毛布団は洗濯できる？,洗濯機本体に触れると熱いのですが、これは異常ですか？特に乾燥運転中に熱くなることはありますか？,0.5960105502332209
手動で個別に設定する事は可能ですか？,予約の仕方は？,0.595998233597069
洗剤や柔軟剤を計る手間を省きたいのですが、自動投入機能はどのように設定して使用するのですか？,一般的な洗濯コースを選んだ場合、洗濯が完了するまでにおよそ何分くらいかかりますか？,0.5959719881854314
洗濯をスタートする方法を教えて？,乾燥だけで使用出来ますか？,0.5959678808673811
すすぎや脱水はせずに、衣類を「洗い」の工程だけで済ませたいのですが、そのような設定はできますか？,靴は洗えますか？,0.5959579532261721
乾燥なしで洗濯するには？,ジェット乾燥とは何ですか？,0.5959503936919184
深夜に運転しても大丈夫？,推奨の洗剤・柔軟剤は？,0.5959266248568195
洗濯中に一時停止は可能？,一時停止中にドアは開きますか？,0.5959140553986091
洗濯の途中で一時停止できますか？,一時停止中にドアは開きますか？,0.5958751260668456
自動投入機能はどう使うの？,毛布は洗えますか？,0.5958708302700153
洗濯機本体が不安定で揺れるのですが、どうすれば改善できますか？設置状況を確認する必要がありますか？,予約機能の使い方をおしえて？,0.5958679741605246
洗濯ネットは必要ですか？,洗剤の種類によって設定は変わりますか？,0.5958503970993787
乾燥だけで使用出来ますか？,「洗い」だけ行いたいのですが,0.5958454392937149
ナノイーXの機能は？,遠隔で洗濯を開始できますか？,0.595834063083823
ジェット乾燥機能は、どのような仕組みで乾燥をするのですか？,深夜に運転しても大丈夫？,0.595794992378574
スチーム機能の使い方を教えて？,洗剤の種類で設定変更は必要？,0.5957391216928938
すすぎ回数は変えられる？,この洗濯機に最適な洗剤や柔軟剤はありますか？メーカーから推奨されている製品があれば教えてください。,0.5957049385703665
再洗はできる？,すすぎの設定を変更することは可能ですか？,0.5956774112569816
洗濯機を使い始めるにはどうすればいいですか？　手順を教えて下さい。,乾燥だけで使用出来ますか？,0.5956757070031928
自動投入機能の使い方を教えて？,洗濯機のドアが最後まで閉まらないのですが、何を確認すれば良いですか？,0.5956419168306037
おすすめのコースを教えて？,水が出ないエラーが出た。,0.5956164972966962
洗濯のすすぎ回数を自分の希望に合わせて変更したいのですが、何回から何回まで選べますか？,洗濯の所要時間は？,0.5955769896470329
変な音がするのですが。,ドラムが動きません,0.5955442900720453
遠隔で洗濯を開始できますか？,洗濯コースの選択肢が画面に表示されないのですが、これはどういう状況ですか？どのように対処すれば良いですか？,0.5955309412942515
自動投入機能はどう使うの？,本体の揺れが気になる。,0.5955134901725705
洗濯はせず、衣類を乾燥させる機能だけを使いたいのですが、どのように操作すれば良いですか？,ナノイーX機能について詳しく教えてください。どのような効果があり、どのコースで利用できますか？,0.5954441625722586
急いで洗濯したい時は？,洗濯機のドアが最後まで閉まらないのですが、何を確認すれば良いですか？,0.5954296657900019
再洗はできる？,予約機能の使い方をおしえて？,0.5954289502652446
ナノイーX機能について詳しく教えてください。どのような効果があり、どのコースで利用できますか？,洗濯機本体が不安定で揺れるのですが、どうすれば改善できますか？設置状況を確認する必要がありますか？,0.5954202451302764
ドアが開かない原因は？,洗剤の種類によって設定は変わりますか？,0.5954167503135515
洗濯のすすぎ回数を自分の希望に合わせて変更したいのですが、何回から何回まで選べますか？,変な音がするのですが。,0.5953585725363033
予約機能の使い方をおしえて？,洗濯と乾燥の最大容量は？,0.5953498547645826
自動投入機能はどう使うの？,ドラムが動きません,0.5953099515451543
洗濯物の種類や汚れ具合に関わらず、最もおすすめの洗濯コースは何ですか？そのコースではどのような設定が自動で行われますか？,使用する洗剤のブランドや種類を変更した場合、洗濯機側で何か設定を変更する必要はありますか？,0.5952923842881965
この洗濯機で靴を洗うことはできますか？もしできない場合、何か代わりの方法はありますか？,推奨の洗剤・柔軟剤は？,0.5952756410058095
この洗濯機で靴を洗うことはできますか？もしできない場合、何か代わりの方法はありますか？,予約機能の使い方をおしえて？,0.5952735240378031
洗濯ネットは使うべき？,予約の仕方は？,0.595163742698416
個別の設定は可能ですか？,洗濯を一時停止した際、追加の衣類を入れるためにドアを開けることは可能ですか？その条件は何ですか？,0.5951358112612815
乾燥だけで使用出来ますか？,洗濯機の下から水が漏れているのですが、どのような原因が考えられますか？自分で確認できる対処法はありますか？,0.5950834110694867
脱水時間の調整はできる？,洗濯を一時停止した際、追加の衣類を入れるためにドアを開けることは可能ですか？その条件は何ですか？,0.5950502439850086
自動投入機能はどう使うの？,ドラムが回らない。,0.5950450551439959
洗濯後、衣類に白い粉状のものが付着しているのですが、何が原因ですか？どのように対処すれば改善されますか？,水が出ないエラーが出た。,0.5950357549308709
予約機能の使い方をおしえて？,一般的な洗濯コースを選んだ場合、洗濯が完了するまでにおよそ何分くらいかかりますか？,0.5950260096744506
チャイルドロックはどこで設定する？,お急ぎコースはありますか？,0.5950091624015768
羽毛布団を洗濯機で洗いたいのですが、対応していますか？また、洗う際の注意点があれば教えてください。,デリケートな衣類やおしゃれ着を優しく洗うための専用コースはありますか？,0.594997609471358
乾燥なしで洗濯するには？,異音がします。どうしたらよいですか？,0.5949578469290657
ドアが開かないのですが,本体が熱くなります,0.5948979760049198
スチーム機能の使い方を教えて？,2度洗いは出来ますか？,0.59486285097966
コースが表示されない。,水漏れしています。どうしたらよいですか？,0.5948424719457938
ジェット乾燥機能は、どのような仕組みで乾燥をするのですか？,洗剤の種類で設定変更は必要？,0.5948347591270817
ドラムが動きません,洗濯機本体に触れると熱いのですが、これは異常ですか？特に乾燥運転中に熱くなることはありますか？,0.594830961505242
洗濯コースの選択肢が画面に表示されないのですが、これはどういう状況ですか？どのように対処すれば良いですか？,予約の仕方は？,0.5948279617405205
ドアが開かないのですが,本体がぐらつきます。どうしたら良いですか？,0.5947952850659148
個別の設定は可能ですか？,洗濯機の下から水が漏れているのですが、どのような原因が考えられますか？自分で確認できる対処法はありますか？,0.5947911848722651
チャイルドロックはどこで設定する？,夜遅い時間帯に洗濯機を運転しても、近隣に迷惑がかからないように静かに運転できるモードはありますか？,0.5947672410123429
ジェット乾燥機能は、どのような仕組みで乾燥をするのですか？,すすぎや脱水はせずに、衣類を「洗い」の工程だけで済ませたいのですが、そのような設定はできますか？,0.5947304729880809
洗剤の種類で設定変更は必要？,一般的な洗濯コースを選んだ場合、洗濯が完了するまでにおよそ何分くらいかかりますか？,0.5947127787046198
洗濯のすすぎ回数を自分の希望に合わせて変更したいのですが、何回から何回まで選べますか？,この洗濯機で一度に洗濯できる衣類の最大量と、乾燥できる衣類の最大量はそれぞれ何キログラムですか？,0.5947103750916185
水漏れしています。どうしたらよいですか？,ドラムが動きません,0.5946985291313589
深夜運転は静か？,ドアが閉まらない時は？,0.5946817157605411
手動で洗剤を入れることはできますか？,靴は洗えますか？,0.5946514882106821
ふんわりキープとは何ですか？,最大容量は？,0.5946356791428805
洗濯だけする方法を教えて？,夜遅い時間帯に洗濯機を運転しても、近隣に迷惑がかからないように静かに運転できるモードはありますか？,0.5945492648314232
ナノイーXとは何ですか？,夜遅い時間帯に洗濯機を運転しても、近隣に迷惑がかからないように静かに運転できるモードはありますか？,0.5944771675186915
すすぎの設定を変更することは可能ですか？,この洗濯機に最適な洗剤や柔軟剤はありますか？メーカーから推奨されている製品があれば教えてください。,0.5944547044550885
おしゃれ着は洗える？,洗濯コースの選択肢が画面に表示されないのですが、これはどういう状況ですか？どのように対処すれば良いですか？,0.5944374297838635
おすすめのコースを教えて？,予約機能の使い方をおしえて？,0.5944063073052419
洗濯物が絡まります。どうしたらよいですか？,変な音がするのですが。,0.5943741119049781
「ふんわりキープ」とはどのような機能ですか？,変な音がするのですが。,0.5942942092576464
洗濯機を使い始めるにはどうすればいいですか？　手順を教えて下さい。,本体の揺れが気になる。,0.5942827410437039
洗濯物の種類や汚れ具合に関わらず、最もおすすめの洗濯コースは何ですか？そのコースではどのような設定が自動で行われますか？,予約の仕方は？,0.5942575914761019
誤った設定をしてしまったので、洗濯機の設定をすべて初期状態に戻したいのですが、その方法を教えてください。,推奨の洗剤・柔軟剤は？,0.5942505682788861
ジェット乾燥って何？,コースが表示されないのですが,0.594238333351218
ふんわりキープの目的は？,時間がない時に、短時間で洗濯を済ませられるようなコースはありますか？,0.5942342744652958
羽毛布団は洗濯できる？,洗濯物に白い粉が残っています。　どうしたらよいですか？,0.5942325586493351
異音がします。どうしたらよいですか？,この洗濯機で一度に洗濯できる衣類の最大量と、乾燥できる衣類の最大量はそれぞれ何キログラムですか？,0.5942026004136853
手動で個別に設定する事は可能ですか？,ふんわりキープとは何ですか？,0.5942015215379198
ジェット乾燥とは何ですか？,洗濯機本体に触れると熱いのですが、これは異常ですか？特に乾燥運転中に熱くなることはありますか？,0.5941995810102015
洗濯の各工程（洗い、すすぎ、脱水、乾燥）について、自分の好みに合わせて時間を設定したり、回数を変更したりすることはできますか？,洗濯のすすぎ回数を自分の希望に合わせて変更したいのですが、何回から何回まで選べますか？,0.5941935791683076
乾燥だけで使用出来ますか？,洗濯物が絡まります。どうしたらよいですか？,0.5941832451537097
ドアが開かない原因は？,スニーカーは洗える？,0.5941685818327406
手動で個別に設定する事は可能ですか？,チャイルドロックはどこで設定する？,0.5941489361147138
すすぎ回数は変えられる？,一般的な洗濯コースを選んだ場合、洗濯が完了するまでにおよそ何分くらいかかりますか？,0.5941172523799298
予約の仕方は？,最大容量は？,0.5941104031082514
予約の仕方は？,ドラムが回らない。,0.5940809057421519
変な音がするのですが。,デリケートな衣類やおしゃれ着を優しく洗うための専用コースはありますか？,0.5940657311042483
洗濯時間は何分ですか？,水漏れしています。どうしたらよいですか？,0.5940586266066334
スチーム機能の使い方を教えて？,おしゃれ着コースはありますか？,0.5940307310864436
乾燥だけで使用出来ますか？,本体の揺れが気になる。,0.5940091835349132
すすぎ回数は変えられる？,洗濯中に通常とは異なる音がするのですが、どのような原因が考えられますか？自分で確認できることはありますか？,0.5940083085211797
洗濯ネットは必要ですか？,水漏れしています。どうしたらよいですか？,0.5939987194775598
乾燥だけで使用出来ますか？,最大容量は？,0.5939970124755956
乾燥のみの運転は可能ですか？,白い粉が残るのですが。,0.5939868957192793
コースが表示されないのですが,この洗濯機で一度に洗濯できる衣類の最大量と、乾燥できる衣類の最大量はそれぞれ何キログラムですか？,0.5939025411004315
すすぎ回数は変えられる？,コースが表示されない。,0.593866557812925
洗濯機を使い始めるにはどうすればいいですか？　手順を教えて下さい。,再洗はできる？,0.5938363365754709
自動投入機能を使わずに、自分で洗剤を投入したいのですが、設定を教えてください？,コースが表示されない。,0.5938360097121073
ナノイーX機能について詳しく教えてください。どのような効果があり、どのコースで利用できますか？,この洗濯機で靴を洗うことはできますか？もしできない場合、何か代わりの方法はありますか？,0.5938245263540898
洗濯だけする方法を教えて？,手動で洗剤を入れることはできますか？,0.593817320104794
洗剤の種類によって設定は変わりますか？,ドアが完全に閉まりません,0.5938020619671994
洗濯機を使い始めるにはどうすればいいですか？　手順を教えて下さい。,自動投入機能の使い方を教えて？,0.5937889523571408
おしゃれ着は洗える？,この洗濯機で一度に洗濯できる衣類の最大量と、乾燥できる衣類の最大量はそれぞれ何キログラムですか？,0.5937781520913512
使用する洗剤のブランドや種類を変更した場合、洗濯機側で何か設定を変更する必要はありますか？,この洗濯機で一度に洗濯できる衣類の最大量と、乾燥できる衣類の最大量はそれぞれ何キログラムですか？,0.5937635218071542
手動で洗剤を入れることはできますか？,コースが表示されないのですが,0.5937449062114358
この洗濯機で靴を洗うことはできますか？もしできない場合、何か代わりの方法はありますか？,予約の仕方は？,0.5936904858751912
洗いのみは可能？,おしゃれ着コースはありますか？,0.5936462855495854
羽毛布団を洗濯機で洗いたいのですが、対応していますか？また、洗う際の注意点があれば教えてください。,予約の仕方は？,0.5935788536985456
自宅の洗濯機で毛布を洗うことはできますか？もし洗える場合、何か特別な条件やコースがありますか？,洗濯機の下から水が漏れているのですが、どのような原因が考えられますか？自分で確認できる対処法はありますか？,0.5935291025110074
洗濯を一時停止した際、追加の衣類を入れるためにドアを開けることは可能ですか？その条件は何ですか？,洗濯機本体に触れると熱いのですが、これは異常ですか？特に乾燥運転中に熱くなることはありますか？,0.5934741228083338
衣類を洗うだけで、乾燥工程は行いたくない場合、どのコースを選択すれば良いですか？,洗濯後、衣類に白い粉状のものが付着しているのですが、何が原因ですか？どのように対処すれば改善されますか？,0.5934367263090761
夜遅い時間帯に洗濯機を運転しても、近隣に迷惑がかからないように静かに運転できるモードはありますか？,洗濯中に通常とは異なる音がするのですが、どのような原因が考えられますか？自分で確認できることはありますか？,0.5933830770370154
チャイルドロックの設定をしたい,デリケートな衣類やおしゃれ着を優しく洗うための専用コースはありますか？,0.5933390503258973
スチーム機能は何に使うの？,急いで洗濯したい時は？,0.5933238128170659
予約の仕方は？,この洗濯機に最適な洗剤や柔軟剤はありますか？メーカーから推奨されている製品があれば教えてください。,0.5933214473213975
時間がない時に、短時間で洗濯を済ませられるようなコースはありますか？,予約機能の使い方をおしえて？,0.5932695688979097
「洗い」だけ行いたいのですが,予約機能の使い方をおしえて？,0.5932314698789274
洗濯を開始しようとしてもドラムが回転しないのですが、何が原因として考えられますか？安全装置が作動している可能性はありますか？,推奨の洗剤・柔軟剤は？,0.5932254281699076
乾燥のみの運転は可能ですか？,洗濯機が排水できないというエラーメッセージが表示されたのですが、原因は何でしょうか？自分で解決できる方法はありますか？,0.5931741669282459
ナノイーXの機能は？,コースが表示されない。,0.5931665046101631
一時停止中にドアは開きますか？,羽毛布団は洗えますか？,0.5931577837439175
「ふんわりキープ」とはどのような機能ですか？,洗濯を開始しようとしてもドラムが回転しないのですが、何が原因として考えられますか？安全装置が作動している可能性はありますか？,0.593132344622169
洗濯はせず、衣類を乾燥させる機能だけを使いたいのですが、どのように操作すれば良いですか？,おすすめの洗剤・柔軟剤はありますか？,0.5931123275205756
洗濯物の種類や汚れ具合に関わらず、最もおすすめの洗濯コースは何ですか？そのコースではどのような設定が自動で行われますか？,洗濯機に水が供給されないというエラーが表示されたのですが、どのような原因が考えられますか？自分でできる確認事項はありますか？,0.5930852001205336
予約の仕方は？,洗濯と乾燥の最大容量は？,0.5930442460736923
ジェット乾燥機能は、どのような仕組みで乾燥をするのですか？,脱水時間の変更は可能ですか？,0.5929932744039683
洗濯はせず、衣類を乾燥させる機能だけを使いたいのですが、どのように操作すれば良いですか？,洗濯物の種類によって脱水時間を調整したいのですが、何分まで設定できますか？,0.5929796892401233
最適なコースは？,水漏れの原因は？,0.5929709492171331
洗濯の各工程（洗い、すすぎ、脱水、乾燥）について、自分の好みに合わせて時間を設定したり、回数を変更したりすることはできますか？,「排水できない」エラーが出ます,0.5929496985177136
洗濯物の種類や汚れ具合に関わらず、最もおすすめの洗濯コースは何ですか？そのコースではどのような設定が自動で行われますか？,洗濯だけする方法を教えて？,0.592939781962415
チャイルドロックはどこで設定する？,手動で洗剤を入れることはできますか？,0.5928933637325886
洗濯が終わったのにドアがロックされて開かないのですが、これは故障ですか？どのくらい時間が経てば開くようになりますか？,外出先から洗濯を開始できますか？,0.592837598946596
「ふんわりキープ」とはどのような機能ですか？,異音がします。どうしたらよいですか？,0.5928235685844221
終了音を消すには？,洗剤の種類で設定変更は必要？,0.5927836824689804
おすすめのコースを教えて？,洗濯の開始時刻を事前に設定しておきたいのですが、予約機能はどのように使えば良いですか？,0.5927561729284123
洗剤や柔軟剤を計る手間を省きたいのですが、自動投入機能はどのように設定して使用するのですか？,洗濯ネットは必要ですか？,0.5927317134118095
洗濯をスタートする方法を教えて？,洗濯ネットは必要ですか？,0.592696799137982
深夜運転は静か？,スニーカーは洗える？,0.5926913360537329
ナノイーXとは何ですか？,この洗濯機で靴を洗うことはできますか？もしできない場合、何か代わりの方法はありますか？,0.5926903313241397
すすぎ回数は変えられる？,一時停止したらドアは開く？,0.5926753964692428
夜遅い時間帯に洗濯機を運転しても、近隣に迷惑がかからないように静かに運転できるモードはありますか？,洗濯時間は何分ですか？,0.592638400952221
脱水時間の調整はできる？,変な音がするのですが。,0.5925972227005905
ナノイーXの機能は？,洗濯物に白い粉が残っています。　どうしたらよいですか？,0.5925744097261594
洗濯はせず、衣類を乾燥させる機能だけを使いたいのですが、どのように操作すれば良いですか？,この洗濯機に最適な洗剤や柔軟剤はありますか？メーカーから推奨されている製品があれば教えてください。,0.5925526663463344
2度洗いは出来ますか？,洗濯のすすぎ回数を自分の希望に合わせて変更したいのですが、何回から何回まで選べますか？,0.5924620916611205
羽毛布団は洗えますか？,洗濯物に白い粉が残っています。　どうしたらよいですか？,0.5924513961677453
洗濯のすすぎ回数を自分の希望に合わせて変更したいのですが、何回から何回まで選べますか？,洗濯機が排水できないというエラーメッセージが表示されたのですが、原因は何でしょうか？自分で解決できる方法はありますか？,0.59240675143989
洗濯の各工程（洗い、すすぎ、脱水、乾燥）について、自分の好みに合わせて時間を設定したり、回数を変更したりすることはできますか？,洗濯はせず、衣類を乾燥させる機能だけを使いたいのですが、どのように操作すれば良いですか？,0.5923878330093852
使用する洗剤のブランドや種類を変更した場合、洗濯機側で何か設定を変更する必要はありますか？,水漏れの原因は？,0.5923371788064147
スチーム機能は何に使うの？,靴は洗えますか？,0.5923127272320277
乾燥だけで使用出来ますか？,水が出ないエラーが出た。,0.5922979397491324
自宅にいない時でも、スマートフォンなどを使って洗濯機を遠隔で操作し、洗濯を開始することはできますか？,深夜に運転しても大丈夫？,0.5922468247318056
洗濯中に急な用事ができた場合、途中で運転を一時停止させることはできますか？その操作方法を教えてください。,洗濯機に水が供給されないというエラーが表示されたのですが、どのような原因が考えられますか？自分でできる確認事項はありますか？,0.5922413129048243
運転終了時にアラームを鳴らさないようにできますか？,外出先から洗濯を開始できますか？,0.5922191052381325
自動投入機能の使い方を教えて？,洗濯機の下から水が漏れているのですが、どのような原因が考えられますか？自分で確認できる対処法はありますか？,0.5922011956043691
洗濯物の種類や汚れ具合に関わらず、最もおすすめの洗濯コースは何ですか？そのコースではどのような設定が自動で行われますか？,毛布は洗えますか？,0.5921746469363222
おしゃれ着は洗える？,洗濯物に白い粉が残っています。　どうしたらよいですか？,0.5921527301611629
羽毛布団は洗濯できる？,ドラムが動きません,0.5921465872650734
洗濯物が絡まります。どうしたらよいですか？,おしゃれ着は洗える？,0.592122330910994
羽毛布団は洗濯できる？,おしゃれ着コースはありますか？,0.592097369184327
洗濯のすすぎ回数を自分の希望に合わせて変更したいのですが、何回から何回まで選べますか？,コースが表示されない。,0.5920884049211348
特に汚れがひどい洗濯物なので、2回続けて洗いたいのですが、そのような設定は可能ですか？,毛布の洗濯は可能？,0.5920818630211606
予約機能の使い方をおしえて？,ドラムが動きません,0.5920653490074409
ジェット乾燥機能は、どのような仕組みで乾燥をするのですか？,毛布は洗えますか？,0.5920381066783396
特に汚れがひどい洗濯物なので、2回続けて洗いたいのですが、そのような設定は可能ですか？,洗濯が終わったのにドアがロックされて開かないのですが、これは故障ですか？どのくらい時間が経てば開くようになりますか？,0.5920262826765115
終了音を消すには？,靴は洗えますか？,0.5920159206540205
スチーム機能の使い方を教えて？,洗濯の開始時刻を事前に設定しておきたいのですが、予約機能はどのように使えば良いですか？,0.591963405100651
自動投入機能はどう使うの？,スニーカーは洗える？,0.5919604791586677
洗濯物を保護するために、洗濯ネットを使用する必要はありますか？どのような種類の衣類に推奨されますか？,この洗濯機に最適な洗剤や柔軟剤はありますか？メーカーから推奨されている製品があれば教えてください。,0.5919560540124482
洗いのみは可能？,遠隔で洗濯を開始できますか？,0.5919552153693008
スチーム機能の使い方を教えて？,羽毛布団は洗えますか？,0.591949013894824
子供が誤って操作しないように、チャイルドロックを設定したいのですが、その方法と解除方法を教えてください。,再洗はできる？,0.5919294909874357
ドアが開かないのですが,異音がします。どうしたらよいですか？,0.5919247794297992
ナノイーX機能について詳しく教えてください。どのような効果があり、どのコースで利用できますか？,コースが表示されない。,0.5919203991075515
脱水時間の変更は可能ですか？,洗濯が終わったのにドアがロックされて開かないのですが、これは故障ですか？どのくらい時間が経てば開くようになりますか？,0.5919147459034727
異音がします。どうしたらよいですか？,コースが表示されないのですが,0.5918676367471756
洗濯後、衣類に白い粉状のものが付着しているのですが、何が原因ですか？どのように対処すれば改善されますか？,「排水できない」エラーが出ます,0.5917924870906284
「ふんわりキープ」とはどのような機能ですか？,洗濯機のドアが最後まで閉まらないのですが、何を確認すれば良いですか？,0.5917841479305069
手動で洗剤を入れることはできますか？,ふんわりキープの目的は？,0.5917820513005644
脱水時間の調整はできる？,一時停止したらドアは開く？,0.591771526024977
乾燥だけで使用出来ますか？,ドアが閉まらない時は？,0.591769626492989
ナノイーXとは何ですか？,異音がします。どうしたらよいですか？,0.5917189988953189
羽毛布団を洗濯機で洗いたいのですが、対応していますか？また、洗う際の注意点があれば教えてください。,白い粉が残るのですが。,0.5917045360249098
洗濯機本体が不安定で揺れるのですが、どうすれば改善できますか？設置状況を確認する必要がありますか？,おすすめの洗剤・柔軟剤はありますか？,0.5917042279243856
ふんわりキープとは何ですか？,洗濯機の下から水が漏れているのですが、どのような原因が考えられますか？自分で確認できる対処法はありますか？,0.5916968912332319
洗濯だけする方法を教えて？,洗濯と乾燥の最大容量は？,0.5916801549653055
ふんわりキープとは何ですか？,一般的な洗濯コースを選んだ場合、洗濯が完了するまでにおよそ何分くらいかかりますか？,0.5916284870317203
衣類のしわを伸ばしたり、気になるにおいを取り除いたりしたいのですが、スチーム機能はどのように使えば良いですか？,コースが表示されないのですが,0.5916162993605861
おしゃれ着コースはありますか？,使用する洗剤のブランドや種類を変更した場合、洗濯機側で何か設定を変更する必要はありますか？,0.5916009548854106
ジェット乾燥機能は、どのような仕組みで乾燥をするのですか？,ドアが開かない原因は？,0.5915885016972143
特に汚れがひどい洗濯物なので、2回続けて洗いたいのですが、そのような設定は可能ですか？,夜遅い時間帯に洗濯機を運転しても、近隣に迷惑がかからないように静かに運転できるモードはありますか？,0.5915302890170844
自動投入機能はどう使うの？,ふんわりキープの目的は？,0.5915281215741212
自動投入機能の使い方を教えて？,一時停止中にドアは開きますか？,0.5915152203366951
終了音を消すには？,予約の仕方は？,0.5914935485658217
洗濯ネットは必要ですか？,コースが表示されないのですが,0.5914642180703334
手動で洗剤を入れることはできますか？,お急ぎコースはありますか？,0.5914271414273258
チャイルドロックはどこで設定する？,外出先から洗濯を開始できますか？,0.5913910329218832
最適なコースは？,「洗い」だけ行いたいのですが,0.5913615261844876
手動で洗剤を入れることはできますか？,すすぎの設定を変更することは可能ですか？,0.5913230374071207
洗濯が終わったのにドアがロックされて開かないのですが、これは故障ですか？どのくらい時間が経てば開くようになりますか？,ドアが完全に閉まりません,0.5913101221154996
デリケートな衣類やおしゃれ着を優しく洗うための専用コースはありますか？,洗濯物に白い粉が残っています。　どうしたらよいですか？,0.5913045212463601
予約機能の使い方をおしえて？,最大容量は？,0.5912984409588458
ジェット乾燥とは何ですか？,毛布の洗濯は可能？,0.5912576964159857
ふんわりキープとは何ですか？,洗濯ネットは使うべき？,0.5912509862390591
洗濯が終わったのにドアがロックされて開かないのですが、これは故障ですか？どのくらい時間が経てば開くようになりますか？,白い粉が残るのですが。,0.5912230208877368
洗濯物の種類や汚れ具合に関わらず、最もおすすめの洗濯コースは何ですか？そのコースではどのような設定が自動で行われますか？,「洗い」だけ行いたいのですが,0.5912104462838823
ジェット乾燥機能は、どのような仕組みで乾燥をするのですか？,外出先から洗濯を開始できますか？,0.5912017349409907
靴は洗えますか？,この洗濯機で一度に洗濯できる衣類の最大量と、乾燥できる衣類の最大量はそれぞれ何キログラムですか？,0.5911916856214888
手動で個別に設定する事は可能ですか？,特に汚れがひどい洗濯物なので、2回続けて洗いたいのですが、そのような設定は可能ですか？,0.5911776095156194
「ふんわりキープ」とはどのような機能ですか？,洗濯後、衣類に白い粉状のものが付着しているのですが、何が原因ですか？どのように対処すれば改善されますか？,0.5911537858802031
羽毛布団は洗えますか？,深夜運転は静か？,0.5911238113777537
洗濯機を使い始めるにはどうすればいいですか？　手順を教えて下さい。,水漏れの原因は？,0.5911080437050411
洗濯物の絡まりを防ぐには？,一般的な洗濯コースを選んだ場合、洗濯が完了するまでにおよそ何分くらいかかりますか？,0.5910837760605022
羽毛布団は洗濯できる？,本体の揺れが気になる。,0.5910433231242161
チャイルドロックの設定をしたい,自動投入機能を使わずに、自分で洗剤を投入したいのですが、設定を教えてください？,0.5910005716678741
乾燥だけで使用出来ますか？,変な音がするのですが。,0.5909835581822275
洗濯中に通常とは異なる音がするのですが、どのような原因が考えられますか？自分で確認できることはありますか？,この洗濯機に最適な洗剤や柔軟剤はありますか？メーカーから推奨されている製品があれば教えてください。,0.5909713508741117
ジェット乾燥機能は、どのような仕組みで乾燥をするのですか？,洗濯のすすぎ回数を自分の希望に合わせて変更したいのですが、何回から何回まで選べますか？,0.5909560037361397
毛布の洗濯は可能？,ドラムが回らない。,0.5909554987082348
外出先から洗濯を開始できますか？,設定を工場出荷時に戻せる？,0.590933053436405
「洗い」だけ行いたいのですが,洗剤の種類によって設定は変わりますか？,0.5909152369875241
一般的な洗濯コースを選んだ場合、洗濯が完了するまでにおよそ何分くらいかかりますか？,この洗濯機に最適な洗剤や柔軟剤はありますか？メーカーから推奨されている製品があれば教えてください。,0.5909142490447777
洗剤の種類によって設定は変わりますか？,この洗濯機で一度に洗濯できる衣類の最大量と、乾燥できる衣類の最大量はそれぞれ何キログラムですか？,0.5908470710091522
洗濯終了時のお知らせ音を鳴らさないようにしたいのですが、その設定はどこで変更できますか？,コースが表示されない。,0.5908402552005609
ドアが閉まらない時は？,予約の仕方は？,0.5907592081269704
洗濯だけする方法を教えて？,洗濯中に通常とは異なる音がするのですが、どのような原因が考えられますか？自分で確認できることはありますか？,0.5907478305311742
すすぎの設定を変更することは可能ですか？,洗濯機の下から水が漏れているのですが、どのような原因が考えられますか？自分で確認できる対処法はありますか？,0.5907044665564336
洗濯物に白い粉が残っています。　どうしたらよいですか？,この洗濯機で一度に洗濯できる衣類の最大量と、乾燥できる衣類の最大量はそれぞれ何キログラムですか？,0.5906685637620692
おしゃれ着は洗える？,「排水できない」エラーが出ます,0.5906631359871521
脱水時間の変更は可能ですか？,洗剤の種類によって設定は変わりますか？,0.5906557974634647
自動投入機能の使い方を教えて？,再洗はできる？,0.5906313523950448
一時停止したらドアは開く？,洗濯の開始時刻を事前に設定しておきたいのですが、予約機能はどのように使えば良いですか？,0.5905984918537002
手動で個別に設定する事は可能ですか？,お急ぎコースはありますか？,0.5905841358588504
すすぎ回数は変えられる？,異音がします。どうしたらよいですか？,0.5905754612312619
毛布の洗濯は可能？,ドラムが動きません,0.5904972347952278
最適なコースは？,乾燥のみの運転は可能ですか？,0.5904894958576288
「ふんわりキープ」とはどのような機能ですか？,洗濯を一時停止した際、追加の衣類を入れるためにドアを開けることは可能ですか？その条件は何ですか？,0.590481234006869
洗濯物の種類によって脱水時間を調整したいのですが、何分まで設定できますか？,ドアが開かないのですが,0.5904412552690548
再洗はできる？,お急ぎコースはありますか？,0.5904141244262319
乾燥だけで使用出来ますか？,脱水時間の変更は可能ですか？,0.5904082445425041
洗剤や柔軟剤を計る手間を省きたいのですが、自動投入機能はどのように設定して使用するのですか？,脱水時間の変更は可能ですか？,0.5903787837380815
手動で洗剤を入れることはできますか？,予約機能の使い方をおしえて？,0.5903754085224722
乾燥なしで洗濯するには？,羽毛布団は洗えますか？,0.5903658032715725
洗濯のすすぎ回数を自分の希望に合わせて変更したいのですが、何回から何回まで選べますか？,運転終了時にアラームを鳴らさないようにできますか？,0.5903347102207186
ナノイーXの機能は？,排水エラーが出た。,0.590326384995342
スニーカーは洗える？,洗濯機に水が供給されないというエラーが表示されたのですが、どのような原因が考えられますか？自分でできる確認事項はありますか？,0.5903204161458733
ドアが開かないのですが,洗濯後、衣類に白い粉状のものが付着しているのですが、何が原因ですか？どのように対処すれば改善されますか？,0.5902977200358729
毛布の洗濯は可能？,洗濯機が排水できないというエラーメッセージが表示されたのですが、原因は何でしょうか？自分で解決できる方法はありますか？,0.5902359466212639
この洗濯機で靴を洗うことはできますか？もしできない場合、何か代わりの方法はありますか？,最大容量は？,0.5901691023407902
最適なコースは？,水漏れしています。どうしたらよいですか？,0.5901574123124802
ドアが開かないのですが,水漏れしています。どうしたらよいですか？,0.5901016631405609
2度洗いは出来ますか？,洗剤の種類によって設定は変わりますか？,0.5900745986939284
スチーム機能は何に使うの？,毛布は洗えますか？,0.5900564795684593
脱水時間の調整はできる？,水が出ないエラーが出た。,0.5900434447333928
スチーム機能は何に使うの？,ドアが開かないのですが,0.5900422613661647
チャイルドロックの設定をしたい,推奨の洗剤・柔軟剤は？,0.5900133122956086
夜遅い時間帯に洗濯機を運転しても、近隣に迷惑がかからないように静かに運転できるモードはありますか？,洗濯物に白い粉が残っています。　どうしたらよいですか？,0.5900081563095441
2度洗いは出来ますか？,すすぎ回数は変えられる？,0.5899248945163396
ドアが開かないのですが,洗濯機本体に触れると熱いのですが、これは異常ですか？特に乾燥運転中に熱くなることはありますか？,0.5898961492574673
毛布は洗えますか？,洗濯機が排水できないというエラーメッセージが表示されたのですが、原因は何でしょうか？自分で解決できる方法はありますか？,0.5898747762711587
自動投入機能の使い方を教えて？,ジェット乾燥機能は、どのような仕組みで乾燥をするのですか？,0.589842713722266
おしゃれ着コースはありますか？,水漏れしています。どうしたらよいですか？,0.5898177823389948
ジェット乾燥とは何ですか？,この洗濯機で一度に洗濯できる衣類の最大量と、乾燥できる衣類の最大量はそれぞれ何キログラムですか？,0.5897940859567272
洗濯物を保護するために、洗濯ネットを使用する必要はありますか？どのような種類の衣類に推奨されますか？,洗剤の種類で設定変更は必要？,0.5897577461020564
急いで洗濯したい時は？,この洗濯機で靴を洗うことはできますか？もしできない場合、何か代わりの方法はありますか？,0.5897502442417316
外出先から洗濯を開始できますか？,一時停止中にドアは開きますか？,0.5897327682932458
再洗はできる？,おしゃれ着は洗える？,0.5897264279512044
ジェット乾燥機能は、どのような仕組みで乾燥をするのですか？,洗濯機が排水できないというエラーメッセージが表示されたのですが、原因は何でしょうか？自分で解決できる方法はありますか？,0.5896743864643221
洗濯だけする方法を教えて？,運転終了時にアラームを鳴らさないようにできますか？,0.589596643066984
洗濯中に急な用事ができた場合、途中で運転を一時停止させることはできますか？その操作方法を教えてください。,この洗濯機で靴を洗うことはできますか？もしできない場合、何か代わりの方法はありますか？,0.58957982136496
ジェット乾燥って何？,洗濯の開始時刻を事前に設定しておきたいのですが、予約機能はどのように使えば良いですか？,0.5895787526075902
乾燥なしで洗濯するには？,洗濯物が絡まります。どうしたらよいですか？,0.5895649056933344
外出先から洗濯を開始できますか？,洗濯物を保護するために、洗濯ネットを使用する必要はありますか？どのような種類の衣類に推奨されますか？,0.5895539691433966
ドアが開かないのですが,おしゃれ着は洗える？,0.5895490781652308
スチーム機能の使い方を教えて？,洗剤の種類によって設定は変わりますか？,0.5895447740389859
洗剤を手動で投入できますか？,自宅の洗濯機で毛布を洗うことはできますか？もし洗える場合、何か特別な条件やコースがありますか？,0.5895439044436338
ジェット乾燥とは何ですか？,毛布は洗えますか？,0.589542277666426
チャイルドロックはどこで設定する？,洗濯コースの選択肢が画面に表示されないのですが、これはどういう状況ですか？どのように対処すれば良いですか？,0.5895345708575954
洗濯のすすぎ回数を自分の希望に合わせて変更したいのですが、何回から何回まで選べますか？,洗濯物に白い粉が残っています。　どうしたらよいですか？,0.5895312075532375
自動投入機能はどう使うの？,ドアが開かないのですが,0.5895069548808349
洗濯はせず、衣類を乾燥させる機能だけを使いたいのですが、どのように操作すれば良いですか？,子供が誤って操作しないように、チャイルドロックを設定したいのですが、その方法と解除方法を教えてください。,0.5894877882377743
洗濯の各工程（洗い、すすぎ、脱水、乾燥）について、自分の好みに合わせて時間を設定したり、回数を変更したりすることはできますか？,すすぎの設定を変更することは可能ですか？,0.5894485376011839
急いで洗濯したい時は？,洗濯の開始時刻を事前に設定しておきたいのですが、予約機能はどのように使えば良いですか？,0.5894382838425785
手動で個別に設定する事は可能ですか？,羽毛布団は洗濯できる？,0.5894198279897485
「ふんわりキープ」とはどのような機能ですか？,洗濯ネットは必要ですか？,0.5894032289308969
すすぎ回数は変えられる？,洗濯後、衣類に白い粉状のものが付着しているのですが、何が原因ですか？どのように対処すれば改善されますか？,0.5893845129756092
ドアが開かないのですが,最大容量は？,0.589369374092092
コースが表示されないのですが,おすすめの洗剤・柔軟剤はありますか？,0.5893268691535181
ナノイーXとは何ですか？,洗濯コースの選択肢が画面に表示されないのですが、これはどういう状況ですか？どのように対処すれば良いですか？,0.5893253973854613
洗濯物の種類によって脱水時間を調整したいのですが、何分まで設定できますか？,「水が出ない」エラーが出ます,0.5893166725744503
ドアが開かないのですが,お急ぎコースはありますか？,0.5893027085417781
洗濯だけする方法を教えて？,洗濯後に衣類が絡まってしまうことが多いのですが、何か絡まりを防ぐための対処法はありますか？,0.5892995435026414
洗濯ネットは必要ですか？,洗濯の開始時刻を事前に設定しておきたいのですが、予約機能はどのように使えば良いですか？,0.5892683352560826
チャイルドロックはどこで設定する？,この洗濯機に最適な洗剤や柔軟剤はありますか？メーカーから推奨されている製品があれば教えてください。,0.5892670149717248
衣類を洗うだけで、乾燥工程は行いたくない場合、どのコースを選択すれば良いですか？,羽毛布団は洗えますか？,0.58924350022464
衣類のしわを伸ばしたり、気になるにおいを取り除いたりしたいのですが、スチーム機能はどのように使えば良いですか？,靴は洗えますか？,0.5891404289379517
予約の仕方は？,ドラムが動きません,0.5891345027805635
衣類のしわを伸ばしたり、気になるにおいを取り除いたりしたいのですが、スチーム機能はどのように使えば良いですか？,洗濯物を保護するために、洗濯ネットを使用する必要はありますか？どのような種類の衣類に推奨されますか？,0.5891271129795241
スニーカーは洗える？,「排水できない」エラーが出ます,0.5890776390110793
変な音がするのですが。,予約機能の使い方をおしえて？,0.5890748554658967
洗濯はせず、衣類を乾燥させる機能だけを使いたいのですが、どのように操作すれば良いですか？,自宅にいない時でも、スマートフォンなどを使って洗濯機を遠隔で操作し、洗濯を開始することはできますか？,0.5890305284760213
ジェット乾燥って何？,羽毛布団は洗濯できる？,0.5889949796235447
洗濯はせず、衣類を乾燥させる機能だけを使いたいのですが、どのように操作すれば良いですか？,デリケートな衣類やおしゃれ着を優しく洗うための専用コースはありますか？,0.588970375164406
ナノイーX機能について詳しく教えてください。どのような効果があり、どのコースで利用できますか？,排水エラーが出た。,0.5889642561278248
時間がない時に、短時間で洗濯を済ませられるようなコースはありますか？,靴は洗えますか？,0.5889500192681134
ナノイーXとは何ですか？,羽毛布団を洗濯機で洗いたいのですが、対応していますか？また、洗う際の注意点があれば教えてください。,0.5889141625584571
ナノイーXとは何ですか？,外出先から洗濯を開始できますか？,0.5888812168129038
すすぎや脱水はせずに、衣類を「洗い」の工程だけで済ませたいのですが、そのような設定はできますか？,水が出ないエラーが出た。,0.588879106736157
洗濯が終わったのにドアがロックされて開かないのですが、これは故障ですか？どのくらい時間が経てば開くようになりますか？,水漏れの原因は？,0.5888790475121326
羽毛布団は洗濯できる？,排水エラーが出た。,0.5888725940504435
子供が誤って操作しないように、チャイルドロックを設定したいのですが、その方法と解除方法を教えてください。,おしゃれ着は洗える？,0.58886376803299
すすぎの設定を変更することは可能ですか？,おしゃれ着は洗える？,0.5888537914448948
チャイルドロックの設定をしたい,使用する洗剤のブランドや種類を変更した場合、洗濯機側で何か設定を変更する必要はありますか？,0.5888222224237838
ナノイーXとは何ですか？,コースが表示されない。,0.5888139699768927
ドアが開かない原因は？,本体がぐらつきます。どうしたら良いですか？,0.5887708588067224
衣類を洗うだけで、乾燥工程は行いたくない場合、どのコースを選択すれば良いですか？,羽毛布団は洗濯できる？,0.5887445434568251
変な音がするのですが。,ドアが完全に閉まりません,0.5887384443258579
羽毛布団は洗えますか？,一般的な洗濯コースを選んだ場合、洗濯が完了するまでにおよそ何分くらいかかりますか？,0.5886988124208112
自動投入機能はどう使うの？,洗濯のすすぎ回数を自分の希望に合わせて変更したいのですが、何回から何回まで選べますか？,0.5886514794490254
自動投入機能の使い方を教えて？,2度洗いは出来ますか？,0.5886257718421539
最適なコースは？,洗濯終了時のお知らせ音を鳴らさないようにしたいのですが、その設定はどこで変更できますか？,0.5886113245664928
この洗濯機で靴を洗うことはできますか？もしできない場合、何か代わりの方法はありますか？,この洗濯機に最適な洗剤や柔軟剤はありますか？メーカーから推奨されている製品があれば教えてください。,0.5885926388285142
羽毛布団は洗えますか？,ドラムが動きません,0.5885850317833348
乾燥だけで使用出来ますか？,「水が出ない」エラーが出ます,0.5885772172271806
靴は洗えますか？,排水エラーが出た。,0.5885671874131015
一時停止したらドアは開く？,ドアが完全に閉まりません,0.5885536301906003
予約機能の使い方をおしえて？,ドラムが回らない。,0.5885400764118265
外出先から洗濯を開始できますか？,水が出ないエラーが出た。,0.5885103125765183
洗濯時間は何分ですか？,最大容量は？,0.5884992614067804
自動投入機能を使わずに、自分で洗剤を投入したいのですが、設定を教えてください？,羽毛布団を洗濯機で洗いたいのですが、対応していますか？また、洗う際の注意点があれば教えてください。,0.5884976232453258
ナノイーXの機能は？,夜遅い時間帯に洗濯機を運転しても、近隣に迷惑がかからないように静かに運転できるモードはありますか？,0.5884897662537562
洗剤の種類によって設定は変わりますか？,洗濯の所要時間は？,0.5884392902405542
靴は洗えますか？,洗濯機本体に触れると熱いのですが、これは異常ですか？特に乾燥運転中に熱くなることはありますか？,0.5884179087439305
乾燥のみの運転は可能ですか？,排水エラーが出た。,0.5884163141097445
急いで洗濯したい時は？,洗濯コースの選択肢が画面に表示されないのですが、これはどういう状況ですか？どのように対処すれば良いですか？,0.5883856320187628
深夜に運転しても大丈夫？,洗濯機のドアが最後まで閉まらないのですが、何を確認すれば良いですか？,0.5883755791310012
この洗濯機で靴を洗うことはできますか？もしできない場合、何か代わりの方法はありますか？,洗濯と乾燥の最大容量は？,0.5883619944206919
洗濯の所要時間は？,水漏れしています。どうしたらよいですか？,0.5883038002241192
変な音がするのですが。,推奨の洗剤・柔軟剤は？,0.5882970392548199
乾燥だけで使用出来ますか？,スニーカーは洗える？,0.5882898668733239
手動で洗剤を入れることはできますか？,スチーム機能は何に使うの？,0.5882650196204681
洗剤や柔軟剤を計る手間を省きたいのですが、自動投入機能はどのように設定して使用するのですか？,洗濯機本体に触れると熱いのですが、これは異常ですか？特に乾燥運転中に熱くなることはありますか？,0.5882163084185499
スチーム機能の使い方を教えて？,急いで洗濯したい時は？,0.5881942367005053
再洗はできる？,洗濯を一時停止した際、追加の衣類を入れるためにドアを開けることは可能ですか？その条件は何ですか？,0.5881934099487343
特に汚れがひどい洗濯物なので、2回続けて洗いたいのですが、そのような設定は可能ですか？,この洗濯機に最適な洗剤や柔軟剤はありますか？メーカーから推奨されている製品があれば教えてください。,0.588177858514548
ナノイーX機能について詳しく教えてください。どのような効果があり、どのコースで利用できますか？,遠隔で洗濯を開始できますか？,0.5881759530280969
白い粉が残るのですが。,洗濯を開始しようとしてもドラムが回転しないのですが、何が原因として考えられますか？安全装置が作動している可能性はありますか？,0.5881205822867
衣類を洗うだけで、乾燥工程は行いたくない場合、どのコースを選択すれば良いですか？,一時停止したらドアは開く？,0.5881088048499628
洗濯をスタートする方法を教えて？,ジェット乾燥とは何ですか？,0.5880520896852175
「わが家流」設定って何？,排水エラーが出た。,0.5880430315098121
ドアが開かないのですが,予約機能の使い方をおしえて？,0.5879986787291639
ナノイーXの機能は？,変な音がするのですが。,0.5879896558269646
ドアが開かないのですが,スニーカーは洗える？,0.5879500342896071
排水エラーが出た。,ドラムが回らない。,0.5879260633211421
自動投入機能はどう使うの？,ジェット乾燥とは何ですか？,0.5879247061662202
手動で個別に設定する事は可能ですか？,衣類を洗うだけで、乾燥工程は行いたくない場合、どのコースを選択すれば良いですか？,0.5878692451705527
時間がない時に、短時間で洗濯を済ませられるようなコースはありますか？,予約の仕方は？,0.5878632490006104
自動投入機能の使い方を教えて？,手動で洗剤を入れることはできますか？,0.5878478169022936
洗濯はせず、衣類を乾燥させる機能だけを使いたいのですが、どのように操作すれば良いですか？,すすぎ回数は変えられる？,0.5878445533505917
チャイルドロックの設定をしたい,毛布は洗えますか？,0.5878385236978341
自動投入機能はどう使うの？,すすぎ回数は変えられる？,0.5878176304922842
ジェット乾燥機能は、どのような仕組みで乾燥をするのですか？,洗いのみは可能？,0.5878121149796138
ジェット乾燥って何？,夜遅い時間帯に洗濯機を運転しても、近隣に迷惑がかからないように静かに運転できるモードはありますか？,0.5877780102657182
2度洗いは出来ますか？,羽毛布団は洗えますか？,0.5877584388078245
乾燥なしで洗濯するには？,外出先から洗濯を開始できますか？,0.5877543647429807
毛布は洗えますか？,ドラムが動きません,0.587745501523901
「ふんわりキープ」とはどのような機能ですか？,洗濯が終わったのにドアがロックされて開かないのですが、これは故障ですか？どのくらい時間が経てば開くようになりますか？,0.5877343909442716
洗濯物の種類や汚れ具合に関わらず、最もおすすめの洗濯コースは何ですか？そのコースではどのような設定が自動で行われますか？,ふんわりキープの目的は？,0.587685606849178
ジェット乾燥って何？,この洗濯機で靴を洗うことはできますか？もしできない場合、何か代わりの方法はありますか？,0.5876473326058559
子供が誤って操作しないように、チャイルドロックを設定したいのですが、その方法と解除方法を教えてください。,毛布は洗えますか？,0.5876124227923853
終了音を消すには？,予約機能の使い方をおしえて？,0.5875880715114719
ジェット乾燥って何？,コースが表示されない。,0.5875225023925594
コースが表示されないのですが,設定の初期化はできますか？,0.5874458286070331
チャイルドロックはどこで設定する？,遠隔で洗濯を開始できますか？,0.5874405023569558
ドアが開かないのですが,デリケートな衣類やおしゃれ着を優しく洗うための専用コースはありますか？,0.5874344843383252
靴は洗えますか？,推奨の洗剤・柔軟剤は？,0.587427115322593
手動で個別に設定する事は可能ですか？,「排水できない」エラーが出ます,0.5873703755262654
洗濯はせず、衣類を乾燥させる機能だけを使いたいのですが、どのように操作すれば良いですか？,夜遅い時間帯に洗濯機を運転しても、近隣に迷惑がかからないように静かに運転できるモードはありますか？,0.5873418071593453
洗濯のすすぎ回数を自分の希望に合わせて変更したいのですが、何回から何回まで選べますか？,洗濯物を保護するために、洗濯ネットを使用する必要はありますか？どのような種類の衣類に推奨されますか？,0.587304079009958
特に汚れがひどい洗濯物なので、2回続けて洗いたいのですが、そのような設定は可能ですか？,水漏れの原因は？,0.5872966993447862
一時停止中にドアは開きますか？,ドアが完全に閉まりません,0.5872838373777559
自宅にいない時でも、スマートフォンなどを使って洗濯機を遠隔で操作し、洗濯を開始することはできますか？,おしゃれ着コースはありますか？,0.5872837091656289
省エネ機能はある？,排水エラーが出た。,0.5872495879933399
洗濯の所要時間は？,最大容量は？,0.5871868515662328
省エネ機能はある？,「排水できない」エラーが出ます,0.5871840419646395
チャイルドロックの設定をしたい,おしゃれ着は洗える？,0.5871609404724714
ジェット乾燥とは何ですか？,羽毛布団は洗えますか？,0.5871291528497242
乾燥のみの運転は可能ですか？,運転終了時にアラームを鳴らさないようにできますか？,0.5871227936097512
本体の揺れが気になる。,予約機能の使い方をおしえて？,0.5871039038949394
自宅にいない時でも、スマートフォンなどを使って洗濯機を遠隔で操作し、洗濯を開始することはできますか？,洗濯コースの選択肢が画面に表示されないのですが、これはどういう状況ですか？どのように対処すれば良いですか？,0.5870719072835064
毛布は洗えますか？,洗濯物に白い粉が残っています。　どうしたらよいですか？,0.5870408307330791
洗濯のすすぎ回数を自分の希望に合わせて変更したいのですが、何回から何回まで選べますか？,自宅にいない時でも、スマートフォンなどを使って洗濯機を遠隔で操作し、洗濯を開始することはできますか？,0.5870207815720387
深夜に運転しても大丈夫？,洗剤の種類で設定変更は必要？,0.5869288887205393
自宅にいない時でも、スマートフォンなどを使って洗濯機を遠隔で操作し、洗濯を開始することはできますか？,洗濯を開始しようとしてもドラムが回転しないのですが、何が原因として考えられますか？安全装置が作動している可能性はありますか？,0.5869268904512188
最適なコースは？,乾燥なしで洗濯するには？,0.5868537578348737
ジェット乾燥って何？,洗濯を一時停止した際、追加の衣類を入れるためにドアを開けることは可能ですか？その条件は何ですか？,0.586852142624913
羽毛布団は洗濯できる？,白い粉が残るのですが。,0.5868408966405433
最適なコースは？,変な音がするのですが。,0.5867950043193669
洗濯のすすぎ回数を自分の希望に合わせて変更したいのですが、何回から何回まで選べますか？,水漏れしています。どうしたらよいですか？,0.5867822237415514
すすぎ回数は変えられる？,洗濯物を保護するために、洗濯ネットを使用する必要はありますか？どのような種類の衣類に推奨されますか？,0.5867745439557434
使用する洗剤のブランドや種類を変更した場合、洗濯機側で何か設定を変更する必要はありますか？,洗濯機本体に触れると熱いのですが、これは異常ですか？特に乾燥運転中に熱くなることはありますか？,0.5867172878509923
洗剤の種類によって設定は変わりますか？,水漏れしています。どうしたらよいですか？,0.58671382970399
コースが表示されない。,誤った設定をしてしまったので、洗濯機の設定をすべて初期状態に戻したいのですが、その方法を教えてください。,0.5866569608136063
おすすめのコースを教えて？,水漏れの原因は？,0.58665415934296
おすすめのコースを教えて？,一時停止中にドアは開きますか？,0.586645702697105
羽毛布団は洗えますか？,ドラムが回らない。,0.5866245539967205
洗濯だけする方法を教えて？,自動投入機能を使わずに、自分で洗剤を投入したいのですが、設定を教えてください？,0.5866053153376195
ナノイーX機能について詳しく教えてください。どのような効果があり、どのコースで利用できますか？,一般的な洗濯コースを選んだ場合、洗濯が完了するまでにおよそ何分くらいかかりますか？,0.5865828989948187
スチーム機能は何に使うの？,おしゃれ着コースはありますか？,0.5865822827036205
洗濯中に急な用事ができた場合、途中で運転を一時停止させることはできますか？その操作方法を教えてください。,羽毛布団を洗濯機で洗いたいのですが、対応していますか？また、洗う際の注意点があれば教えてください。,0.5865739198881149
変な音がするのですが。,洗濯の所要時間は？,0.5865385440842639
洗濯機を使い始めるにはどうすればいいですか？　手順を教えて下さい。,自動投入機能はどう使うの？,0.5865249239679539
洗いのみは可能？,羽毛布団は洗濯できる？,0.5864914580839882
衣類を洗うだけで、乾燥工程は行いたくない場合、どのコースを選択すれば良いですか？,ふんわりキープの目的は？,0.5864663266028871
特に汚れがひどい洗濯物なので、2回続けて洗いたいのですが、そのような設定は可能ですか？,自宅の洗濯機で毛布を洗うことはできますか？もし洗える場合、何か特別な条件やコースがありますか？,0.5864061128128675
ナノイーXの機能は？,「洗い」だけ行いたいのですが,0.586397721978559
羽毛布団は洗えますか？,洗濯後、衣類に白い粉状のものが付着しているのですが、何が原因ですか？どのように対処すれば改善されますか？,0.5863612450415359
個別の設定は可能ですか？,推奨の洗剤・柔軟剤は？,0.5863479230475328
洗濯中に一時停止は可能？,一時停止したらドアは開く？,0.5863461714994058
羽毛布団は洗えますか？,排水エラーが出た。,0.5863364587237714
洗濯後に衣類が絡まってしまうことが多いのですが、何か絡まりを防ぐための対処法はありますか？,この洗濯機に最適な洗剤や柔軟剤はありますか？メーカーから推奨されている製品があれば教えてください。,0.5862948575046824
最適なコースは？,デリケートな衣類やおしゃれ着を優しく洗うための専用コースはありますか？,0.5862718167305587
ジェット乾燥とは何ですか？,洗濯機のドアが最後まで閉まらないのですが、何を確認すれば良いですか？,0.5861917565053376
ふんわりキープとは何ですか？,洗濯の所要時間は？,0.5861482003390333
毛布は洗えますか？,ドラムが回らない。,0.5861227945133642
ドアが開かないのですが,本体が熱い。,0.5861186259672153
洗濯の各工程（洗い、すすぎ、脱水、乾燥）について、自分の好みに合わせて時間を設定したり、回数を変更したりすることはできますか？,洗濯が終わったのにドアがロックされて開かないのですが、これは故障ですか？どのくらい時間が経てば開くようになりますか？,0.5860813410101122
個別の設定は可能ですか？,急いで洗濯したい時は？,0.5860583436908511
ドアが開かないのですが,本体の揺れが気になる。,0.5860308601001591
洗濯後、衣類に白い粉状のものが付着しているのですが、何が原因ですか？どのように対処すれば改善されますか？,予約の仕方は？,0.5859956682380871
手動で洗剤を入れることはできますか？,「ふんわりキープ」とはどのような機能ですか？,0.5859811309976208
夜遅い時間帯に洗濯機を運転しても、近隣に迷惑がかからないように静かに運転できるモードはありますか？,洗濯コースの選択肢が画面に表示されないのですが、これはどういう状況ですか？どのように対処すれば良いですか？,0.585976180113181
ジェット乾燥って何？,水漏れの原因は？,0.5859625509745165
洗濯ネットは使うべき？,予約機能の使い方をおしえて？,0.5859608484992926
最適なコースは？,「ふんわりキープ」とはどのような機能ですか？,0.5859277298185284
洗濯終了時のお知らせ音を鳴らさないようにしたいのですが、その設定はどこで変更できますか？,洗剤の種類によって設定は変わりますか？,0.5858735386039802
再洗はできる？,予約の仕方は？,0.5858712695498379
スチーム機能の使い方を教えて？,この洗濯機で一度に洗濯できる衣類の最大量と、乾燥できる衣類の最大量はそれぞれ何キログラムですか？,0.5858614150470189
ジェット乾燥って何？,洗剤の種類で設定変更は必要？,0.5858408114054743
使用する洗剤のブランドや種類を変更した場合、洗濯機側で何か設定を変更する必要はありますか？,白い粉が残るのですが。,0.5857988362898539
乾燥なしで洗濯するには？,洗濯物を保護するために、洗濯ネットを使用する必要はありますか？どのような種類の衣類に推奨されますか？,0.5857469000106257
2度洗いは出来ますか？,夜遅い時間帯に洗濯機を運転しても、近隣に迷惑がかからないように静かに運転できるモードはありますか？,0.5857046013381527
洗剤や柔軟剤を計る手間を省きたいのですが、自動投入機能はどのように設定して使用するのですか？,ジェット乾燥機能は、どのような仕組みで乾燥をするのですか？,0.5856991135164799
洗濯機を使い始めるにはどうすればいいですか？　手順を教えて下さい。,洗濯だけする方法を教えて？,0.5856921150882581
白い粉が残るのですが。,ドラムが回らない。,0.5856360442970234
自動投入機能を使わずに、自分で洗剤を投入したいのですが、設定を教えてください？,予約機能の使い方をおしえて？,0.585612280875089
洗濯物を保護するために、洗濯ネットを使用する必要はありますか？どのような種類の衣類に推奨されますか？,予約機能の使い方をおしえて？,0.5855493633630761
最適なコースは？,ナノイーXとは何ですか？,0.5855470295285747
洗濯をスタートする方法を教えて？,洗濯ネットは使うべき？,0.5855249766242699
ふんわりキープの目的は？,本体がぐらつきます。どうしたら良いですか？,0.5854984901987852
「ふんわりキープ」とはどのような機能ですか？,この洗濯機に最適な洗剤や柔軟剤はありますか？メーカーから推奨されている製品があれば教えてください。,0.5854938601379567
洗濯後に衣類が絡まってしまうことが多いのですが、何か絡まりを防ぐための対処法はありますか？,靴は洗えますか？,0.585406317025901
乾燥のみの運転は可能ですか？,洗濯物が絡まります。どうしたらよいですか？,0.585395669137399
羽毛布団は洗濯できる？,「排水できない」エラーが出ます,0.585386268497277
乾燥だけで使用出来ますか？,ドアが完全に閉まりません,0.5853788717853965
スニーカーは洗える？,洗濯の開始時刻を事前に設定しておきたいのですが、予約機能はどのように使えば良いですか？,0.5853774263154419
洗濯機を使い始めるにはどうすればいいですか？　手順を教えて下さい。,深夜運転は静か？,0.5853477497572983
夜遅い時間帯に洗濯機を運転しても、近隣に迷惑がかからないように静かに運転できるモードはありますか？,ドアが閉まらない時は？,0.5853414681732051
自動投入機能を使わずに、自分で洗剤を投入したいのですが、設定を教えてください？,コースが表示されないのですが,0.5852994680363419
洗濯が終わったのにドアがロックされて開かないのですが、これは故障ですか？どのくらい時間が経てば開くようになりますか？,予約の仕方は？,0.5852983696262279
特に汚れがひどい洗濯物なので、2回続けて洗いたいのですが、そのような設定は可能ですか？,一時停止中にドアは開きますか？,0.5852874779922527
洗濯終了時のお知らせ音を鳴らさないようにしたいのですが、その設定はどこで変更できますか？,使用する洗剤のブランドや種類を変更した場合、洗濯機側で何か設定を変更する必要はありますか？,0.5852690781121332
脱水時間の調整はできる？,異音がします。どうしたらよいですか？,0.5851653367139581
乾燥なしで洗濯するには？,スニーカーは洗える？,0.5851262190205025
ドアが完全に閉まりません,おすすめの洗剤・柔軟剤はありますか？,0.5851131837121308
ジェット乾燥って何？,毛布は洗えますか？,0.5850605775423228
乾燥のみの運転は可能ですか？,ドアが完全に閉まりません,0.585039048868805
洗濯機の下から水が漏れているのですが、どのような原因が考えられますか？自分で確認できる対処法はありますか？,洗濯機本体に触れると熱いのですが、これは異常ですか？特に乾燥運転中に熱くなることはありますか？,0.5850292924120186
「わが家流」設定って何？,洗濯の開始時刻を事前に設定しておきたいのですが、予約機能はどのように使えば良いですか？,0.584991740387875
ジェット乾燥とは何ですか？,自宅にいない時でも、スマートフォンなどを使って洗濯機を遠隔で操作し、洗濯を開始することはできますか？,0.5849625323406273
変な音がするのですが。,洗剤の種類で設定変更は必要？,0.5848391835682281
自動投入機能はどう使うの？,再洗はできる？,0.5848149525584957
洗濯の各工程（洗い、すすぎ、脱水、乾燥）について、自分の好みに合わせて時間を設定したり、回数を変更したりすることはできますか？,洗剤の種類で設定変更は必要？,0.5847166947374448
洗濯物を保護するために、洗濯ネットを使用する必要はありますか？どのような種類の衣類に推奨されますか？,本体の揺れが気になる。,0.5847141320225961
洗濯の始め方は？,予約機能の使い方をおしえて？,0.5846553705896692
ナノイーXとは何ですか？,最大容量は？,0.5846397289569172
すすぎや脱水はせずに、衣類を「洗い」の工程だけで済ませたいのですが、そのような設定はできますか？,洗濯コースの選択肢が画面に表示されないのですが、これはどういう状況ですか？どのように対処すれば良いですか？,0.5846334257152677
ナノイーXとは何ですか？,お急ぎコースはありますか？,0.5845894000427456
洗濯はせず、衣類を乾燥させる機能だけを使いたいのですが、どのように操作すれば良いですか？,水漏れの原因は？,0.5845705276424882
ふんわりキープの目的は？,すすぎの設定を変更することは可能ですか？,0.5845672816831028
すすぎの設定を変更することは可能ですか？,毛布の洗濯は可能？,0.5845472423463245
洗濯物の種類や汚れ具合に関わらず、最もおすすめの洗濯コースは何ですか？そのコースではどのような設定が自動で行われますか？,異音がします。どうしたらよいですか？,0.5845111165539045
ドアが閉まらない時は？,洗濯機の下から水が漏れているのですが、どのような原因が考えられますか？自分で確認できる対処法はありますか？,0.5844770307120357
すすぎの設定を変更することは可能ですか？,洗濯機のドアが最後まで閉まらないのですが、何を確認すれば良いですか？,0.584476218284318
自動投入機能の使い方を教えて？,洗濯が終わったのにドアがロックされて開かないのですが、これは故障ですか？どのくらい時間が経てば開くようになりますか？,0.5844514207614726
羽毛布団を洗濯機で洗いたいのですが、対応していますか？また、洗う際の注意点があれば教えてください。,ドアが完全に閉まりません,0.5844384957972679
予約機能の使い方をおしえて？,この洗濯機で一度に洗濯できる衣類の最大量と、乾燥できる衣類の最大量はそれぞれ何キログラムですか？,0.5843846926330261
洗いのみは可能？,デリケートな衣類やおしゃれ着を優しく洗うための専用コースはありますか？,0.5843758086410511
運転終了時にアラームを鳴らさないようにできますか？,毛布は洗えますか？,0.5843707397082526
洗剤や柔軟剤を計る手間を省きたいのですが、自動投入機能はどのように設定して使用するのですか？,おしゃれ着は洗える？,0.5843404588848906
スチーム機能は何に使うの？,洗濯の開始時刻を事前に設定しておきたいのですが、予約機能はどのように使えば良いですか？,0.5843366726125379
洗濯の開始時刻を事前に設定しておきたいのですが、予約機能はどのように使えば良いですか？,設定の初期化はできますか？,0.5843165583417445
乾燥なしで洗濯するには？,洗濯と乾燥の最大容量は？,0.5842723212616897
デリケートな衣類やおしゃれ着を優しく洗うための専用コースはありますか？,水漏れの原因は？,0.5842483293875708
洗いのみは可能？,羽毛布団を洗濯機で洗いたいのですが、対応していますか？また、洗う際の注意点があれば教えてください。,0.5842153951911642
終了音を消すには？,毛布は洗えますか？,0.5842086544649657
洗濯をスタートする方法を教えて？,本体の揺れが気になる。,0.5841859144235002
洗濯はせず、衣類を乾燥させる機能だけを使いたいのですが、どのように操作すれば良いですか？,この洗濯機で靴を洗うことはできますか？もしできない場合、何か代わりの方法はありますか？,0.584174022956497
洗濯物が絡まります。どうしたらよいですか？,洗濯機の下から水が漏れているのですが、どのような原因が考えられますか？自分で確認できる対処法はありますか？,0.5841598761923481
靴は洗えますか？,洗濯時間は何分ですか？,0.5841450240437054
洗濯だけする方法を教えて？,一般的な洗濯コースを選んだ場合、洗濯が完了するまでにおよそ何分くらいかかりますか？,0.5841142610707016
すすぎの設定を変更することは可能ですか？,洗濯中に通常とは異なる音がするのですが、どのような原因が考えられますか？自分で確認できることはありますか？,0.5840981975336101
乾燥のみの運転は可能ですか？,洗剤を手動で投入できますか？,0.5840928464710927
ドラムが動きません,設定の初期化はできますか？,0.5840662415487157
スチーム機能は何に使うの？,2度洗いは出来ますか？,0.584058422153702
時間がない時に、短時間で洗濯を済ませられるようなコースはありますか？,洗濯の開始時刻を事前に設定しておきたいのですが、予約機能はどのように使えば良いですか？,0.5840353182840323
ジェット乾燥って何？,本体が熱い。,0.5839664331785462
深夜運転は静か？,洗濯物に白い粉が残っています。　どうしたらよいですか？,0.5839426529577643
変な音がするのですが。,洗濯コースの選択肢が画面に表示されないのですが、これはどういう状況ですか？どのように対処すれば良いですか？,0.5838968491403216
ジェット乾燥機能は、どのような仕組みで乾燥をするのですか？,洗濯後、衣類に白い粉状のものが付着しているのですが、何が原因ですか？どのように対処すれば改善されますか？,0.5838837160302544
洗濯はせず、衣類を乾燥させる機能だけを使いたいのですが、どのように操作すれば良いですか？,羽毛布団は洗濯できる？,0.5838110246934274
ふんわりキープの目的は？,自宅にいない時でも、スマートフォンなどを使って洗濯機を遠隔で操作し、洗濯を開始することはできますか？,0.583766167853317
2度洗いは出来ますか？,洗剤の種類で設定変更は必要？,0.5837228593833883
羽毛布団は洗濯できる？,ドラムが回らない。,0.583683096485246
洗濯だけする方法を教えて？,洗濯物に白い粉が残っています。　どうしたらよいですか？,0.5836432478535019
ナノイーXとは何ですか？,排水エラーが出た。,0.5836214401812556
洗濯機を使い始めるにはどうすればいいですか？　手順を教えて下さい。,おしゃれ着コースはありますか？,0.5836212429987061
手動で個別に設定する事は可能ですか？,夜遅い時間帯に洗濯機を運転しても、近隣に迷惑がかからないように静かに運転できるモードはありますか？,0.5836116146690818
手動で個別に設定する事は可能ですか？,本体がぐらつきます。どうしたら良いですか？,0.5835916884594687
洗濯の各工程（洗い、すすぎ、脱水、乾燥）について、自分の好みに合わせて時間を設定したり、回数を変更したりすることはできますか？,時間がない時に、短時間で洗濯を済ませられるようなコースはありますか？,0.5835737558717639
自動投入機能の使い方を教えて？,ドアが開かないのですが,0.5835542098564508
手動で洗剤を入れることはできますか？,すすぎ回数は変えられる？,0.5835383350120353
ジェット乾燥とは何ですか？,コースが表示されないのですが,0.583531553043017
ジェット乾燥機能は、どのような仕組みで乾燥をするのですか？,洗濯が終わったのにドアがロックされて開かないのですが、これは故障ですか？どのくらい時間が経てば開くようになりますか？,0.583529070530322
この洗濯機で靴を洗うことはできますか？もしできない場合、何か代わりの方法はありますか？,ドラムが動きません,0.5834836234878757
自動投入機能はどう使うの？,洗濯後に衣類が絡まってしまうことが多いのですが、何か絡まりを防ぐための対処法はありますか？,0.5834683102955056
最適なコースは？,スニーカーは洗える？,0.5834605634091399
毛布の洗濯は可能？,この洗濯機で一度に洗濯できる衣類の最大量と、乾燥できる衣類の最大量はそれぞれ何キログラムですか？,0.5834547803738953
使用する洗剤のブランドや種類を変更した場合、洗濯機側で何か設定を変更する必要はありますか？,洗濯機が排水できないというエラーメッセージが表示されたのですが、原因は何でしょうか？自分で解決できる方法はありますか？,0.5834431932944082
個別の設定は可能ですか？,一時停止中にドアは開きますか？,0.583442561534115
自動投入機能の使い方を教えて？,おしゃれ着コースはありますか？,0.5833971394958362
洗濯のすすぎ回数を自分の希望に合わせて変更したいのですが、何回から何回まで選べますか？,一時停止したらドアは開く？,0.5833949477796356
最大容量は？,推奨の洗剤・柔軟剤は？,0.5833910432271042
洗濯中に通常とは異なる音がするのですが、どのような原因が考えられますか？自分で確認できることはありますか？,「水が出ない」エラーが出ます,0.5833745668272279
洗濯をスタートする方法を教えて？,洗濯機本体が不安定で揺れるのですが、どうすれば改善できますか？設置状況を確認する必要がありますか？,0.5833655605056964
洗濯はせず、衣類を乾燥させる機能だけを使いたいのですが、どのように操作すれば良いですか？,毛布の洗濯は可能？,0.5833502947157516
自宅にいない時でも、スマートフォンなどを使って洗濯機を遠隔で操作し、洗濯を開始することはできますか？,洗濯後、衣類に白い粉状のものが付着しているのですが、何が原因ですか？どのように対処すれば改善されますか？,0.5832707429951902
乾燥だけで使用出来ますか？,設定を工場出荷時に戻せる？,0.5832643026104207
洗濯中に通常とは異なる音がするのですが、どのような原因が考えられますか？自分で確認できることはありますか？,デリケートな衣類やおしゃれ着を優しく洗うための専用コースはありますか？,0.5832421177538479
おすすめのコースを教えて？,乾燥のみの運転は可能ですか？,0.5832411026062263
おすすめのコースを教えて？,一般的な洗濯コースを選んだ場合、洗濯が完了するまでにおよそ何分くらいかかりますか？,0.5832193229063382
ドラムが回らない。,設定の初期化はできますか？,0.5832166984275629
ふんわりキープの目的は？,終了音を消すには？,0.583181390676428
チャイルドロックはどこで設定する？,自動投入機能を使わずに、自分で洗剤を投入したいのですが、設定を教えてください？,0.5831762912515259
ドアが完全に閉まりません,本体が熱い。,0.583156247244989
外出先から洗濯を開始できますか？,「排水できない」エラーが出ます,0.583151435297274
乾燥なしで洗濯するには？,時間がない時に、短時間で洗濯を済ませられるようなコースはありますか？,0.5831501501066221
おしゃれ着は洗える？,洗濯と乾燥の最大容量は？,0.5831105932598993
再洗はできる？,デリケートな衣類やおしゃれ着を優しく洗うための専用コースはありますか？,0.5831085060175324
一時停止したらドアは開く？,洗剤の種類で設定変更は必要？,0.5830931440789553
衣類を洗うだけで、乾燥工程は行いたくない場合、どのコースを選択すれば良いですか？,洗濯物に白い粉が残っています。　どうしたらよいですか？,0.5830920351543625
一時停止中にドアは開きますか？,洗濯コースの選択肢が画面に表示されないのですが、これはどういう状況ですか？どのように対処すれば良いですか？,0.5830532720308207
コースが表示されない。,設定の初期化はできますか？,0.5830522832993561
デリケートな衣類やおしゃれ着を優しく洗うための専用コースはありますか？,最大容量は？,0.5830472856350104
羽毛布団は洗えますか？,水が出ないエラーが出た。,0.5830337242690848
最適なコースは？,本体がぐらつきます。どうしたら良いですか？,0.5830104915747336
洗濯中に通常とは異なる音がするのですが、どのような原因が考えられますか？自分で確認できることはありますか？,推奨の洗剤・柔軟剤は？,0.5830057345881152
洗濯の始め方は？,外出先から洗濯を開始できますか？,0.5829925304281613
異音がします。どうしたらよいですか？,推奨の洗剤・柔軟剤は？,0.5829739018716136
ふんわりキープの目的は？,使用する洗剤のブランドや種類を変更した場合、洗濯機側で何か設定を変更する必要はありますか？,0.5829596907923131
ナノイーX機能について詳しく教えてください。どのような効果があり、どのコースで利用できますか？,深夜に運転しても大丈夫？,0.5829411038997656
洗剤の種類によって設定は変わりますか？,洗濯機が排水できないというエラーメッセージが表示されたのですが、原因は何でしょうか？自分で解決できる方法はありますか？,0.5829393580978341
衣類を洗うだけで、乾燥工程は行いたくない場合、どのコースを選択すれば良いですか？,すすぎの設定を変更することは可能ですか？,0.5829339261512689
スチーム機能は何に使うの？,毛布の洗濯は可能？,0.582919577800156
チャイルドロックはどこで設定する？,ふんわりキープとは何ですか？,0.5828703561578379
自動投入機能を使わずに、自分で洗剤を投入したいのですが、設定を教えてください？,予約の仕方は？,0.5828682566211947
ナノイーX機能について詳しく教えてください。どのような効果があり、どのコースで利用できますか？,洗濯コースの選択肢が画面に表示されないのですが、これはどういう状況ですか？どのように対処すれば良いですか？,0.5827410738051686
ふんわりキープの目的は？,排水エラーが出た。,0.5826853121720581
ドアが開かないのですが,洗濯物が絡まります。どうしたらよいですか？,0.5826738416658921
洗濯をスタートする方法を教えて？,洗剤や柔軟剤を計る手間を省きたいのですが、自動投入機能はどのように設定して使用するのですか？,0.5826013991715755
再洗はできる？,ナノイーXの機能は？,0.5825909862889331
羽毛布団は洗濯できる？,異音がします。どうしたらよいですか？,0.582531996093233
手動で個別に設定する事は可能ですか？,すすぎ回数は変えられる？,0.5825105165459592
おすすめのコースを教えて？,デリケートな衣類やおしゃれ着を優しく洗うための専用コースはありますか？,0.5824695360491717
洗濯機のドアが最後まで閉まらないのですが、何を確認すれば良いですか？,本体の揺れが気になる。,0.582452526247444
夜遅い時間帯に洗濯機を運転しても、近隣に迷惑がかからないように静かに運転できるモードはありますか？,この洗濯機で靴を洗うことはできますか？もしできない場合、何か代わりの方法はありますか？,0.5823977577846575
設定を工場出荷時に戻せる？,推奨の洗剤・柔軟剤は？,0.5823970550670903
予約の仕方は？,おすすめの洗剤・柔軟剤はありますか？,0.5823755321791123
本体が熱い。,推奨の洗剤・柔軟剤は？,0.5823575018839552
本体の揺れが気になる。,洗濯コースの選択肢が画面に表示されないのですが、これはどういう状況ですか？どのように対処すれば良いですか？,0.5823099453597538
洗濯だけする方法を教えて？,洗濯機の下から水が漏れているのですが、どのような原因が考えられますか？自分で確認できる対処法はありますか？,0.5822897940857038
毛布の洗濯は可能？,この洗濯機で靴を洗うことはできますか？もしできない場合、何か代わりの方法はありますか？,0.582282743390831
洗濯ネットは必要ですか？,排水エラーが出た。,0.582221733904112
洗濯機のドアが最後まで閉まらないのですが、何を確認すれば良いですか？,最大容量は？,0.5822109112028963
すすぎ回数は変えられる？,羽毛布団を洗濯機で洗いたいのですが、対応していますか？また、洗う際の注意点があれば教えてください。,0.5822010200578105
洗濯機を使い始めるにはどうすればいいですか？　手順を教えて下さい。,洗濯を開始しようとしてもドラムが回転しないのですが、何が原因として考えられますか？安全装置が作動している可能性はありますか？,0.582196702548955
一般的な洗濯コースを選んだ場合、洗濯が完了するまでにおよそ何分くらいかかりますか？,洗濯と乾燥の最大容量は？,0.5821835681605124
洗濯終了時のお知らせ音を鳴らさないようにしたいのですが、その設定はどこで変更できますか？,デリケートな衣類やおしゃれ着を優しく洗うための専用コースはありますか？,0.5821778372971661
靴は洗えますか？,洗濯の所要時間は？,0.5821754909019954
洗濯後、衣類に白い粉状のものが付着しているのですが、何が原因ですか？どのように対処すれば改善されますか？,スニーカーは洗える？,0.5821461347633378
洗濯機を使い始めるにはどうすればいいですか？　手順を教えて下さい。,ジェット乾燥機能は、どのような仕組みで乾燥をするのですか？,0.5821132359532615
毛布の洗濯は可能？,本体の揺れが気になる。,0.5820856633399276
洗濯中に急な用事ができた場合、途中で運転を一時停止させることはできますか？その操作方法を教えてください。,羽毛布団は洗えますか？,0.5820816282085473
洗濯はせず、衣類を乾燥させる機能だけを使いたいのですが、どのように操作すれば良いですか？,遠隔で洗濯を開始できますか？,0.5820489791572834
ナノイーX機能について詳しく教えてください。どのような効果があり、どのコースで利用できますか？,ジェット乾燥機能は、どのような仕組みで乾燥をするのですか？,0.5820410447501008
おすすめのコースを教えて？,洗濯機の下から水が漏れているのですが、どのような原因が考えられますか？自分で確認できる対処法はありますか？,0.5818871813932525
ナノイーXの機能は？,ジェット乾燥って何？,0.5818827650312928
急いで洗濯したい時は？,排水エラーが出た。,0.5818623204757887
洗濯のすすぎ回数を自分の希望に合わせて変更したいのですが、何回から何回まで選べますか？,ドアが閉まらない時は？,0.5818447320405258
洗濯だけする方法を教えて？,洗濯が終わったのにドアがロックされて開かないのですが、これは故障ですか？どのくらい時間が経てば開くようになりますか？,0.5818025158019582
洗濯コースの選択肢が画面に表示されないのですが、これはどういう状況ですか？どのように対処すれば良いですか？,この洗濯機で一度に洗濯できる衣類の最大量と、乾燥できる衣類の最大量はそれぞれ何キログラムですか？,0.5817808615147434
運転終了時にアラームを鳴らさないようにできますか？,自宅にいない時でも、スマートフォンなどを使って洗濯機を遠隔で操作し、洗濯を開始することはできますか？,0.5817763634720243
脱水時間の調整はできる？,洗濯中に通常とは異なる音がするのですが、どのような原因が考えられますか？自分で確認できることはありますか？,0.5817735084679992
乾燥なしで洗濯するには？,洗濯時間は何分ですか？,0.5817401790603784
ドアが閉まらない時は？,予約機能の使い方をおしえて？,0.5817264108998805
特に汚れがひどい洗濯物なので、2回続けて洗いたいのですが、そのような設定は可能ですか？,一時停止したらドアは開く？,0.581709804920999
最適なコースは？,水が出ないエラーが出た。,0.5816982906631223
2度洗いは出来ますか？,ジェット乾燥とは何ですか？,0.5816934378948474
本体が熱い。,この洗濯機に最適な洗剤や柔軟剤はありますか？メーカーから推奨されている製品があれば教えてください。,0.5816620582953465
洗濯ネットは必要ですか？,おしゃれ着コースはありますか？,0.5816571734179498
乾燥だけで使用出来ますか？,洗濯物に白い粉が残っています。　どうしたらよいですか？,0.5816321015425026
羽毛布団は洗えますか？,おすすめの洗剤・柔軟剤はありますか？,0.5816318265909493
羽毛布団は洗濯できる？,洗濯後に衣類が絡まってしまうことが多いのですが、何か絡まりを防ぐための対処法はありますか？,0.5815808644033187
一時停止中にドアは開きますか？,羽毛布団は洗濯できる？,0.5815636019295157
深夜運転は静か？,この洗濯機に最適な洗剤や柔軟剤はありますか？メーカーから推奨されている製品があれば教えてください。,0.5815426355942838
洗濯をスタートする方法を教えて？,ジェット乾燥機能は、どのような仕組みで乾燥をするのですか？,0.5815399525699959
すすぎの設定を変更することは可能ですか？,ドアが開かないのですが,0.5814669509131373
お急ぎコースはありますか？,設定の初期化はできますか？,0.5814650261138556
自動投入機能はどう使うの？,羽毛布団は洗濯できる？,0.5814206334009842
ふんわりキープの目的は？,水漏れの原因は？,0.5814200309902513
ナノイーXとは何ですか？,「洗い」だけ行いたいのですが,0.5813754876570019
おしゃれ着コースはありますか？,洗濯を開始しようとしてもドラムが回転しないのですが、何が原因として考えられますか？安全装置が作動している可能性はありますか？,0.5813724642273966
外出先から洗濯を開始できますか？,洗濯物に白い粉が残っています。　どうしたらよいですか？,0.5813703002200403
予約機能の使い方をおしえて？,水漏れの原因は？,0.5813669480285132
洗濯物を保護するために、洗濯ネットを使用する必要はありますか？どのような種類の衣類に推奨されますか？,予約の仕方は？,0.5813499217356275
すすぎ回数は変えられる？,自宅にいない時でも、スマートフォンなどを使って洗濯機を遠隔で操作し、洗濯を開始することはできますか？,0.5813392355140661
洗濯の始め方は？,本体の揺れが気になる。,0.5813225070960394
特に汚れがひどい洗濯物なので、2回続けて洗いたいのですが、そのような設定は可能ですか？,予約の仕方は？,0.5812984835154995
手動で洗剤を入れることはできますか？,洗剤の種類によって設定は変わりますか？,0.5812356062189192
本体が熱くなります,この洗濯機に最適な洗剤や柔軟剤はありますか？メーカーから推奨されている製品があれば教えてください。,0.581220476894293
洗濯物を保護するために、洗濯ネットを使用する必要はありますか？どのような種類の衣類に推奨されますか？,洗濯機本体に触れると熱いのですが、これは異常ですか？特に乾燥運転中に熱くなることはありますか？,0.5812048555649729
自宅にいない時でも、スマートフォンなどを使って洗濯機を遠隔で操作し、洗濯を開始することはできますか？,洗濯物に白い粉が残っています。　どうしたらよいですか？,0.5811872071712816
ジェット乾燥とは何ですか？,洗濯物を保護するために、洗濯ネットを使用する必要はありますか？どのような種類の衣類に推奨されますか？,0.5811731244010365
自宅の洗濯機で毛布を洗うことはできますか？もし洗える場合、何か特別な条件やコースがありますか？,お急ぎコースはありますか？,0.5811232413335155
デリケートな衣類やおしゃれ着を優しく洗うための専用コースはありますか？,ドアが閉まらない時は？,0.5811016495604011
2度洗いは出来ますか？,急いで洗濯したい時は？,0.5810890511538488
ふんわりキープとは何ですか？,終了音を消すには？,0.5810673234649479
ドラムが動きません,本体が熱い。,0.5809624910572744
最適なコースは？,「水が出ない」エラーが出ます,0.5809351822995423
洗濯機を使い始めるにはどうすればいいですか？　手順を教えて下さい。,羽毛布団は洗濯できる？,0.5809252879508227
自動投入機能の使い方を教えて？,羽毛布団は洗濯できる？,0.5808612229657101
乾燥なしで洗濯するには？,自動投入機能の使い方を教えて？,0.5808226105744534
羽毛布団は洗濯できる？,この洗濯機に最適な洗剤や柔軟剤はありますか？メーカーから推奨されている製品があれば教えてください。,0.5808132611028338
終了音を消すには？,遠隔で洗濯を開始できますか？,0.5807317175393194
洗濯物を保護するために、洗濯ネットを使用する必要はありますか？どのような種類の衣類に推奨されますか？,深夜運転は静か？,0.5807055310219995
毛布は洗えますか？,この洗濯機で一度に洗濯できる衣類の最大量と、乾燥できる衣類の最大量はそれぞれ何キログラムですか？,0.5806714181013308
最適なコースは？,洗濯の各工程（洗い、すすぎ、脱水、乾燥）について、自分の好みに合わせて時間を設定したり、回数を変更したりすることはできますか？,0.5806633260171565
洗濯はせず、衣類を乾燥させる機能だけを使いたいのですが、どのように操作すれば良いですか？,一時停止中にドアは開きますか？,0.5806247503511485
自宅にいない時でも、スマートフォンなどを使って洗濯機を遠隔で操作し、洗濯を開始することはできますか？,洗濯機本体が不安定で揺れるのですが、どうすれば改善できますか？設置状況を確認する必要がありますか？,0.580612631282829
「ふんわりキープ」とはどのような機能ですか？,排水エラーが出た。,0.5805358792547619
洗濯コースの選択肢が画面に表示されないのですが、これはどういう状況ですか？どのように対処すれば良いですか？,洗濯時間は何分ですか？,0.5805223913528768
衣類のしわを伸ばしたり、気になるにおいを取り除いたりしたいのですが、スチーム機能はどのように使えば良いですか？,急いで洗濯したい時は？,0.5805212795811634
ジェット乾燥とは何ですか？,自宅の洗濯機で毛布を洗うことはできますか？もし洗える場合、何か特別な条件やコースがありますか？,0.5805141849945206
洗濯機の下から水が漏れているのですが、どのような原因が考えられますか？自分で確認できる対処法はありますか？,ドラムが回らない。,0.5805113667530655
衣類を洗うだけで、乾燥工程は行いたくない場合、どのコースを選択すれば良いですか？,洗濯時間は何分ですか？,0.5805095374987648
一時停止したらドアは開く？,推奨の洗剤・柔軟剤は？,0.5804773654702177
「ふんわりキープ」とはどのような機能ですか？,お急ぎコースはありますか？,0.5804564760996005
ふんわりキープとは何ですか？,白い粉が残るのですが。,0.5804455348691575
再洗はできる？,毛布は洗えますか？,0.5804418238854161
再洗はできる？,ふんわりキープの目的は？,0.5804414752215643
ジェット乾燥って何？,洗濯機のドアが最後まで閉まらないのですが、何を確認すれば良いですか？,0.580409120434939
自動投入機能はどう使うの？,洗いのみは可能？,0.5803837095673858
洗濯を一時停止した際、追加の衣類を入れるためにドアを開けることは可能ですか？その条件は何ですか？,予約の仕方は？,0.5803777395999032
おしゃれ着コースはありますか？,本体がぐらつきます。どうしたら良いですか？,0.5803529054008297
スニーカーは洗える？,洗濯機が排水できないというエラーメッセージが表示されたのですが、原因は何でしょうか？自分で解決できる方法はありますか？,0.5803009939407013
チャイルドロックの設定をしたい,設定の初期化はできますか？,0.5803000455829401
ジェット乾燥機能は、どのような仕組みで乾燥をするのですか？,夜遅い時間帯に洗濯機を運転しても、近隣に迷惑がかからないように静かに運転できるモードはありますか？,0.5802634491437085
洗剤の種類によって設定は変わりますか？,本体の揺れが気になる。,0.5802442387082072
ジェット乾燥機能は、どのような仕組みで乾燥をするのですか？,急いで洗濯したい時は？,0.5802385929467188
遠隔で洗濯を開始できますか？,洗濯時間は何分ですか？,0.5802339311955411
衣類のしわを伸ばしたり、気になるにおいを取り除いたりしたいのですが、スチーム機能はどのように使えば良いですか？,羽毛布団は洗えますか？,0.5802281275336127
洗剤を手動で投入できますか？,おしゃれ着コースはありますか？,0.5802107098001381
ジェット乾燥とは何ですか？,洗濯を開始しようとしてもドラムが回転しないのですが、何が原因として考えられますか？安全装置が作動している可能性はありますか？,0.5801582883844759
ナノイーXとは何ですか？,この洗濯機で一度に洗濯できる衣類の最大量と、乾燥できる衣類の最大量はそれぞれ何キログラムですか？,0.5801462328619262
洗濯物の種類や汚れ具合に関わらず、最もおすすめの洗濯コースは何ですか？そのコースではどのような設定が自動で行われますか？,洗濯の各工程（洗い、すすぎ、脱水、乾燥）について、自分の好みに合わせて時間を設定したり、回数を変更したりすることはできますか？,0.5801385930371968
手動で洗剤を入れることはできますか？,ナノイーXとは何ですか？,0.5801084820451463
洗濯はせず、衣類を乾燥させる機能だけを使いたいのですが、どのように操作すれば良いですか？,羽毛布団は洗えますか？,0.5800942241039582
終了音を消すには？,洗剤の種類によって設定は変わりますか？,0.580070924619281
すすぎや脱水はせずに、衣類を「洗い」の工程だけで済ませたいのですが、そのような設定はできますか？,予約機能の使い方をおしえて？,0.5800302459758847
終了音を消すには？,自宅にいない時でも、スマートフォンなどを使って洗濯機を遠隔で操作し、洗濯を開始することはできますか？,0.5800293705896427
スチーム機能の使い方を教えて？,排水エラーが出た。,0.5800037657847561
洗濯をスタートする方法を教えて？,衣類を洗うだけで、乾燥工程は行いたくない場合、どのコースを選択すれば良いですか？,0.5799489691244876
「ふんわりキープ」とはどのような機能ですか？,外出先から洗濯を開始できますか？,0.5799448452806664
洗濯をスタートする方法を教えて？,洗濯を開始しようとしてもドラムが回転しないのですが、何が原因として考えられますか？安全装置が作動している可能性はありますか？,0.5799008488843814
外出先から洗濯を開始できますか？,羽毛布団を洗濯機で洗いたいのですが、対応していますか？また、洗う際の注意点があれば教えてください。,0.5798861993477155
洗濯中に通常とは異なる音がするのですが、どのような原因が考えられますか？自分で確認できることはありますか？,洗濯と乾燥の最大容量は？,0.5798632679217008
洗濯の各工程（洗い、すすぎ、脱水、乾燥）について、自分の好みに合わせて時間を設定したり、回数を変更したりすることはできますか？,洗濯の開始時刻を事前に設定しておきたいのですが、予約機能はどのように使えば良いですか？,0.5798385176119123
洗濯機の下から水が漏れているのですが、どのような原因が考えられますか？自分で確認できる対処法はありますか？,推奨の洗剤・柔軟剤は？,0.5797827904785656
自宅にいない時でも、スマートフォンなどを使って洗濯機を遠隔で操作し、洗濯を開始することはできますか？,羽毛布団は洗えますか？,0.5797648158358075
この洗濯機で靴を洗うことはできますか？もしできない場合、何か代わりの方法はありますか？,ドアが完全に閉まりません,0.5797647136333262
時間がない時に、短時間で洗濯を済ませられるようなコースはありますか？,洗濯コースの選択肢が画面に表示されないのですが、これはどういう状況ですか？どのように対処すれば良いですか？,0.5797269191720436
子供が誤って操作しないように、チャイルドロックを設定したいのですが、その方法と解除方法を教えてください。,デリケートな衣類やおしゃれ着を優しく洗うための専用コースはありますか？,0.5796812730764653
外出先から洗濯を開始できますか？,白い粉が残るのですが。,0.5796154081578905
自宅の洗濯機で毛布を洗うことはできますか？もし洗える場合、何か特別な条件やコースがありますか？,おすすめの洗剤・柔軟剤はありますか？,0.5795395766213352
洗濯だけする方法を教えて？,「洗い」だけ行いたいのですが,0.5795350452552115
ジェット乾燥って何？,「ふんわりキープ」とはどのような機能ですか？,0.5795303407367265
ジェット乾燥とは何ですか？,急いで洗濯したい時は？,0.5795113457973584
ドアが閉まらない時は？,洗濯機本体が不安定で揺れるのですが、どうすれば改善できますか？設置状況を確認する必要がありますか？,0.5795038500933696
スニーカーは洗える？,一般的な洗濯コースを選んだ場合、洗濯が完了するまでにおよそ何分くらいかかりますか？,0.5794975941530649
お急ぎコースはありますか？,推奨の洗剤・柔軟剤は？,0.5794899083881524
デリケートな衣類やおしゃれ着を優しく洗うための専用コースはありますか？,洗濯コースの選択肢が画面に表示されないのですが、これはどういう状況ですか？どのように対処すれば良いですか？,0.5794674677206988
洗濯の始め方は？,時間がない時に、短時間で洗濯を済ませられるようなコースはありますか？,0.5794635908226742
洗剤の種類によって設定は変わりますか？,本体がぐらつきます。どうしたら良いですか？,0.5793792730071324
洗剤の種類で設定変更は必要？,最大容量は？,0.5793120560550886
予約の仕方は？,この洗濯機で一度に洗濯できる衣類の最大量と、乾燥できる衣類の最大量はそれぞれ何キログラムですか？,0.5793085493282042
自動投入機能はどう使うの？,洗濯機の下から水が漏れているのですが、どのような原因が考えられますか？自分で確認できる対処法はありますか？,0.5793052593007992
ドラムが回らない。,洗濯機本体に触れると熱いのですが、これは異常ですか？特に乾燥運転中に熱くなることはありますか？,0.5793019536315405
スチーム機能は何に使うの？,深夜に運転しても大丈夫？,0.5792948355450124
洗濯物を保護するために、洗濯ネットを使用する必要はありますか？どのような種類の衣類に推奨されますか？,おすすめの洗剤・柔軟剤はありますか？,0.5792279796473561
洗濯だけする方法を教えて？,誤った設定をしてしまったので、洗濯機の設定をすべて初期状態に戻したいのですが、その方法を教えてください。,0.5791979707052379
衣類を洗うだけで、乾燥工程は行いたくない場合、どのコースを選択すれば良いですか？,時間がない時に、短時間で洗濯を済ませられるようなコースはありますか？,0.5791731185380262
毛布は洗えますか？,一般的な洗濯コースを選んだ場合、洗濯が完了するまでにおよそ何分くらいかかりますか？,0.5791365567231292
すすぎの設定を変更することは可能ですか？,羽毛布団を洗濯機で洗いたいのですが、対応していますか？また、洗う際の注意点があれば教えてください。,0.5791340573194261
ふんわりキープの目的は？,一時停止したらドアは開く？,0.5791232472713124
洗濯の所要時間は？,推奨の洗剤・柔軟剤は？,0.5791224361899645
洗濯中に通常とは異なる音がするのですが、どのような原因が考えられますか？自分で確認できることはありますか？,「排水できない」エラーが出ます,0.5791169877050149
夜遅い時間帯に洗濯機を運転しても、近隣に迷惑がかからないように静かに運転できるモードはありますか？,洗剤の種類で設定変更は必要？,0.579115203956122
個別の設定は可能ですか？,夜遅い時間帯に洗濯機を運転しても、近隣に迷惑がかからないように静かに運転できるモードはありますか？,0.5791147833130224
洗濯機を使い始めるにはどうすればいいですか？　手順を教えて下さい。,デリケートな衣類やおしゃれ着を優しく洗うための専用コースはありますか？,0.5790901204556151
自宅の洗濯機で毛布を洗うことはできますか？もし洗える場合、何か特別な条件やコースがありますか？,異音がします。どうしたらよいですか？,0.5790762859434456
予約の仕方は？,洗濯を開始しようとしてもドラムが回転しないのですが、何が原因として考えられますか？安全装置が作動している可能性はありますか？,0.5790058357862682
洗濯機本体が不安定で揺れるのですが、どうすれば改善できますか？設置状況を確認する必要がありますか？,本体が熱い。,0.5790001762054855
チャイルドロックはどこで設定する？,ドアが開かないのですが,0.5789943381375984
ドアが開かないのですが,おしゃれ着コースはありますか？,0.5789835660036423
個別の設定は可能ですか？,変な音がするのですが。,0.5789596170645093
子供が誤って操作しないように、チャイルドロックを設定したいのですが、その方法と解除方法を教えてください。,コースが表示されないのですが,0.5789493437107988
洗濯物の種類や汚れ具合に関わらず、最もおすすめの洗濯コースは何ですか？そのコースではどのような設定が自動で行われますか？,この洗濯機で靴を洗うことはできますか？もしできない場合、何か代わりの方法はありますか？,0.5789493400576788
終了音を消すには？,洗濯の開始時刻を事前に設定しておきたいのですが、予約機能はどのように使えば良いですか？,0.5789377188100198
洗いのみは可能？,羽毛布団は洗えますか？,0.5789287748752325
洗濯物に白い粉が残っています。　どうしたらよいですか？,スニーカーは洗える？,0.5788981016718007
ナノイーX機能について詳しく教えてください。どのような効果があり、どのコースで利用できますか？,洗剤の種類で設定変更は必要？,0.5788784954122634
洗濯ネットは必要ですか？,変な音がするのですが。,0.5788698633908353
洗濯はせず、衣類を乾燥させる機能だけを使いたいのですが、どのように操作すれば良いですか？,2度洗いは出来ますか？,0.5788604967041315
最適なコースは？,一時停止中にドアは開きますか？,0.5788027736020139
最適なコースは？,洗濯の開始時刻を事前に設定しておきたいのですが、予約機能はどのように使えば良いですか？,0.5787851650225451
自動投入機能の使い方を教えて？,デリケートな衣類やおしゃれ着を優しく洗うための専用コースはありますか？,0.5787820134284247
洗濯はせず、衣類を乾燥させる機能だけを使いたいのですが、どのように操作すれば良いですか？,洗いのみは可能？,0.5786843530869639
ドアが開かないのですが,毛布は洗えますか？,0.5785914945695667
ふんわりキープとは何ですか？,おすすめの洗剤・柔軟剤はありますか？,0.5785766684049728
洗濯だけする方法を教えて？,すすぎや脱水はせずに、衣類を「洗い」の工程だけで済ませたいのですが、そのような設定はできますか？,0.5785563484002609
お急ぎコースはありますか？,ドラムが動きません,0.5785415251252788
特に汚れがひどい洗濯物なので、2回続けて洗いたいのですが、そのような設定は可能ですか？,ナノイーXとは何ですか？,0.578520676819598
本体が熱くなります,おすすめの洗剤・柔軟剤はありますか？,0.5785198083013071
衣類のしわを伸ばしたり、気になるにおいを取り除いたりしたいのですが、スチーム機能はどのように使えば良いですか？,洗剤の種類によって設定は変わりますか？,0.5785115897330235
洗濯だけする方法を教えて？,おすすめの洗剤・柔軟剤はありますか？,0.5785084159387922
ナノイーXとは何ですか？,ジェット乾燥って何？,0.5785012154821112
手動で個別に設定する事は可能ですか？,自宅にいない時でも、スマートフォンなどを使って洗濯機を遠隔で操作し、洗濯を開始することはできますか？,0.5784722070307067
衣類のしわを伸ばしたり、気になるにおいを取り除いたりしたいのですが、スチーム機能はどのように使えば良いですか？,ドアが開かないのですが,0.5783941325105078
チャイルドロックの設定をしたい,ジェット乾燥って何？,0.5783816298321527
予約機能の使い方をおしえて？,洗濯時間は何分ですか？,0.5783601415701437
個別の設定は可能ですか？,再洗はできる？,0.5782203716794698
再洗はできる？,ふんわりキープとは何ですか？,0.5782112672835844
洗濯だけする方法を教えて？,排水エラーが出た。,0.5781931154398666
個別の設定は可能ですか？,ふんわりキープとは何ですか？,0.5781900217950406
自動投入機能はどう使うの？,羽毛布団は洗えますか？,0.5781816928440413
個別の設定は可能ですか？,お急ぎコースはありますか？,0.578113507008026
毛布の洗濯は可能？,急いで洗濯したい時は？,0.5780886637658016
自宅にいない時でも、スマートフォンなどを使って洗濯機を遠隔で操作し、洗濯を開始することはできますか？,一般的な洗濯コースを選んだ場合、洗濯が完了するまでにおよそ何分くらいかかりますか？,0.5780877678960863
洗濯中に通常とは異なる音がするのですが、どのような原因が考えられますか？自分で確認できることはありますか？,おしゃれ着は洗える？,0.5780716908897959
乾燥だけで使用出来ますか？,洗濯と乾燥の最大容量は？,0.5780099324760273
乾燥なしで洗濯するには？,洗濯機のドアが最後まで閉まらないのですが、何を確認すれば良いですか？,0.5780095289925594
異音がします。どうしたらよいですか？,洗剤の種類によって設定は変わりますか？,0.5779386848606934
再洗はできる？,一時停止中にドアは開きますか？,0.5779201687941165
深夜運転は静か？,洗濯を開始しようとしてもドラムが回転しないのですが、何が原因として考えられますか？安全装置が作動している可能性はありますか？,0.5778600231192038
スニーカーは洗える？,ドアが完全に閉まりません,0.5778529582373455
「排水できない」エラーが出ます,コースが表示されない。,0.5778208251053992
すすぎや脱水はせずに、衣類を「洗い」の工程だけで済ませたいのですが、そのような設定はできますか？,使用する洗剤のブランドや種類を変更した場合、洗濯機側で何か設定を変更する必要はありますか？,0.5777745907073089
運転終了時にアラームを鳴らさないようにできますか？,予約の仕方は？,0.5777438863771248
この洗濯機で靴を洗うことはできますか？もしできない場合、何か代わりの方法はありますか？,ドラムが回らない。,0.5777197008658321
再洗はできる？,ナノイーXとは何ですか？,0.5777145250493749
洗剤を手動で投入できますか？,ふんわりキープとは何ですか？,0.5776755329219809
再洗はできる？,靴は洗えますか？,0.5776671061997098
手動で個別に設定する事は可能ですか？,遠隔で洗濯を開始できますか？,0.5776264050181599
洗濯物の種類や汚れ具合に関わらず、最もおすすめの洗濯コースは何ですか？そのコースではどのような設定が自動で行われますか？,おしゃれ着は洗える？,0.5776197515790855
ナノイーX機能について詳しく教えてください。どのような効果があり、どのコースで利用できますか？,お急ぎコースはありますか？,0.5776148128444922
再洗はできる？,スニーカーは洗える？,0.5776011949121962
スチーム機能は何に使うの？,羽毛布団は洗えますか？,0.5775775008920532
衣類を洗うだけで、乾燥工程は行いたくない場合、どのコースを選択すれば良いですか？,おすすめの洗剤・柔軟剤はありますか？,0.5775739069310752
深夜に運転しても大丈夫？,ドアが閉まらない時は？,0.577548127148608
ジェット乾燥機能は、どのような仕組みで乾燥をするのですか？,洗濯機の下から水が漏れているのですが、どのような原因が考えられますか？自分で確認できる対処法はありますか？,0.5775257178566915
すすぎの設定を変更することは可能ですか？,コースが表示されない。,0.5775105600416219
羽毛布団は洗えますか？,本体がぐらつきます。どうしたら良いですか？,0.5775062584648348
運転終了時にアラームを鳴らさないようにできますか？,お急ぎコースはありますか？,0.5774794508355484
洗濯はせず、衣類を乾燥させる機能だけを使いたいのですが、どのように操作すれば良いですか？,異音がします。どうしたらよいですか？,0.5774667801659412
子供が誤って操作しないように、チャイルドロックを設定したいのですが、その方法と解除方法を教えてください。,洗濯コースの選択肢が画面に表示されないのですが、これはどういう状況ですか？どのように対処すれば良いですか？,0.5774645638552409
ふんわりキープの目的は？,洗濯後、衣類に白い粉状のものが付着しているのですが、何が原因ですか？どのように対処すれば改善されますか？,0.5774226060643872
「わが家流」設定って何？,予約の仕方は？,0.5774216093387388
毛布は洗えますか？,この洗濯機で靴を洗うことはできますか？もしできない場合、何か代わりの方法はありますか？,0.5773920732736415
一般的な洗濯コースを選んだ場合、洗濯が完了するまでにおよそ何分くらいかかりますか？,洗濯を開始しようとしてもドラムが回転しないのですが、何が原因として考えられますか？安全装置が作動している可能性はありますか？,0.5773854649358129
洗濯をスタートする方法を教えて？,水漏れの原因は？,0.5773702673127832
洗濯をスタートする方法を教えて？,洗濯機が排水できないというエラーメッセージが表示されたのですが、原因は何でしょうか？自分で解決できる方法はありますか？,0.577361492665575
洗剤の種類で設定変更は必要？,ドアが閉まらない時は？,0.5773295625362325
洗濯ネットは必要ですか？,洗濯機の下から水が漏れているのですが、どのような原因が考えられますか？自分で確認できる対処法はありますか？,0.5773099908455366
衣類のしわを伸ばしたり、気になるにおいを取り除いたりしたいのですが、スチーム機能はどのように使えば良いですか？,デリケートな衣類やおしゃれ着を優しく洗うための専用コースはありますか？,0.5773008489920626
深夜に運転しても大丈夫？,最大容量は？,0.5772947160956232
衣類を洗うだけで、乾燥工程は行いたくない場合、どのコースを選択すれば良いですか？,洗濯と乾燥の最大容量は？,0.5772342441201989
洗濯のすすぎ回数を自分の希望に合わせて変更したいのですが、何回から何回まで選べますか？,ドアが開かない原因は？,0.5771728141735084
洗濯だけする方法を教えて？,洗濯機のドアが最後まで閉まらないのですが、何を確認すれば良いですか？,0.5771470630291324
すすぎや脱水はせずに、衣類を「洗い」の工程だけで済ませたいのですが、そのような設定はできますか？,羽毛布団は洗濯できる？,0.5771258263803504
特に汚れがひどい洗濯物なので、2回続けて洗いたいのですが、そのような設定は可能ですか？,洗濯ネットは必要ですか？,0.5771075423635192
ふんわりキープの目的は？,洗濯機が排水できないというエラーメッセージが表示されたのですが、原因は何でしょうか？自分で解決できる方法はありますか？,0.577053925213078
スチーム機能は何に使うの？,羽毛布団は洗濯できる？,0.5770327323242046
洗濯物の種類や汚れ具合に関わらず、最もおすすめの洗濯コースは何ですか？そのコースではどのような設定が自動で行われますか？,洗濯が終わったのにドアがロックされて開かないのですが、これは故障ですか？どのくらい時間が経てば開くようになりますか？,0.5770304845959384
「ふんわりキープ」とはどのような機能ですか？,急いで洗濯したい時は？,0.577015033629031
自宅にいない時でも、スマートフォンなどを使って洗濯機を遠隔で操作し、洗濯を開始することはできますか？,洗濯機のドアが最後まで閉まらないのですが、何を確認すれば良いですか？,0.5770111921370134
特に汚れがひどい洗濯物なので、2回続けて洗いたいのですが、そのような設定は可能ですか？,ナノイーXの機能は？,0.577000619976929
特に汚れがひどい洗濯物なので、2回続けて洗いたいのですが、そのような設定は可能ですか？,羽毛布団は洗えますか？,0.5769706406295602
ナノイーXの機能は？,ふんわりキープの目的は？,0.5769399787681099
排水エラーが出た。,予約の仕方は？,0.5769295359244107
個別の設定は可能ですか？,チャイルドロックはどこで設定する？,0.5769226792235624
チャイルドロックの設定をしたい,誤った設定をしてしまったので、洗濯機の設定をすべて初期状態に戻したいのですが、その方法を教えてください。,0.5768535431549513
ナノイーXの機能は？,羽毛布団を洗濯機で洗いたいのですが、対応していますか？また、洗う際の注意点があれば教えてください。,0.5768530274154853
スチーム機能の使い方を教えて？,ドアが開かないのですが,0.5768468730570671
脱水時間の変更は可能ですか？,洗濯の開始時刻を事前に設定しておきたいのですが、予約機能はどのように使えば良いですか？,0.5768433446724314
洗濯を一時停止した際、追加の衣類を入れるためにドアを開けることは可能ですか？その条件は何ですか？,水が出ないエラーが出た。,0.5768147360004869
手動で洗剤を入れることはできますか？,洗いのみは可能？,0.5767941953328527
ドアが閉まらない時は？,おすすめの洗剤・柔軟剤はありますか？,0.5767860270491264
再洗はできる？,コースが表示されない。,0.5767619202390444
ジェット乾燥とは何ですか？,水漏れの原因は？,0.5767606556406724
外出先から洗濯を開始できますか？,洗濯の所要時間は？,0.5767210227103425
自動投入機能の使い方を教えて？,本体がぐらつきます。どうしたら良いですか？,0.5766770683558013
洗濯をスタートする方法を教えて？,羽毛布団は洗濯できる？,0.5766659097045187
2度洗いは出来ますか？,靴は洗えますか？,0.5766287044653384
スニーカーは洗える？,設定を工場出荷時に戻せる？,0.5765606030297887
2度洗いは出来ますか？,自宅の洗濯機で毛布を洗うことはできますか？もし洗える場合、何か特別な条件やコースがありますか？,0.5765234721292315
ジェット乾燥って何？,洗濯を開始しようとしてもドラムが回転しないのですが、何が原因として考えられますか？安全装置が作動している可能性はありますか？,0.5765158352779521
洗濯のすすぎ回数を自分の希望に合わせて変更したいのですが、何回から何回まで選べますか？,おしゃれ着コースはありますか？,0.576509785423762
洗濯をスタートする方法を教えて？,この洗濯機で靴を洗うことはできますか？もしできない場合、何か代わりの方法はありますか？,0.5765074521308653
すすぎや脱水はせずに、衣類を「洗い」の工程だけで済ませたいのですが、そのような設定はできますか？,「水が出ない」エラーが出ます,0.5764995111393709
脱水時間の変更は可能ですか？,予約の仕方は？,0.5764869243468611
特に汚れがひどい洗濯物なので、2回続けて洗いたいのですが、そのような設定は可能ですか？,羽毛布団は洗濯できる？,0.5764813509109681
ドラムが回らない。,本体が熱くなります,0.5764631615081479
チャイルドロックの設定をしたい,急いで洗濯したい時は？,0.5763667988180152
ナノイーXとは何ですか？,推奨の洗剤・柔軟剤は？,0.5763421316498377
洗濯を一時停止した際、追加の衣類を入れるためにドアを開けることは可能ですか？その条件は何ですか？,コースが表示されないのですが,0.5763336430594931
チャイルドロックの設定をしたい,ナノイーX機能について詳しく教えてください。どのような効果があり、どのコースで利用できますか？,0.576319415727721
使用する洗剤のブランドや種類を変更した場合、洗濯機側で何か設定を変更する必要はありますか？,急いで洗濯したい時は？,0.5762975500926835
ジェット乾燥機能は、どのような仕組みで乾燥をするのですか？,洗濯物の種類によって脱水時間を調整したいのですが、何分まで設定できますか？,0.5762925174158671
デリケートな衣類やおしゃれ着を優しく洗うための専用コースはありますか？,水漏れしています。どうしたらよいですか？,0.5762505053817191
水漏れしています。どうしたらよいですか？,推奨の洗剤・柔軟剤は？,0.5762485769636351
「ふんわりキープ」とはどのような機能ですか？,自宅にいない時でも、スマートフォンなどを使って洗濯機を遠隔で操作し、洗濯を開始することはできますか？,0.5762412702921212
すすぎの設定を変更することは可能ですか？,この洗濯機で一度に洗濯できる衣類の最大量と、乾燥できる衣類の最大量はそれぞれ何キログラムですか？,0.5761943695599325
おすすめのコースを教えて？,変な音がするのですが。,0.5761482708123222
洗濯物の種類や汚れ具合に関わらず、最もおすすめの洗濯コースは何ですか？そのコースではどのような設定が自動で行われますか？,羽毛布団を洗濯機で洗いたいのですが、対応していますか？また、洗う際の注意点があれば教えてください。,0.5761283166362772
子供が誤って操作しないように、チャイルドロックを設定したいのですが、その方法と解除方法を教えてください。,「ふんわりキープ」とはどのような機能ですか？,0.576109321411842
運転終了時にアラームを鳴らさないようにできますか？,予約機能の使い方をおしえて？,0.5760916893700588
羽毛布団は洗濯できる？,急いで洗濯したい時は？,0.5760648176560081
羽毛布団を洗濯機で洗いたいのですが、対応していますか？また、洗う際の注意点があれば教えてください。,一般的な洗濯コースを選んだ場合、洗濯が完了するまでにおよそ何分くらいかかりますか？,0.576054144581048
手動で個別に設定する事は可能ですか？,洗濯のすすぎ回数を自分の希望に合わせて変更したいのですが、何回から何回まで選べますか？,0.5759568326528585
お急ぎコースはありますか？,洗濯機のドアが最後まで閉まらないのですが、何を確認すれば良いですか？,0.5759531384259395
チャイルドロックの設定をしたい,「ふんわりキープ」とはどのような機能ですか？,0.575895975339739
すすぎの設定を変更することは可能ですか？,洗濯時間は何分ですか？,0.5758718654518997
深夜に運転しても大丈夫？,この洗濯機に最適な洗剤や柔軟剤はありますか？メーカーから推奨されている製品があれば教えてください。,0.575853466277679
設定を工場出荷時に戻せる？,おすすめの洗剤・柔軟剤はありますか？,0.5757826043809977
洗濯を一時停止した際、追加の衣類を入れるためにドアを開けることは可能ですか？その条件は何ですか？,ドアが閉まらない時は？,0.5757817625523004
スチーム機能の使い方を教えて？,コースが表示されないのですが,0.5757545556902844
急いで洗濯したい時は？,水漏れの原因は？,0.5757301506705457
洗濯だけする方法を教えて？,時間がない時に、短時間で洗濯を済ませられるようなコースはありますか？,0.5757032730486905
洗いのみは可能？,洗濯終了時のお知らせ音を鳴らさないようにしたいのですが、その設定はどこで変更できますか？,0.575701762057578
衣類を洗うだけで、乾燥工程は行いたくない場合、どのコースを選択すれば良いですか？,一時停止中にドアは開きますか？,0.5756909224484209
洗濯の各工程（洗い、すすぎ、脱水、乾燥）について、自分の好みに合わせて時間を設定したり、回数を変更したりすることはできますか？,使用する洗剤のブランドや種類を変更した場合、洗濯機側で何か設定を変更する必要はありますか？,0.5755987483725324
洗濯中に急な用事ができた場合、途中で運転を一時停止させることはできますか？その操作方法を教えてください。,洗濯を一時停止した際、追加の衣類を入れるためにドアを開けることは可能ですか？その条件は何ですか？,0.5755728778950426
外出先から洗濯を開始できますか？,一時停止したらドアは開く？,0.5755518596757574
洗濯の始め方は？,一時停止中にドアは開きますか？,0.5755491604255578
洗濯の始め方は？,ジェット乾燥機能は、どのような仕組みで乾燥をするのですか？,0.5755169972304104
ジェット乾燥とは何ですか？,夜遅い時間帯に洗濯機を運転しても、近隣に迷惑がかからないように静かに運転できるモードはありますか？,0.5755043580701829
手動で個別に設定する事は可能ですか？,推奨の洗剤・柔軟剤は？,0.5755037322752116
洗剤を手動で投入できますか？,予約の仕方は？,0.5754718612308365
乾燥のみの運転は可能ですか？,2度洗いは出来ますか？,0.5754110647266235
洗濯だけする方法を教えて？,本体の揺れが気になる。,0.5754043047766838
洗濯機を使い始めるにはどうすればいいですか？　手順を教えて下さい。,予約の仕方は？,0.5753901708281451
羽毛布団を洗濯機で洗いたいのですが、対応していますか？また、洗う際の注意点があれば教えてください。,洗濯機本体に触れると熱いのですが、これは異常ですか？特に乾燥運転中に熱くなることはありますか？,0.5753069471974684
洗濯はせず、衣類を乾燥させる機能だけを使いたいのですが、どのように操作すれば良いですか？,「洗い」だけ行いたいのですが,0.5752869182597267
深夜に運転しても大丈夫？,洗濯コースの選択肢が画面に表示されないのですが、これはどういう状況ですか？どのように対処すれば良いですか？,0.5752661573656017
スチーム機能は何に使うの？,ナノイーXとは何ですか？,0.5752632424246473
洗濯物の種類や汚れ具合に関わらず、最もおすすめの洗濯コースは何ですか？そのコースではどのような設定が自動で行われますか？,自動投入機能はどう使うの？,0.5752441174058551
洗濯機の下から水が漏れているのですが、どのような原因が考えられますか？自分で確認できる対処法はありますか？,ドラムが動きません,0.5752298666532216
この洗濯機で一度に洗濯できる衣類の最大量と、乾燥できる衣類の最大量はそれぞれ何キログラムですか？,推奨の洗剤・柔軟剤は？,0.5752196225053006
衣類のしわを伸ばしたり、気になるにおいを取り除いたりしたいのですが、スチーム機能はどのように使えば良いですか？,特に汚れがひどい洗濯物なので、2回続けて洗いたいのですが、そのような設定は可能ですか？,0.5752139117364341
洗濯の所要時間は？,洗濯と乾燥の最大容量は？,0.5751992940159654
外出先から洗濯を開始できますか？,洗濯時間は何分ですか？,0.5751734651242357
コースが表示されないのですが,最大容量は？,0.5751705065630544
2度洗いは出来ますか？,洗濯を一時停止した際、追加の衣類を入れるためにドアを開けることは可能ですか？その条件は何ですか？,0.5751596149863039
遠隔で洗濯を開始できますか？,本体の揺れが気になる。,0.5751580893228356
ドラムが回らない。,設定を工場出荷時に戻せる？,0.575088818996765
「ふんわりキープ」とはどのような機能ですか？,洗いのみは可能？,0.5750680442658309
急いで洗濯したい時は？,本体がぐらつきます。どうしたら良いですか？,0.5750544847179804
すすぎや脱水はせずに、衣類を「洗い」の工程だけで済ませたいのですが、そのような設定はできますか？,自宅の洗濯機で毛布を洗うことはできますか？もし洗える場合、何か特別な条件やコースがありますか？,0.5749675162806536
本体がぐらつきます。どうしたら良いですか？,最大容量は？,0.5749417521258509
ジェット乾燥とは何ですか？,本体の揺れが気になる。,0.5749288952546489
洗濯の始め方は？,洗濯機のドアが最後まで閉まらないのですが、何を確認すれば良いですか？,0.574928754755424
洗濯が終わったのにドアがロックされて開かないのですが、これは故障ですか？どのくらい時間が経てば開くようになりますか？,おしゃれ着コースはありますか？,0.5749072998210726
ナノイーXの機能は？,異音がします。どうしたらよいですか？,0.5749061554685819
乾燥のみの運転は可能ですか？,終了音を消すには？,0.5748879359396358
洗濯機のドアが最後まで閉まらないのですが、何を確認すれば良いですか？,洗濯機本体に触れると熱いのですが、これは異常ですか？特に乾燥運転中に熱くなることはありますか？,0.5748816052321031
特に汚れがひどい洗濯物なので、2回続けて洗いたいのですが、そのような設定は可能ですか？,ジェット乾燥とは何ですか？,0.5748641636775621
洗濯終了時のお知らせ音を鳴らさないようにしたいのですが、その設定はどこで変更できますか？,靴は洗えますか？,0.5748503272267025
外出先から洗濯を開始できますか？,この洗濯機で一度に洗濯できる衣類の最大量と、乾燥できる衣類の最大量はそれぞれ何キログラムですか？,0.574815821282312
ナノイーX機能について詳しく教えてください。どのような効果があり、どのコースで利用できますか？,本体がぐらつきます。どうしたら良いですか？,0.5747893539346985
洗濯終了時のお知らせ音を鳴らさないようにしたいのですが、その設定はどこで変更できますか？,おしゃれ着は洗える？,0.5747702946416274
使用する洗剤のブランドや種類を変更した場合、洗濯機側で何か設定を変更する必要はありますか？,洗濯物に白い粉が残っています。　どうしたらよいですか？,0.574731260944955
洗濯ネットは使うべき？,排水エラーが出た。,0.5747212236140495
洗剤や柔軟剤を計る手間を省きたいのですが、自動投入機能はどのように設定して使用するのですか？,洗濯後に衣類が絡まってしまうことが多いのですが、何か絡まりを防ぐための対処法はありますか？,0.5746483826309245
自動投入機能はどう使うの？,一時停止中にドアは開きますか？,0.5746316327565939
排水エラーが出た。,ドラムが動きません,0.5746299231309766
遠隔で洗濯を開始できますか？,排水エラーが出た。,0.5745707123749373
自宅の洗濯機で毛布を洗うことはできますか？もし洗える場合、何か特別な条件やコースがありますか？,洗濯物に白い粉が残っています。　どうしたらよいですか？,0.5745499627592855
洗濯の始め方は？,乾燥のみの運転は可能ですか？,0.5745466137295328
2度洗いは出来ますか？,羽毛布団を洗濯機で洗いたいのですが、対応していますか？また、洗う際の注意点があれば教えてください。,0.5745425451624844
衣類のしわを伸ばしたり、気になるにおいを取り除いたりしたいのですが、スチーム機能はどのように使えば良いですか？,遠隔で洗濯を開始できますか？,0.5745352507357998
自動投入機能の使い方を教えて？,水漏れしています。どうしたらよいですか？,0.5744864777503823
手動で洗剤を入れることはできますか？,急いで洗濯したい時は？,0.5744770990478267
洗濯物の種類や汚れ具合に関わらず、最もおすすめの洗濯コースは何ですか？そのコースではどのような設定が自動で行われますか？,洗濯中に通常とは異なる音がするのですが、どのような原因が考えられますか？自分で確認できることはありますか？,0.5744699103127311
ナノイーXの機能は？,この洗濯機で靴を洗うことはできますか？もしできない場合、何か代わりの方法はありますか？,0.574433058818359
洗濯の始め方は？,洗濯物を保護するために、洗濯ネットを使用する必要はありますか？どのような種類の衣類に推奨されますか？,0.5744299504712315
自宅の洗濯機で毛布を洗うことはできますか？もし洗える場合、何か特別な条件やコースがありますか？,洗濯後、衣類に白い粉状のものが付着しているのですが、何が原因ですか？どのように対処すれば改善されますか？,0.5744152639601141
スニーカーは洗える？,洗濯機のドアが最後まで閉まらないのですが、何を確認すれば良いですか？,0.5743944658142411
毛布の洗濯は可能？,排水エラーが出た。,0.5743810871991271
ナノイーX機能について詳しく教えてください。どのような効果があり、どのコースで利用できますか？,洗濯物が絡まります。どうしたらよいですか？,0.5743714231183668
洗濯物が絡まります。どうしたらよいですか？,コースが表示されないのですが,0.5743680206534606
洗濯コースの選択肢が画面に表示されないのですが、これはどういう状況ですか？どのように対処すれば良いですか？,ドラムが動きません,0.574362099846979
ジェット乾燥機能は、どのような仕組みで乾燥をするのですか？,自宅にいない時でも、スマートフォンなどを使って洗濯機を遠隔で操作し、洗濯を開始することはできますか？,0.5743544071802337
洗濯後に衣類が絡まってしまうことが多いのですが、何か絡まりを防ぐための対処法はありますか？,洗濯を開始しようとしてもドラムが回転しないのですが、何が原因として考えられますか？安全装置が作動している可能性はありますか？,0.5743496266391128
おしゃれ着コースはありますか？,ドアが閉まらない時は？,0.5743314667644025
洗剤の種類で設定変更は必要？,本体の揺れが気になる。,0.5743273576068915
終了音を消すには？,ドラムが回らない。,0.5743256200400249
洗剤や柔軟剤を計る手間を省きたいのですが、自動投入機能はどのように設定して使用するのですか？,ふんわりキープの目的は？,0.5743194286067523
遠隔で洗濯を開始できますか？,洗濯ネットは使うべき？,0.5742414107216418
ジェット乾燥とは何ですか？,靴は洗えますか？,0.5742142428159549
洗濯後に衣類が絡まってしまうことが多いのですが、何か絡まりを防ぐための対処法はありますか？,本体が熱くなります,0.5741870532175074
遠隔で洗濯を開始できますか？,洗濯の所要時間は？,0.574183878651856
ふんわりキープとは何ですか？,洗濯と乾燥の最大容量は？,0.5741485470284976
スニーカーは洗える？,設定の初期化はできますか？,0.5740793007143175
チャイルドロックはどこで設定する？,この洗濯機で靴を洗うことはできますか？もしできない場合、何か代わりの方法はありますか？,0.5740769863083048
白い粉が残るのですが。,コースが表示されないのですが,0.5740713658350134
洗濯だけする方法を教えて？,水漏れしています。どうしたらよいですか？,0.5740657218917077
洗濯物の種類や汚れ具合に関わらず、最もおすすめの洗濯コースは何ですか？そのコースではどのような設定が自動で行われますか？,洗濯機のドアが最後まで閉まらないのですが、何を確認すれば良いですか？,0.574016950820157
洗濯機を使い始めるにはどうすればいいですか？　手順を教えて下さい。,洗濯が終わったのにドアがロックされて開かないのですが、これは故障ですか？どのくらい時間が経てば開くようになりますか？,0.5739816209050392
洗濯をスタートする方法を教えて？,毛布は洗えますか？,0.5739585938374338
デリケートな衣類やおしゃれ着を優しく洗うための専用コースはありますか？,「排水できない」エラーが出ます,0.573947060401357
最適なコースは？,洗濯機に水が供給されないというエラーが表示されたのですが、どのような原因が考えられますか？自分でできる確認事項はありますか？,0.5739388287710763
終了音を消すには？,外出先から洗濯を開始できますか？,0.5739368902448663
一時停止中にドアは開きますか？,コースが表示されないのですが,0.5739325740337383
洗濯の始め方は？,一時停止したらドアは開く？,0.5739034596873673
すすぎや脱水はせずに、衣類を「洗い」の工程だけで済ませたいのですが、そのような設定はできますか？,一時停止したらドアは開く？,0.5738808856682442
洗濯物の種類によって脱水時間を調整したいのですが、何分まで設定できますか？,羽毛布団は洗濯できる？,0.5738780092535207
ドアが開かない原因は？,洗濯の開始時刻を事前に設定しておきたいのですが、予約機能はどのように使えば良いですか？,0.5738724343564006
個別の設定は可能ですか？,排水エラーが出た。,0.5738647333202085
毛布は洗えますか？,最大容量は？,0.5738466328351371
おすすめのコースを教えて？,羽毛布団は洗えますか？,0.5738162725668776
「ふんわりキープ」とはどのような機能ですか？,洗濯のすすぎ回数を自分の希望に合わせて変更したいのですが、何回から何回まで選べますか？,0.5738098493911978
すすぎ回数は変えられる？,深夜運転は静か？,0.5737832969909049
洗剤の種類で設定変更は必要？,ドラムが回らない。,0.5737734951837777
外出先から洗濯を開始できますか？,「わが家流」設定って何？,0.573769768721909
スニーカーは洗える？,ドアが閉まらない時は？,0.5737676025819594
洗濯の始め方は？,深夜運転は静か？,0.5737290737065955
洗剤を手動で投入できますか？,洗剤の種類で設定変更は必要？,0.5736938589411593
運転終了時にアラームを鳴らさないようにできますか？,洗濯機本体が不安定で揺れるのですが、どうすれば改善できますか？設置状況を確認する必要がありますか？,0.573677852066687
ナノイーXとは何ですか？,洗濯時間は何分ですか？,0.5736641380670137
運転終了時にアラームを鳴らさないようにできますか？,ドアが開かないのですが,0.5736550004187393
自動投入機能はどう使うの？,洗濯物が絡まります。どうしたらよいですか？,0.5736436376080715
スチーム機能の使い方を教えて？,自宅にいない時でも、スマートフォンなどを使って洗濯機を遠隔で操作し、洗濯を開始することはできますか？,0.573548042542696
2度洗いは出来ますか？,一時停止したらドアは開く？,0.5735479445715841
洗濯の開始時刻を事前に設定しておきたいのですが、予約機能はどのように使えば良いですか？,設定を工場出荷時に戻せる？,0.5735075131536338
洗濯物に白い粉が残っています。　どうしたらよいですか？,コースが表示されない。,0.5734828301753322
白い粉が残るのですが。,この洗濯機で一度に洗濯できる衣類の最大量と、乾燥できる衣類の最大量はそれぞれ何キログラムですか？,0.5734270537405559
手動で個別に設定する事は可能ですか？,洗濯だけする方法を教えて？,0.5734225753920783
スニーカーは洗える？,洗濯コースの選択肢が画面に表示されないのですが、これはどういう状況ですか？どのように対処すれば良いですか？,0.5734073534041553
洗濯が終わったのにドアがロックされて開かないのですが、これは故障ですか？どのくらい時間が経てば開くようになりますか？,毛布は洗えますか？,0.5733717112651902
デリケートな衣類やおしゃれ着を優しく洗うための専用コースはありますか？,ドアが完全に閉まりません,0.5733639420559947
自動投入機能はどう使うの？,「ふんわりキープ」とはどのような機能ですか？,0.5733218923766311
洗濯機を使い始めるにはどうすればいいですか？　手順を教えて下さい。,予約機能の使い方をおしえて？,0.5732892007693335
お急ぎコースはありますか？,排水エラーが出た。,0.5732603596547208
チャイルドロックはどこで設定する？,洗濯終了時のお知らせ音を鳴らさないようにしたいのですが、その設定はどこで変更できますか？,0.5731822994711606
ナノイーXの機能は？,ジェット乾燥とは何ですか？,0.5731759557785516
洗濯だけする方法を教えて？,一時停止中にドアは開きますか？,0.5731046171396881
洗濯機を使い始めるにはどうすればいいですか？　手順を教えて下さい。,ドラムが動きません,0.5730809017891346
自動投入機能はどう使うの？,ふんわりキープとは何ですか？,0.5730593797481592
毛布は洗えますか？,排水エラーが出た。,0.5730025728778894
脱水時間の調整はできる？,「水が出ない」エラーが出ます,0.5730005192032221
最適なコースは？,洗濯はせず、衣類を乾燥させる機能だけを使いたいのですが、どのように操作すれば良いですか？,0.5729725718543797
洗濯物の種類によって脱水時間を調整したいのですが、何分まで設定できますか？,使用する洗剤のブランドや種類を変更した場合、洗濯機側で何か設定を変更する必要はありますか？,0.5729231672117933
ふんわりキープの目的は？,羽毛布団を洗濯機で洗いたいのですが、対応していますか？また、洗う際の注意点があれば教えてください。,0.5729136974659979
特に汚れがひどい洗濯物なので、2回続けて洗いたいのですが、そのような設定は可能ですか？,自宅にいない時でも、スマートフォンなどを使って洗濯機を遠隔で操作し、洗濯を開始することはできますか？,0.5728887272222964
おすすめのコースを教えて？,洗剤の種類で設定変更は必要？,0.5728869079505432
自動投入機能の使い方を教えて？,すすぎの設定を変更することは可能ですか？,0.5728444789304649
スチーム機能は何に使うの？,洗濯物を保護するために、洗濯ネットを使用する必要はありますか？どのような種類の衣類に推奨されますか？,0.5728411942096034
すすぎ回数は変えられる？,洗濯機のドアが最後まで閉まらないのですが、何を確認すれば良いですか？,0.5728228708110513
洗濯はせず、衣類を乾燥させる機能だけを使いたいのですが、どのように操作すれば良いですか？,毛布は洗えますか？,0.5728101986646873
ジェット乾燥機能は、どのような仕組みで乾燥をするのですか？,洗濯コースの選択肢が画面に表示されないのですが、これはどういう状況ですか？どのように対処すれば良いですか？,0.5727375477106914
乾燥なしで洗濯するには？,チャイルドロックの設定をしたい,0.5727109446217202
洗濯の始め方は？,コースが表示されない。,0.5726838812987414
おすすめのコースを教えて？,スチーム機能の使い方を教えて？,0.5726735507204936
一時停止したらドアは開く？,洗濯コースの選択肢が画面に表示されないのですが、これはどういう状況ですか？どのように対処すれば良いですか？,0.5726570364191366
洗濯はせず、衣類を乾燥させる機能だけを使いたいのですが、どのように操作すれば良いですか？,おしゃれ着は洗える？,0.5726428623079662
洗濯を一時停止した際、追加の衣類を入れるためにドアを開けることは可能ですか？その条件は何ですか？,深夜運転は静か？,0.5725685940867189
洗濯機を使い始めるにはどうすればいいですか？　手順を教えて下さい。,洗濯ネットは必要ですか？,0.572563580315183
特に汚れがひどい洗濯物なので、2回続けて洗いたいのですが、そのような設定は可能ですか？,洗濯物に白い粉が残っています。　どうしたらよいですか？,0.5725223905717592
洗剤の種類で設定変更は必要？,洗濯物に白い粉が残っています。　どうしたらよいですか？,0.5724610108446522
ジェット乾燥とは何ですか？,すすぎの設定を変更することは可能ですか？,0.5724337452730673
洗濯ネットは使うべき？,洗濯の開始時刻を事前に設定しておきたいのですが、予約機能はどのように使えば良いですか？,0.5723979311778773
洗濯はせず、衣類を乾燥させる機能だけを使いたいのですが、どのように操作すれば良いですか？,一時停止したらドアは開く？,0.572359875205211
洗濯時間は何分ですか？,洗濯機の下から水が漏れているのですが、どのような原因が考えられますか？自分で確認できる対処法はありますか？,0.5723077602775228
洗濯物の種類によって脱水時間を調整したいのですが、何分まで設定できますか？,洗濯機のドアが最後まで閉まらないのですが、何を確認すれば良いですか？,0.5722638626394132
ナノイーXとは何ですか？,洗濯の所要時間は？,0.5722280971483845
洗濯機の下から水が漏れているのですが、どのような原因が考えられますか？自分で確認できる対処法はありますか？,この洗濯機に最適な洗剤や柔軟剤はありますか？メーカーから推奨されている製品があれば教えてください。,0.5722058334588631
ナノイーX機能について詳しく教えてください。どのような効果があり、どのコースで利用できますか？,この洗濯機に最適な洗剤や柔軟剤はありますか？メーカーから推奨されている製品があれば教えてください。,0.5721960933480406
洗剤や柔軟剤を計る手間を省きたいのですが、自動投入機能はどのように設定して使用するのですか？,スチーム機能は何に使うの？,0.5721512392334884
深夜に運転しても大丈夫？,洗濯と乾燥の最大容量は？,0.5720674088826283
ナノイーXとは何ですか？,本体がぐらつきます。どうしたら良いですか？,0.5720380185079089
深夜運転は静か？,異音がします。どうしたらよいですか？,0.5720291132042723
おすすめのコースを教えて？,本体の揺れが気になる。,0.5720078724457014
ジェット乾燥って何？,変な音がするのですが。,0.5719917102293299
自動投入機能を使わずに、自分で洗剤を投入したいのですが、設定を教えてください？,ナノイーXの機能は？,0.5719889083128971
乾燥なしで洗濯するには？,洗濯ネットは必要ですか？,0.5719888348096969
洗濯だけする方法を教えて？,ドアが開かない原因は？,0.5719599816397103
衣類を洗うだけで、乾燥工程は行いたくない場合、どのコースを選択すれば良いですか？,すすぎ回数は変えられる？,0.5719484146768233
洗剤や柔軟剤を計る手間を省きたいのですが、自動投入機能はどのように設定して使用するのですか？,毛布の洗濯は可能？,0.5719477899784798
洗濯コースの選択肢が画面に表示されないのですが、これはどういう状況ですか？どのように対処すれば良いですか？,洗濯の所要時間は？,0.5719320063909793
「ふんわりキープ」とはどのような機能ですか？,使用する洗剤のブランドや種類を変更した場合、洗濯機側で何か設定を変更する必要はありますか？,0.5719314475378534
洗濯物の種類や汚れ具合に関わらず、最もおすすめの洗濯コースは何ですか？そのコースではどのような設定が自動で行われますか？,ナノイーXとは何ですか？,0.5719171310763203
ドアが開かない原因は？,変な音がするのですが。,0.5718945831118596
深夜に運転しても大丈夫？,洗濯後に衣類が絡まってしまうことが多いのですが、何か絡まりを防ぐための対処法はありますか？,0.5718840748327831
最適なコースは？,お急ぎコースはありますか？,0.5718550717714332
すすぎや脱水はせずに、衣類を「洗い」の工程だけで済ませたいのですが、そのような設定はできますか？,本体の揺れが気になる。,0.5718518280490289
ジェット乾燥機能は、どのような仕組みで乾燥をするのですか？,脱水時間の調整はできる？,0.5718503899856731
ふんわりキープの目的は？,洗濯コースの選択肢が画面に表示されないのですが、これはどういう状況ですか？どのように対処すれば良いですか？,0.5718432511080658
洗剤を手動で投入できますか？,靴は洗えますか？,0.5718240180009618
ナノイーXとは何ですか？,羽毛布団は洗えますか？,0.5717335679614634
羽毛布団は洗濯できる？,お急ぎコースはありますか？,0.5717137181720358
洗濯機を使い始めるにはどうすればいいですか？　手順を教えて下さい。,洗剤を手動で投入できますか？,0.571693563052569
洗濯だけする方法を教えて？,終了音を消すには？,0.5716827166721705
自宅にいない時でも、スマートフォンなどを使って洗濯機を遠隔で操作し、洗濯を開始することはできますか？,ドラムが動きません,0.5716755157020093
すすぎ回数は変えられる？,この洗濯機で靴を洗うことはできますか？もしできない場合、何か代わりの方法はありますか？,0.5716568798207174
遠隔で洗濯を開始できますか？,洗濯物を保護するために、洗濯ネットを使用する必要はありますか？どのような種類の衣類に推奨されますか？,0.5716254617297145
スニーカーは洗える？,この洗濯機に最適な洗剤や柔軟剤はありますか？メーカーから推奨されている製品があれば教えてください。,0.5715801522877746
洗濯が終わったのにドアがロックされて開かないのですが、これは故障ですか？どのくらい時間が経てば開くようになりますか？,本体が熱い。,0.5715520352077335
ジェット乾燥とは何ですか？,本体が熱くなります,0.5715118537986694
羽毛布団は洗濯できる？,本体がぐらつきます。どうしたら良いですか？,0.5715036169871992
「ふんわりキープ」とはどのような機能ですか？,ドラムが動きません,0.5715027814049364
個別の設定は可能ですか？,予約機能の使い方をおしえて？,0.5714929336319785
乾燥なしで洗濯するには？,夜遅い時間帯に洗濯機を運転しても、近隣に迷惑がかからないように静かに運転できるモードはありますか？,0.5714811503886651
深夜運転は静か？,使用する洗剤のブランドや種類を変更した場合、洗濯機側で何か設定を変更する必要はありますか？,0.5714585939187771
ドラムが動きません,設定を工場出荷時に戻せる？,0.5714398527006213
洗濯機本体が不安定で揺れるのですが、どうすれば改善できますか？設置状況を確認する必要がありますか？,最大容量は？,0.571423222316126
使用する洗剤のブランドや種類を変更した場合、洗濯機側で何か設定を変更する必要はありますか？,誤った設定をしてしまったので、洗濯機の設定をすべて初期状態に戻したいのですが、その方法を教えてください。,0.5714125453104082
衣類を洗うだけで、乾燥工程は行いたくない場合、どのコースを選択すれば良いですか？,洗濯の所要時間は？,0.5714077928500068
ふんわりキープとは何ですか？,一時停止したらドアは開く？,0.5714068282037673
すすぎ回数は変えられる？,洗濯物に白い粉が残っています。　どうしたらよいですか？,0.5714033830699528
洗濯の始め方は？,排水エラーが出た。,0.5713978946700773
洗濯が終わったのにドアがロックされて開かないのですが、これは故障ですか？どのくらい時間が経てば開くようになりますか？,深夜運転は静か？,0.5713938006076975
おしゃれ着は洗える？,水が出ないエラーが出た。,0.5713802819130764
再洗はできる？,一時停止したらドアは開く？,0.5713689821602336
洗濯ネットは使うべき？,深夜運転は静か？,0.5713549994767291
自動投入機能を使わずに、自分で洗剤を投入したいのですが、設定を教えてください？,靴は洗えますか？,0.5713544773414952
ジェット乾燥って何？,洗濯物を保護するために、洗濯ネットを使用する必要はありますか？どのような種類の衣類に推奨されますか？,0.5713508054607237
おしゃれ着コースはありますか？,洗濯と乾燥の最大容量は？,0.5712974963892116
洗剤の種類で設定変更は必要？,白い粉が残るのですが。,0.5712822105137023
羽毛布団は洗濯できる？,深夜運転は静か？,0.5712561223843222
変な音がするのですが。,使用する洗剤のブランドや種類を変更した場合、洗濯機側で何か設定を変更する必要はありますか？,0.5712500013484606
本体がぐらつきます。どうしたら良いですか？,予約の仕方は？,0.5712090957189425
ドアが開かない原因は？,洗濯後に衣類が絡まってしまうことが多いのですが、何か絡まりを防ぐための対処法はありますか？,0.5711896422140483
洗濯だけする方法を教えて？,洗濯後、衣類に白い粉状のものが付着しているのですが、何が原因ですか？どのように対処すれば改善されますか？,0.5711748334993952
特に汚れがひどい洗濯物なので、2回続けて洗いたいのですが、そのような設定は可能ですか？,洗濯後、衣類に白い粉状のものが付着しているのですが、何が原因ですか？どのように対処すれば改善されますか？,0.5711616581585832
おすすめのコースを教えて？,洗濯はせず、衣類を乾燥させる機能だけを使いたいのですが、どのように操作すれば良いですか？,0.5710970696849269
スチーム機能は何に使うの？,排水エラーが出た。,0.5710790672495548
洗濯物の種類によって脱水時間を調整したいのですが、何分まで設定できますか？,予約の仕方は？,0.57105616678853
すすぎや脱水はせずに、衣類を「洗い」の工程だけで済ませたいのですが、そのような設定はできますか？,終了音を消すには？,0.5710411148449981
ナノイーXとは何ですか？,洗濯と乾燥の最大容量は？,0.5710390710161042
変な音がするのですが。,一般的な洗濯コースを選んだ場合、洗濯が完了するまでにおよそ何分くらいかかりますか？,0.5710230930767228
おすすめのコースを教えて？,洗濯を一時停止した際、追加の衣類を入れるためにドアを開けることは可能ですか？その条件は何ですか？,0.571001885801983
おしゃれ着コースはありますか？,この洗濯機で一度に洗濯できる衣類の最大量と、乾燥できる衣類の最大量はそれぞれ何キログラムですか？,0.5709681240595541
洗濯物に白い粉が残っています。　どうしたらよいですか？,最大容量は？,0.5709653593777732
洗濯の始め方は？,再洗はできる？,0.5709392747206368
洗いのみは可能？,洗濯機が排水できないというエラーメッセージが表示されたのですが、原因は何でしょうか？自分で解決できる方法はありますか？,0.5709184460264551
夜遅い時間帯に洗濯機を運転しても、近隣に迷惑がかからないように静かに運転できるモードはありますか？,洗濯後、衣類に白い粉状のものが付着しているのですが、何が原因ですか？どのように対処すれば改善されますか？,0.5708965772465036
ジェット乾燥機能は、どのような仕組みで乾燥をするのですか？,自宅の洗濯機で毛布を洗うことはできますか？もし洗える場合、何か特別な条件やコースがありますか？,0.5708921818997751
洗濯が終わったのにドアがロックされて開かないのですが、これは故障ですか？どのくらい時間が経てば開くようになりますか？,洗濯機が排水できないというエラーメッセージが表示されたのですが、原因は何でしょうか？自分で解決できる方法はありますか？,0.5708784131936651
スニーカーは洗える？,水漏れしています。どうしたらよいですか？,0.5708546568026229
すすぎの設定を変更することは可能ですか？,靴は洗えますか？,0.5708362232832358
チャイルドロックはどこで設定する？,洗剤や柔軟剤を計る手間を省きたいのですが、自動投入機能はどのように設定して使用するのですか？,0.5708347749089098
一時停止したらドアは開く？,予約の仕方は？,0.5707916296037394
ジェット乾燥機能は、どのような仕組みで乾燥をするのですか？,洗濯の所要時間は？,0.5707647687113557
水が出ないエラーが出た。,ドラムが回らない。,0.5707498523671595
洗濯の途中で一時停止できますか？,急いで洗濯したい時は？,0.5706502909745773
羽毛布団は洗濯できる？,洗濯物が絡まります。どうしたらよいですか？,0.5706386094732532
洗剤や柔軟剤を計る手間を省きたいのですが、自動投入機能はどのように設定して使用するのですか？,洗濯ネットは使うべき？,0.570631982687058
おしゃれ着は洗える？,ドアが閉まらない時は？,0.5706262668860497
洗濯の途中で一時停止できますか？,一時停止したらドアは開く？,0.5706072833482627
すすぎ回数は変えられる？,洗濯を開始しようとしてもドラムが回転しないのですが、何が原因として考えられますか？安全装置が作動している可能性はありますか？,0.570588019071784
洗濯中に急な用事ができた場合、途中で運転を一時停止させることはできますか？その操作方法を教えてください。,コースが表示されない。,0.5705470362610557
ジェット乾燥って何？,設定を工場出荷時に戻せる？,0.5705222822905662
ジェット乾燥とは何ですか？,異音がします。どうしたらよいですか？,0.5705043254090612
洗濯ネットは必要ですか？,毛布の洗濯は可能？,0.5704891499137424
洗濯機のドアが最後まで閉まらないのですが、何を確認すれば良いですか？,水が出ないエラーが出た。,0.5704496020546155
ドアが開かない原因は？,洗濯時間は何分ですか？,0.5704131604906982
ジェット乾燥機能は、どのような仕組みで乾燥をするのですか？,靴は洗えますか？,0.5704113283369215
羽毛布団を洗濯機で洗いたいのですが、対応していますか？また、洗う際の注意点があれば教えてください。,深夜運転は静か？,0.5703916872588317
乾燥なしで洗濯するには？,ドアが閉まらない時は？,0.5703916032008947
洗濯はせず、衣類を乾燥させる機能だけを使いたいのですが、どのように操作すれば良いですか？,洗濯機に水が供給されないというエラーが表示されたのですが、どのような原因が考えられますか？自分でできる確認事項はありますか？,0.5703212771511796
変な音がするのですが。,コースが表示されない。,0.57031631473219
洗濯物の絡まりを防ぐには？,水漏れの原因は？,0.5703156383089777
手動で個別に設定する事は可能ですか？,羽毛布団は洗えますか？,0.5703094615961464
洗濯ネットは使うべき？,深夜に運転しても大丈夫？,0.5703056819092451
洗濯物の絡まりを防ぐには？,洗濯の所要時間は？,0.5702998282462106
洗剤を手動で投入できますか？,コースが表示されない。,0.5702462801473556
自動投入機能の使い方を教えて？,ドアが開かない原因は？,0.5702103134264027
洗濯を一時停止した際、追加の衣類を入れるためにドアを開けることは可能ですか？その条件は何ですか？,予約機能の使い方をおしえて？,0.5702074776708749
一時停止中にドアは開きますか？,コースが表示されない。,0.5701842324025844
毛布は洗えますか？,洗濯と乾燥の最大容量は？,0.5701725977020375
すすぎの設定を変更することは可能ですか？,洗濯コースの選択肢が画面に表示されないのですが、これはどういう状況ですか？どのように対処すれば良いですか？,0.5701698843711999
手動で個別に設定する事は可能ですか？,洗濯機のドアが最後まで閉まらないのですが、何を確認すれば良いですか？,0.5701578914222841
子供が誤って操作しないように、チャイルドロックを設定したいのですが、その方法と解除方法を教えてください。,羽毛布団を洗濯機で洗いたいのですが、対応していますか？また、洗う際の注意点があれば教えてください。,0.5701325763890224
洗濯ネットは使うべき？,水漏れしています。どうしたらよいですか？,0.570096350350637
チャイルドロックはどこで設定する？,靴は洗えますか？,0.5700717305226568
洗濯コースの選択肢が画面に表示されないのですが、これはどういう状況ですか？どのように対処すれば良いですか？,おすすめの洗剤・柔軟剤はありますか？,0.5700602116831885
スチーム機能の使い方を教えて？,洗濯を開始しようとしてもドラムが回転しないのですが、何が原因として考えられますか？安全装置が作動している可能性はありますか？,0.5700279080007595
再洗はできる？,コースが表示されないのですが,0.5700189874621797
洗濯機本体が不安定で揺れるのですが、どうすれば改善できますか？設置状況を確認する必要がありますか？,本体が熱くなります,0.5700035990264953
手動で個別に設定する事は可能ですか？,洗濯機の下から水が漏れているのですが、どのような原因が考えられますか？自分で確認できる対処法はありますか？,0.5699904563526568
洗濯機を使い始めるにはどうすればいいですか？　手順を教えて下さい。,ジェット乾燥とは何ですか？,0.5699639814745382
スチーム機能は何に使うの？,洗剤の種類によって設定は変わりますか？,0.5699560534383343
洗濯機が排水できないというエラーメッセージが表示されたのですが、原因は何でしょうか？自分で解決できる方法はありますか？,洗濯の開始時刻を事前に設定しておきたいのですが、予約機能はどのように使えば良いですか？,0.569950421654787
2度洗いは出来ますか？,予約機能の使い方をおしえて？,0.5699334877752711
洗濯を一時停止した際、追加の衣類を入れるためにドアを開けることは可能ですか？その条件は何ですか？,「排水できない」エラーが出ます,0.569926013082923
洗剤の種類で設定変更は必要？,設定の初期化はできますか？,0.5699106687999299
洗剤の種類によって設定は変わりますか？,洗濯時間は何分ですか？,0.569896772473351
洗濯物の種類や汚れ具合に関わらず、最もおすすめの洗濯コースは何ですか？そのコースではどのような設定が自動で行われますか？,おしゃれ着コースはありますか？,0.569893472857533
ナノイーXの機能は？,この洗濯機で一度に洗濯できる衣類の最大量と、乾燥できる衣類の最大量はそれぞれ何キログラムですか？,0.5698660111525737
2度洗いは出来ますか？,「水が出ない」エラーが出ます,0.5698656926068979
ナノイーXの機能は？,本体の揺れが気になる。,0.5698644170802176
夜遅い時間帯に洗濯機を運転しても、近隣に迷惑がかからないように静かに運転できるモードはありますか？,洗濯機に水が供給されないというエラーが表示されたのですが、どのような原因が考えられますか？自分でできる確認事項はありますか？,0.5698637216017879
洗濯物が絡まります。どうしたらよいですか？,洗濯中に通常とは異なる音がするのですが、どのような原因が考えられますか？自分で確認できることはありますか？,0.5698452397334408
洗濯機を使い始めるにはどうすればいいですか？　手順を教えて下さい。,ドラムが回らない。,0.5698387849888911
ふんわりキープの目的は？,洗濯が終わったのにドアがロックされて開かないのですが、これは故障ですか？どのくらい時間が経てば開くようになりますか？,0.5698252220210602
「水が出ない」エラーが出ます,コースが表示されないのですが,0.5698090834114126
自動投入機能を使わずに、自分で洗剤を投入したいのですが、設定を教えてください？,洗濯のすすぎ回数を自分の希望に合わせて変更したいのですが、何回から何回まで選べますか？,0.5697323494599547
特に汚れがひどい洗濯物なので、2回続けて洗いたいのですが、そのような設定は可能ですか？,水漏れしています。どうしたらよいですか？,0.5697252300105947
2度洗いは出来ますか？,推奨の洗剤・柔軟剤は？,0.569724512386619
すすぎの設定を変更することは可能ですか？,おしゃれ着コースはありますか？,0.5697091093842235
洗いのみは可能？,使用する洗剤のブランドや種類を変更した場合、洗濯機側で何か設定を変更する必要はありますか？,0.5696900875376838
最適なコースは？,省エネモードはありますか？,0.5696855817253859
遠隔で洗濯を開始できますか？,洗濯後、衣類に白い粉状のものが付着しているのですが、何が原因ですか？どのように対処すれば改善されますか？,0.5696780828174213
乾燥なしで洗濯するには？,洗濯物の絡まりを防ぐには？,0.5696764294251451
羽毛布団を洗濯機で洗いたいのですが、対応していますか？また、洗う際の注意点があれば教えてください。,本体がぐらつきます。どうしたら良いですか？,0.5696671593443917
個別の設定は可能ですか？,本体がぐらつきます。どうしたら良いですか？,0.5696411966910522
手動で個別に設定する事は可能ですか？,洗濯を一時停止した際、追加の衣類を入れるためにドアを開けることは可能ですか？その条件は何ですか？,0.569634145747619
自動投入機能の使い方を教えて？,深夜に運転しても大丈夫？,0.5696137424084851
自宅にいない時でも、スマートフォンなどを使って洗濯機を遠隔で操作し、洗濯を開始することはできますか？,ドラムが回らない。,0.5696037437225929
洗濯機を使い始めるにはどうすればいいですか？　手順を教えて下さい。,すすぎ回数は変えられる？,0.5695653058806112
羽毛布団は洗濯できる？,一般的な洗濯コースを選んだ場合、洗濯が完了するまでにおよそ何分くらいかかりますか？,0.5695401258523141
洗濯のすすぎ回数を自分の希望に合わせて変更したいのですが、何回から何回まで選べますか？,終了音を消すには？,0.5695202410452129
すすぎ回数は変えられる？,この洗濯機で一度に洗濯できる衣類の最大量と、乾燥できる衣類の最大量はそれぞれ何キログラムですか？,0.5695152793813684
ふんわりキープとは何ですか？,洗濯機本体に触れると熱いのですが、これは異常ですか？特に乾燥運転中に熱くなることはありますか？,0.5694820727036395
洗濯の各工程（洗い、すすぎ、脱水、乾燥）について、自分の好みに合わせて時間を設定したり、回数を変更したりすることはできますか？,白い粉が残るのですが。,0.569475159425646
洗濯の始め方は？,ジェット乾燥とは何ですか？,0.5694592095137254
洗濯をスタートする方法を教えて？,ジェット乾燥って何？,0.5694571239715278
洗濯の開始時刻を事前に設定しておきたいのですが、予約機能はどのように使えば良いですか？,この洗濯機で一度に洗濯できる衣類の最大量と、乾燥できる衣類の最大量はそれぞれ何キログラムですか？,0.5694521401630774
洗濯後に衣類が絡まってしまうことが多いのですが、何か絡まりを防ぐための対処法はありますか？,洗濯中に通常とは異なる音がするのですが、どのような原因が考えられますか？自分で確認できることはありますか？,0.5693931820086418
ジェット乾燥とは何ですか？,洗濯が終わったのにドアがロックされて開かないのですが、これは故障ですか？どのくらい時間が経てば開くようになりますか？,0.5693625432379377
この洗濯機で靴を洗うことはできますか？もしできない場合、何か代わりの方法はありますか？,水漏れの原因は？,0.5693195459053865
ドラムが回らない。,誤った設定をしてしまったので、洗濯機の設定をすべて初期状態に戻したいのですが、その方法を教えてください。,0.5693145944269109
「洗い」だけ行いたいのですが,羽毛布団を洗濯機で洗いたいのですが、対応していますか？また、洗う際の注意点があれば教えてください。,0.5693049389688032
深夜に運転しても大丈夫？,スニーカーは洗える？,0.5692922782348351
洗いのみは可能？,コースが表示されない。,0.5692321130154736
子供が誤って操作しないように、チャイルドロックを設定したいのですが、その方法と解除方法を教えてください。,夜遅い時間帯に洗濯機を運転しても、近隣に迷惑がかからないように静かに運転できるモードはありますか？,0.5692279559373614
スチーム機能は何に使うの？,洗濯ネットは使うべき？,0.5692270555204673
自動投入機能の使い方を教えて？,最大容量は？,0.5692211773177911
スチーム機能は何に使うの？,この洗濯機で靴を洗うことはできますか？もしできない場合、何か代わりの方法はありますか？,0.5691992016225016
ふんわりキープとは何ですか？,水漏れの原因は？,0.5691895744171387
ジェット乾燥機能は、どのような仕組みで乾燥をするのですか？,コースが表示されない。,0.5691675801289907
2度洗いは出来ますか？,おしゃれ着は洗える？,0.569147025209842
おしゃれ着コースはありますか？,洗濯コースの選択肢が画面に表示されないのですが、これはどういう状況ですか？どのように対処すれば良いですか？,0.5691436613468069
チャイルドロックはどこで設定する？,自動投入機能の使い方を教えて？,0.5691339615894485
おすすめのコースを教えて？,お急ぎコースはありますか？,0.5691303426519209
個別の設定は可能ですか？,異音がします。どうしたらよいですか？,0.5691233437267695
2度洗いは出来ますか？,深夜に運転しても大丈夫？,0.5691225314226258
特に汚れがひどい洗濯物なので、2回続けて洗いたいのですが、そのような設定は可能ですか？,急いで洗濯したい時は？,0.5691187635972258
コースが表示されない。,洗濯の所要時間は？,0.5691135070323816
洗濯を一時停止した際、追加の衣類を入れるためにドアを開けることは可能ですか？その条件は何ですか？,自宅の洗濯機で毛布を洗うことはできますか？もし洗える場合、何か特別な条件やコースがありますか？,0.5690888475057865
ドアが閉まらない時は？,本体が熱くなります,0.5690693021594169
一時停止したらドアは開く？,深夜運転は静か？,0.56906090607977
スチーム機能は何に使うの？,コースが表示されないのですが,0.5690444625513893
洗濯後に衣類が絡まってしまうことが多いのですが、何か絡まりを防ぐための対処法はありますか？,洗濯の所要時間は？,0.5689904859203873
チャイルドロックの設定をしたい,ジェット乾燥とは何ですか？,0.5689795550846549
洗濯機本体が不安定で揺れるのですが、どうすれば改善できますか？設置状況を確認する必要がありますか？,洗濯時間は何分ですか？,0.5689524742802068
子供が誤って操作しないように、チャイルドロックを設定したいのですが、その方法と解除方法を教えてください。,洗いのみは可能？,0.5689487291869602
チャイルドロックの設定をしたい,ジェット乾燥機能は、どのような仕組みで乾燥をするのですか？,0.5689022700767901
特に汚れがひどい洗濯物なので、2回続けて洗いたいのですが、そのような設定は可能ですか？,遠隔で洗濯を開始できますか？,0.5688797126934738
個別の設定は可能ですか？,「わが家流」設定って何？,0.5688770208343449
毛布の洗濯は可能？,ドアが閉まらない時は？,0.5688722150339168
乾燥のみの運転は可能ですか？,洗濯終了時のお知らせ音を鳴らさないようにしたいのですが、その設定はどこで変更できますか？,0.5688456610941237
乾燥のみの運転は可能ですか？,設定の初期化はできますか？,0.5688454664117318
衣類を洗うだけで、乾燥工程は行いたくない場合、どのコースを選択すれば良いですか？,スチーム機能は何に使うの？,0.5688438461628007
本体が熱い。,おすすめの洗剤・柔軟剤はありますか？,0.5688203960408729
洗濯が終わったのにドアがロックされて開かないのですが、これは故障ですか？どのくらい時間が経てば開くようになりますか？,デリケートな衣類やおしゃれ着を優しく洗うための専用コースはありますか？,0.5688147026624978
洗濯の各工程（洗い、すすぎ、脱水、乾燥）について、自分の好みに合わせて時間を設定したり、回数を変更したりすることはできますか？,洗濯中に通常とは異なる音がするのですが、どのような原因が考えられますか？自分で確認できることはありますか？,0.5688015630781269
最適なコースは？,ナノイーXの機能は？,0.5687953063258842
羽毛布団は洗えますか？,洗濯時間は何分ですか？,0.5687692337378453
特に汚れがひどい洗濯物なので、2回続けて洗いたいのですが、そのような設定は可能ですか？,深夜運転は静か？,0.568765096031746
チャイルドロックはどこで設定する？,ドラムが回らない。,0.568761729824375
洗濯物に白い粉が残っています。　どうしたらよいですか？,この洗濯機で靴を洗うことはできますか？もしできない場合、何か代わりの方法はありますか？,0.5687557232149909
洗剤の種類で設定変更は必要？,ドラムが動きません,0.5687380395205083
洗剤の種類で設定変更は必要？,本体がぐらつきます。どうしたら良いですか？,0.5687312387525947
特に汚れがひどい洗濯物なので、2回続けて洗いたいのですが、そのような設定は可能ですか？,洗濯機本体に触れると熱いのですが、これは異常ですか？特に乾燥運転中に熱くなることはありますか？,0.5687144664427627
自動投入機能の使い方を教えて？,洗濯と乾燥の最大容量は？,0.5686979865748419
洗濯ネットは使うべき？,毛布の洗濯は可能？,0.5686905209007407
洗剤の種類によって設定は変わりますか？,白い粉が残るのですが。,0.568686960312119
乾燥なしで洗濯するには？,洗濯ネットは使うべき？,0.5686845041902593
ドアが閉まらない時は？,洗濯の所要時間は？,0.5686352193052056
衣類のしわを伸ばしたり、気になるにおいを取り除いたりしたいのですが、スチーム機能はどのように使えば良いですか？,洗濯機のドアが最後まで閉まらないのですが、何を確認すれば良いですか？,0.568632611872063
スチーム機能の使い方を教えて？,自宅の洗濯機で毛布を洗うことはできますか？もし洗える場合、何か特別な条件やコースがありますか？,0.5685477700893908
個別の設定は可能ですか？,洗濯機のドアが最後まで閉まらないのですが、何を確認すれば良いですか？,0.5685124336534402
再洗はできる？,使用する洗剤のブランドや種類を変更した場合、洗濯機側で何か設定を変更する必要はありますか？,0.568497220496137
運転終了時にアラームを鳴らさないようにできますか？,ドアが完全に閉まりません,0.5684612677656429
ふんわりキープとは何ですか？,夜遅い時間帯に洗濯機を運転しても、近隣に迷惑がかからないように静かに運転できるモードはありますか？,0.5684565147230538
洗濯機のドアが最後まで閉まらないのですが、何を確認すれば良いですか？,「水が出ない」エラーが出ます,0.5684375425150445
洗濯はせず、衣類を乾燥させる機能だけを使いたいのですが、どのように操作すれば良いですか？,深夜運転は静か？,0.5684200085769648
自動投入機能を使わずに、自分で洗剤を投入したいのですが、設定を教えてください？,おしゃれ着コースはありますか？,0.568394429764961
洗濯終了時のお知らせ音を鳴らさないようにしたいのですが、その設定はどこで変更できますか？,おすすめの洗剤・柔軟剤はありますか？,0.568391105133385
デリケートな衣類やおしゃれ着を優しく洗うための専用コースはありますか？,洗濯機のドアが最後まで閉まらないのですが、何を確認すれば良いですか？,0.5683449317440281
洗濯だけする方法を教えて？,一時停止したらドアは開く？,0.5683379029395568
洗濯物の種類によって脱水時間を調整したいのですが、何分まで設定できますか？,「わが家流」設定って何？,0.5683361294552738
洗剤や柔軟剤を計る手間を省きたいのですが、自動投入機能はどのように設定して使用するのですか？,洗濯機に水が供給されないというエラーが表示されたのですが、どのような原因が考えられますか？自分でできる確認事項はありますか？,0.5683339042680543
洗剤や柔軟剤を計る手間を省きたいのですが、自動投入機能はどのように設定して使用するのですか？,毛布は洗えますか？,0.5683292257827512
洗濯のすすぎ回数を自分の希望に合わせて変更したいのですが、何回から何回まで選べますか？,深夜運転は静か？,0.5682883026115962
乾燥なしで洗濯するには？,ドアが完全に閉まりません,0.568270341726024
自宅の洗濯機で毛布を洗うことはできますか？もし洗える場合、何か特別な条件やコースがありますか？,洗濯機のドアが最後まで閉まらないのですが、何を確認すれば良いですか？,0.5682492968950418
ドアが開かないのですが,毛布の洗濯は可能？,0.5682292654499687
洗濯ネットは必要ですか？,この洗濯機に最適な洗剤や柔軟剤はありますか？メーカーから推奨されている製品があれば教えてください。,0.5682222821083437
洗濯機が排水できないというエラーメッセージが表示されたのですが、原因は何でしょうか？自分で解決できる方法はありますか？,この洗濯機で一度に洗濯できる衣類の最大量と、乾燥できる衣類の最大量はそれぞれ何キログラムですか？,0.5682203395171819
洗濯物を保護するために、洗濯ネットを使用する必要はありますか？どのような種類の衣類に推奨されますか？,洗濯物に白い粉が残っています。　どうしたらよいですか？,0.5682085883761991
終了音を消すには？,おしゃれ着コースはありますか？,0.568204881596865
ドアが開かないのですが,深夜運転は静か？,0.5681769107291501
洗濯中に急な用事ができた場合、途中で運転を一時停止させることはできますか？その操作方法を教えてください。,洗濯機の下から水が漏れているのですが、どのような原因が考えられますか？自分で確認できる対処法はありますか？,0.5680710631335344
毛布の洗濯は可能？,洗濯物に白い粉が残っています。　どうしたらよいですか？,0.5680508075498368
乾燥なしで洗濯するには？,洗濯機本体が不安定で揺れるのですが、どうすれば改善できますか？設置状況を確認する必要がありますか？,0.5680255708681103
洗剤の種類で設定変更は必要？,洗濯と乾燥の最大容量は？,0.5680190592713659
洗濯物の種類によって脱水時間を調整したいのですが、何分まで設定できますか？,時間がない時に、短時間で洗濯を済ませられるようなコースはありますか？,0.567990990744685
洗濯後に衣類が絡まってしまうことが多いのですが、何か絡まりを防ぐための対処法はありますか？,洗濯コースの選択肢が画面に表示されないのですが、これはどういう状況ですか？どのように対処すれば良いですか？,0.5679771437928822
洗濯を一時停止した際、追加の衣類を入れるためにドアを開けることは可能ですか？その条件は何ですか？,コースが表示されない。,0.5679763445258126
洗濯機を使い始めるにはどうすればいいですか？　手順を教えて下さい。,「ふんわりキープ」とはどのような機能ですか？,0.5679716887767361
自動投入機能を使わずに、自分で洗剤を投入したいのですが、設定を教えてください？,洗剤の種類によって設定は変わりますか？,0.5679514212230902
手動で洗剤を入れることはできますか？,羽毛布団は洗えますか？,0.5679258844702907
ドアが開かない原因は？,最大容量は？,0.5679195139077101
乾燥なしで洗濯するには？,変な音がするのですが。,0.5679185190930476
洗濯物を保護するために、洗濯ネットを使用する必要はありますか？どのような種類の衣類に推奨されますか？,深夜に運転しても大丈夫？,0.5679067950457253
ナノイーXの機能は？,外出先から洗濯を開始できますか？,0.5678961124998738
ナノイーXの機能は？,洗濯コースの選択肢が画面に表示されないのですが、これはどういう状況ですか？どのように対処すれば良いですか？,0.5678913328302544
ジェット乾燥機能は、どのような仕組みで乾燥をするのですか？,「わが家流」設定って何？,0.5678856626396406
洗濯機のドアが最後まで閉まらないのですが、何を確認すれば良いですか？,洗濯と乾燥の最大容量は？,0.5678794707324656
洗濯後に衣類が絡まってしまうことが多いのですが、何か絡まりを防ぐための対処法はありますか？,コースが表示されないのですが,0.5678695614637128
おしゃれ着コースはありますか？,洗濯機のドアが最後まで閉まらないのですが、何を確認すれば良いですか？,0.5678453537787567
ふんわりキープの目的は？,最大容量は？,0.5678193983794808
チャイルドロックはどこで設定する？,この洗濯機で一度に洗濯できる衣類の最大量と、乾燥できる衣類の最大量はそれぞれ何キログラムですか？,0.5678167239758313
ふんわりキープの目的は？,洗濯中に通常とは異なる音がするのですが、どのような原因が考えられますか？自分で確認できることはありますか？,0.5678139540098156
デリケートな衣類やおしゃれ着を優しく洗うための専用コースはありますか？,洗濯と乾燥の最大容量は？,0.5678124067656115
洗いのみは可能？,この洗濯機で靴を洗うことはできますか？もしできない場合、何か代わりの方法はありますか？,0.5677285341141378
2度洗いは出来ますか？,排水エラーが出た。,0.5677264472635675
手動で洗剤を入れることはできますか？,ナノイーXの機能は？,0.5677256554974124
洗濯だけする方法を教えて？,水漏れの原因は？,0.5676883888086266
一時停止中にドアは開きますか？,予約の仕方は？,0.5676771167723815
洗濯時間は何分ですか？,推奨の洗剤・柔軟剤は？,0.5676761752568589
洗剤の種類によって設定は変わりますか？,ドラムが動きません,0.5676524085073448
毛布の洗濯は可能？,洗濯と乾燥の最大容量は？,0.5676317334932042
「排水できない」エラーが出ます,コースが表示されないのですが,0.5676233905861057
ジェット乾燥とは何ですか？,洗濯中に通常とは異なる音がするのですが、どのような原因が考えられますか？自分で確認できることはありますか？,0.5676185720872735
チャイルドロックはどこで設定する？,ドラムが動きません,0.5675952045459588
すすぎや脱水はせずに、衣類を「洗い」の工程だけで済ませたいのですが、そのような設定はできますか？,この洗濯機で靴を洗うことはできますか？もしできない場合、何か代わりの方法はありますか？,0.5675828665681206
時間がない時に、短時間で洗濯を済ませられるようなコースはありますか？,ドアが完全に閉まりません,0.5675677813438296
使用する洗剤のブランドや種類を変更した場合、洗濯機側で何か設定を変更する必要はありますか？,洗濯機に水が供給されないというエラーが表示されたのですが、どのような原因が考えられますか？自分でできる確認事項はありますか？,0.5675376719632843
洗濯物の絡まりを防ぐには？,水漏れしています。どうしたらよいですか？,0.567488861441666
子供が誤って操作しないように、チャイルドロックを設定したいのですが、その方法と解除方法を教えてください。,自宅にいない時でも、スマートフォンなどを使って洗濯機を遠隔で操作し、洗濯を開始することはできますか？,0.5674292140614088
洗濯だけする方法を教えて？,本体がぐらつきます。どうしたら良いですか？,0.5674254225350843
ドアが開かないのですが,排水エラーが出た。,0.5674171090762827
自動投入機能の使い方を教えて？,洗濯後、衣類に白い粉状のものが付着しているのですが、何が原因ですか？どのように対処すれば改善されますか？,0.5673960970715081
乾燥だけで使用出来ますか？,衣類のしわを伸ばしたり、気になるにおいを取り除いたりしたいのですが、スチーム機能はどのように使えば良いですか？,0.5673907029873944
自動投入機能を使わずに、自分で洗剤を投入したいのですが、設定を教えてください？,使用する洗剤のブランドや種類を変更した場合、洗濯機側で何か設定を変更する必要はありますか？,0.5673739877678098
再洗はできる？,羽毛布団は洗えますか？,0.56732253949906
一時停止したらドアは開く？,洗濯後に衣類が絡まってしまうことが多いのですが、何か絡まりを防ぐための対処法はありますか？,0.5673015917294675
ナノイーX機能について詳しく教えてください。どのような効果があり、どのコースで利用できますか？,「排水できない」エラーが出ます,0.5672842573167531
衣類を洗うだけで、乾燥工程は行いたくない場合、どのコースを選択すれば良いですか？,夜遅い時間帯に洗濯機を運転しても、近隣に迷惑がかからないように静かに運転できるモードはありますか？,0.5672017934078781
洗濯物の種類や汚れ具合に関わらず、最もおすすめの洗濯コースは何ですか？そのコースではどのような設定が自動で行われますか？,デリケートな衣類やおしゃれ着を優しく洗うための専用コースはありますか？,0.5672004551947931
毛布の洗濯は可能？,水漏れの原因は？,0.5671360849228342
洗剤や柔軟剤を計る手間を省きたいのですが、自動投入機能はどのように設定して使用するのですか？,スチーム機能の使い方を教えて？,0.5671221565586587
自動投入機能はどう使うの？,最大容量は？,0.5671147142441875
洗濯の始め方は？,ふんわりキープの目的は？,0.5671142483571585
子供が誤って操作しないように、チャイルドロックを設定したいのですが、その方法と解除方法を教えてください。,コースが表示されない。,0.567104076631529
衣類を洗うだけで、乾燥工程は行いたくない場合、どのコースを選択すれば良いですか？,ドアが開かないのですが,0.5670897446981487
すすぎの設定を変更することは可能ですか？,洗濯物を保護するために、洗濯ネットを使用する必要はありますか？どのような種類の衣類に推奨されますか？,0.5670796889141998
ドアが開かない原因は？,洗濯の所要時間は？,0.5670586842254275
スチーム機能の使い方を教えて？,すすぎ回数は変えられる？,0.5670185632601459
急いで洗濯したい時は？,本体の揺れが気になる。,0.5670161291829758
自宅の洗濯機で毛布を洗うことはできますか？もし洗える場合、何か特別な条件やコースがありますか？,時間がない時に、短時間で洗濯を済ませられるようなコースはありますか？,0.567012578881983
洗濯と乾燥の最大容量は？,推奨の洗剤・柔軟剤は？,0.566982012644468
洗濯コースの選択肢が画面に表示されないのですが、これはどういう状況ですか？どのように対処すれば良いですか？,最大容量は？,0.5669115572854557
排水エラーが出た。,予約機能の使い方をおしえて？,0.5668944316859703
深夜に運転しても大丈夫？,おしゃれ着コースはありますか？,0.5668342944105911
ジェット乾燥って何？,靴は洗えますか？,0.5668226299136809
「ふんわりキープ」とはどのような機能ですか？,ドアが開かない原因は？,0.5668203208721936
自動投入機能はどう使うの？,洗濯と乾燥の最大容量は？,0.5668049246659064
洗濯ネットは使うべき？,洗剤の種類によって設定は変わりますか？,0.5667863281541348
すすぎ回数は変えられる？,スニーカーは洗える？,0.5667796091980934
すすぎや脱水はせずに、衣類を「洗い」の工程だけで済ませたいのですが、そのような設定はできますか？,洗濯中に通常とは異なる音がするのですが、どのような原因が考えられますか？自分で確認できることはありますか？,0.5667524527640957
一時停止したらドアは開く？,予約機能の使い方をおしえて？,0.5667405937472967
ドアが閉まらない時は？,本体の揺れが気になる。,0.5666984867509793
ドアが開かない原因は？,洗濯コースの選択肢が画面に表示されないのですが、これはどういう状況ですか？どのように対処すれば良いですか？,0.5666859667108916
ジェット乾燥とは何ですか？,コースが表示されない。,0.5666788302240371
洗剤や柔軟剤を計る手間を省きたいのですが、自動投入機能はどのように設定して使用するのですか？,脱水時間の調整はできる？,0.5666648982350129
洗濯物を保護するために、洗濯ネットを使用する必要はありますか？どのような種類の衣類に推奨されますか？,洗濯中に通常とは異なる音がするのですが、どのような原因が考えられますか？自分で確認できることはありますか？,0.5666319156410169
時間がない時に、短時間で洗濯を済ませられるようなコースはありますか？,推奨の洗剤・柔軟剤は？,0.566625509680976
すすぎ回数は変えられる？,変な音がするのですが。,0.5666095507979192
使用する洗剤のブランドや種類を変更した場合、洗濯機側で何か設定を変更する必要はありますか？,時間がない時に、短時間で洗濯を済ませられるようなコースはありますか？,0.5665954116998724
ジェット乾燥とは何ですか？,「わが家流」設定って何？,0.5665603174499716
洗いのみは可能？,コースが表示されないのですが,0.5665521702843999
洗濯はせず、衣類を乾燥させる機能だけを使いたいのですが、どのように操作すれば良いですか？,お急ぎコースはありますか？,0.5665422061168879
衣類のしわを伸ばしたり、気になるにおいを取り除いたりしたいのですが、スチーム機能はどのように使えば良いですか？,時間がない時に、短時間で洗濯を済ませられるようなコースはありますか？,0.5665356663259208
お急ぎコースはありますか？,洗濯の開始時刻を事前に設定しておきたいのですが、予約機能はどのように使えば良いですか？,0.566528579331997
遠隔で洗濯を開始できますか？,最大容量は？,0.5664996515306024
チャイルドロックはどこで設定する？,洗濯機本体が不安定で揺れるのですが、どうすれば改善できますか？設置状況を確認する必要がありますか？,0.5664830761168287
羽毛布団は洗えますか？,白い粉が残るのですが。,0.5664827256766922
洗剤を手動で投入できますか？,洗濯の開始時刻を事前に設定しておきたいのですが、予約機能はどのように使えば良いですか？,0.5664727810309259
ふんわりキープとは何ですか？,洗濯機に水が供給されないというエラーが表示されたのですが、どのような原因が考えられますか？自分でできる確認事項はありますか？,0.5664509981941972
子供が誤って操作しないように、チャイルドロックを設定したいのですが、その方法と解除方法を教えてください。,深夜運転は静か？,0.5664218393440222
ジェット乾燥機能は、どのような仕組みで乾燥をするのですか？,最大容量は？,0.5664100729053735
本体の揺れが気になる。,洗濯の開始時刻を事前に設定しておきたいのですが、予約機能はどのように使えば良いですか？,0.5663932487268678
ナノイーXの機能は？,最大容量は？,0.566389989893521
洗濯後に衣類が絡まってしまうことが多いのですが、何か絡まりを防ぐための対処法はありますか？,洗濯機に水が供給されないというエラーが表示されたのですが、どのような原因が考えられますか？自分でできる確認事項はありますか？,0.5663813009144183
手動で個別に設定する事は可能ですか？,終了音を消すには？,0.5663572176174296
水漏れしています。どうしたらよいですか？,おすすめの洗剤・柔軟剤はありますか？,0.5663362899506836
羽毛布団は洗えますか？,本体の揺れが気になる。,0.5663259043198935
ナノイーXとは何ですか？,使用する洗剤のブランドや種類を変更した場合、洗濯機側で何か設定を変更する必要はありますか？,0.5663045054602391
終了音を消すには？,使用する洗剤のブランドや種類を変更した場合、洗濯機側で何か設定を変更する必要はありますか？,0.566285073765322
毛布は洗えますか？,お急ぎコースはありますか？,0.566241351680084
洗剤や柔軟剤を計る手間を省きたいのですが、自動投入機能はどのように設定して使用するのですか？,洗濯物に白い粉が残っています。　どうしたらよいですか？,0.5662237126432018
手動で個別に設定する事は可能ですか？,ジェット乾燥機能は、どのような仕組みで乾燥をするのですか？,0.5662231171358755
夜遅い時間帯に洗濯機を運転しても、近隣に迷惑がかからないように静かに運転できるモードはありますか？,洗濯を開始しようとしてもドラムが回転しないのですが、何が原因として考えられますか？安全装置が作動している可能性はありますか？,0.5661889170269874
変な音がするのですが。,洗濯時間は何分ですか？,0.566175718760348
夜遅い時間帯に洗濯機を運転しても、近隣に迷惑がかからないように静かに運転できるモードはありますか？,洗濯物の絡まりを防ぐには？,0.5661608664109299
ナノイーX機能について詳しく教えてください。どのような効果があり、どのコースで利用できますか？,時間がない時に、短時間で洗濯を済ませられるようなコースはありますか？,0.5661450827748926
乾燥だけで使用出来ますか？,運転終了時にアラームを鳴らさないようにできますか？,0.5661414594361838
衣類のしわを伸ばしたり、気になるにおいを取り除いたりしたいのですが、スチーム機能はどのように使えば良いですか？,洗剤の種類で設定変更は必要？,0.5661361326350649
お急ぎコースはありますか？,おすすめの洗剤・柔軟剤はありますか？,0.5661081770607341
洗剤や柔軟剤を計る手間を省きたいのですが、自動投入機能はどのように設定して使用するのですか？,デリケートな衣類やおしゃれ着を優しく洗うための専用コースはありますか？,0.5660897972294223
すすぎ回数は変えられる？,洗濯コースの選択肢が画面に表示されないのですが、これはどういう状況ですか？どのように対処すれば良いですか？,0.5660850386231333
洗いのみは可能？,洗濯を一時停止した際、追加の衣類を入れるためにドアを開けることは可能ですか？その条件は何ですか？,0.5660841044471941
靴は洗えますか？,洗濯機が排水できないというエラーメッセージが表示されたのですが、原因は何でしょうか？自分で解決できる方法はありますか？,0.5660779000857875
運転終了時にアラームを鳴らさないようにできますか？,おしゃれ着コースはありますか？,0.566070819278204
個別の設定は可能ですか？,洗濯中に通常とは異なる音がするのですが、どのような原因が考えられますか？自分で確認できることはありますか？,0.5660528257655247
ジェット乾燥機能は、どのような仕組みで乾燥をするのですか？,ドアが閉まらない時は？,0.5660510730898358
洗濯の始め方は？,ジェット乾燥って何？,0.566045272649076
洗濯の所要時間は？,洗濯機の下から水が漏れているのですが、どのような原因が考えられますか？自分で確認できる対処法はありますか？,0.566028162470289
洗濯物に白い粉が残っています。　どうしたらよいですか？,予約機能の使い方をおしえて？,0.5660112208863515
特に汚れがひどい洗濯物なので、2回続けて洗いたいのですが、そのような設定は可能ですか？,ナノイーX機能について詳しく教えてください。どのような効果があり、どのコースで利用できますか？,0.5660046795212158
洗剤や柔軟剤を計る手間を省きたいのですが、自動投入機能はどのように設定して使用するのですか？,設定の初期化はできますか？,0.5659924086985004
羽毛布団は洗えますか？,洗濯の所要時間は？,0.5659369546287518
洗濯後、衣類に白い粉状のものが付着しているのですが、何が原因ですか？どのように対処すれば改善されますか？,「水が出ない」エラーが出ます,0.5659132009560186
終了音を消すには？,お急ぎコースはありますか？,0.565896491162593
毛布は洗えますか？,洗濯の所要時間は？,0.5658932931618652
子供が誤って操作しないように、チャイルドロックを設定したいのですが、その方法と解除方法を教えてください。,推奨の洗剤・柔軟剤は？,0.5658479767018794
乾燥だけで使用出来ますか？,「排水できない」エラーが出ます,0.5658453292963055
再洗はできる？,洗濯中に急な用事ができた場合、途中で運転を一時停止させることはできますか？その操作方法を教えてください。,0.565832241316562
羽毛布団を洗濯機で洗いたいのですが、対応していますか？また、洗う際の注意点があれば教えてください。,ドラムが回らない。,0.5657541695868001
手動で個別に設定する事は可能ですか？,ふんわりキープの目的は？,0.565748883838016
自動投入機能の使い方を教えて？,異音がします。どうしたらよいですか？,0.5657352935221658
深夜に運転しても大丈夫？,設定の初期化はできますか？,0.5657183803264001
すすぎや脱水はせずに、衣類を「洗い」の工程だけで済ませたいのですが、そのような設定はできますか？,推奨の洗剤・柔軟剤は？,0.565702217562463
チャイルドロックはどこで設定する？,運転終了時にアラームを鳴らさないようにできますか？,0.5656924044898581
特に汚れがひどい洗濯物なので、2回続けて洗いたいのですが、そのような設定は可能ですか？,おすすめの洗剤・柔軟剤はありますか？,0.5656671214693527
再洗はできる？,時間がない時に、短時間で洗濯を済ませられるようなコースはありますか？,0.5656422866337555
スチーム機能は何に使うの？,洗剤の種類で設定変更は必要？,0.5656226671326532
ナノイーX機能について詳しく教えてください。どのような効果があり、どのコースで利用できますか？,洗濯機が排水できないというエラーメッセージが表示されたのですが、原因は何でしょうか？自分で解決できる方法はありますか？,0.565593751101487
乾燥だけで使用出来ますか？,脱水時間の調整はできる？,0.5655753273095374
乾燥のみの運転は可能ですか？,衣類のしわを伸ばしたり、気になるにおいを取り除いたりしたいのですが、スチーム機能はどのように使えば良いですか？,0.5655743686496667
乾燥なしで洗濯するには？,子供が誤って操作しないように、チャイルドロックを設定したいのですが、その方法と解除方法を教えてください。,0.5655411816492264
洗濯中に通常とは異なる音がするのですが、どのような原因が考えられますか？自分で確認できることはありますか？,ドラムが動きません,0.5655261889581952
「洗い」だけ行いたいのですが,推奨の洗剤・柔軟剤は？,0.5655180233411569
最適なコースは？,一時停止したらドアは開く？,0.5655073823833381
洗剤を手動で投入できますか？,羽毛布団を洗濯機で洗いたいのですが、対応していますか？また、洗う際の注意点があれば教えてください。,0.5654527459217228
自動投入機能はどう使うの？,2度洗いは出来ますか？,0.565424645726339
自動投入機能を使わずに、自分で洗剤を投入したいのですが、設定を教えてください？,この洗濯機に最適な洗剤や柔軟剤はありますか？メーカーから推奨されている製品があれば教えてください。,0.5654175547029716
衣類のしわを伸ばしたり、気になるにおいを取り除いたりしたいのですが、スチーム機能はどのように使えば良いですか？,この洗濯機に最適な洗剤や柔軟剤はありますか？メーカーから推奨されている製品があれば教えてください。,0.5654139655579998
洗濯をスタートする方法を教えて？,すすぎ回数は変えられる？,0.5654066254141124
コースが表示されない。,この洗濯機で一度に洗濯できる衣類の最大量と、乾燥できる衣類の最大量はそれぞれ何キログラムですか？,0.5654035732154805
洗濯物の種類によって脱水時間を調整したいのですが、何分まで設定できますか？,ドアが開かない原因は？,0.5653760796516611
衣類のしわを伸ばしたり、気になるにおいを取り除いたりしたいのですが、スチーム機能はどのように使えば良いですか？,羽毛布団は洗濯できる？,0.5653370926160082
衣類のしわを伸ばしたり、気になるにおいを取り除いたりしたいのですが、スチーム機能はどのように使えば良いですか？,この洗濯機で一度に洗濯できる衣類の最大量と、乾燥できる衣類の最大量はそれぞれ何キログラムですか？,0.565327631701347
洗濯の各工程（洗い、すすぎ、脱水、乾燥）について、自分の好みに合わせて時間を設定したり、回数を変更したりすることはできますか？,洗剤の種類によって設定は変わりますか？,0.5652056635434886
洗濯物が絡まります。どうしたらよいですか？,洗濯の開始時刻を事前に設定しておきたいのですが、予約機能はどのように使えば良いですか？,0.5651847339432541
洗濯機を使い始めるにはどうすればいいですか？　手順を教えて下さい。,一般的な洗濯コースを選んだ場合、洗濯が完了するまでにおよそ何分くらいかかりますか？,0.565181928300055
自動投入機能はどう使うの？,洗濯後、衣類に白い粉状のものが付着しているのですが、何が原因ですか？どのように対処すれば改善されますか？,0.5651568022286875
洗いのみは可能？,自宅にいない時でも、スマートフォンなどを使って洗濯機を遠隔で操作し、洗濯を開始することはできますか？,0.5651199494873977
水漏れしています。どうしたらよいですか？,この洗濯機に最適な洗剤や柔軟剤はありますか？メーカーから推奨されている製品があれば教えてください。,0.5650560412914593
遠隔で洗濯を開始できますか？,「排水できない」エラーが出ます,0.5650193376815038
洗いのみは可能？,急いで洗濯したい時は？,0.5650126436722803
洗濯機を使い始めるにはどうすればいいですか？　手順を教えて下さい。,水が出ないエラーが出た。,0.5650120543150443
2度洗いは出来ますか？,一時停止中にドアは開きますか？,0.5649899580422157
洗濯中に一時停止は可能？,洗濯を一時停止した際、追加の衣類を入れるためにドアを開けることは可能ですか？その条件は何ですか？,0.5649693992134553
ジェット乾燥って何？,ドアが完全に閉まりません,0.5649562646899016
ドアが開かないのですが,白い粉が残るのですが。,0.5648960081867864
洗濯のすすぎ回数を自分の希望に合わせて変更したいのですが、何回から何回まで選べますか？,夜遅い時間帯に洗濯機を運転しても、近隣に迷惑がかからないように静かに運転できるモードはありますか？,0.5648798822018438
洗濯機を使い始めるにはどうすればいいですか？　手順を教えて下さい。,洗剤の種類で設定変更は必要？,0.5648592220232937
衣類のしわを伸ばしたり、気になるにおいを取り除いたりしたいのですが、スチーム機能はどのように使えば良いですか？,水漏れしています。どうしたらよいですか？,0.5648530732882215
すすぎの設定を変更することは可能ですか？,洗濯の所要時間は？,0.5648445204338387
洗剤を手動で投入できますか？,羽毛布団は洗濯できる？,0.5648329747258736
毛布の洗濯は可能？,ドアが完全に閉まりません,0.5648205139489664
自動投入機能の使い方を教えて？,使用する洗剤のブランドや種類を変更した場合、洗濯機側で何か設定を変更する必要はありますか？,0.5648031713458928
羽毛布団は洗濯できる？,洗濯の所要時間は？,0.5647977560375341
おすすめのコースを教えて？,「水が出ない」エラーが出ます,0.5647903087009629
遠隔で洗濯を開始できますか？,一時停止中にドアは開きますか？,0.5647688416825181
2度洗いは出来ますか？,ナノイーXとは何ですか？,0.5647656674040459
乾燥なしで洗濯するには？,特に汚れがひどい洗濯物なので、2回続けて洗いたいのですが、そのような設定は可能ですか？,0.5647463345012277
洗剤の種類で設定変更は必要？,水漏れしています。どうしたらよいですか？,0.5647380049355454
ジェット乾燥とは何ですか？,洗濯の所要時間は？,0.5647282396136046
洗濯機を使い始めるにはどうすればいいですか？　手順を教えて下さい。,おすすめのコースを教えて？,0.5647261451622062
2度洗いは出来ますか？,すすぎの設定を変更することは可能ですか？,0.5647226700827233
洗濯の始め方は？,洗濯だけする方法を教えて？,0.5647038877558694
白い粉が残るのですが。,ドラムが動きません,0.5646902811844008
すすぎ回数は変えられる？,洗濯機に水が供給されないというエラーが表示されたのですが、どのような原因が考えられますか？自分でできる確認事項はありますか？,0.5646872443062511
洗濯機を使い始めるにはどうすればいいですか？　手順を教えて下さい。,洗濯後に衣類が絡まってしまうことが多いのですが、何か絡まりを防ぐための対処法はありますか？,0.5646724702248169
遠隔で洗濯を開始できますか？,設定の初期化はできますか？,0.5646236348931154
洗濯時間は何分ですか？,この洗濯機で一度に洗濯できる衣類の最大量と、乾燥できる衣類の最大量はそれぞれ何キログラムですか？,0.5645666336690167
自動投入機能の使い方を教えて？,深夜運転は静か？,0.5645421280148349
自動投入機能を使わずに、自分で洗剤を投入したいのですが、設定を教えてください？,ナノイーX機能について詳しく教えてください。どのような効果があり、どのコースで利用できますか？,0.5645197481512769
ジェット乾燥機能は、どのような仕組みで乾燥をするのですか？,時間がない時に、短時間で洗濯を済ませられるようなコースはありますか？,0.5645162765044991
ジェット乾燥とは何ですか？,おすすめの洗剤・柔軟剤はありますか？,0.564478416421641
洗剤や柔軟剤を計る手間を省きたいのですが、自動投入機能はどのように設定して使用するのですか？,「ふんわりキープ」とはどのような機能ですか？,0.5644507005924644
洗濯の所要時間は？,この洗濯機で一度に洗濯できる衣類の最大量と、乾燥できる衣類の最大量はそれぞれ何キログラムですか？,0.564449787215142
個別の設定は可能ですか？,羽毛布団は洗濯できる？,0.5644483034644692
衣類のしわを伸ばしたり、気になるにおいを取り除いたりしたいのですが、スチーム機能はどのように使えば良いですか？,自宅にいない時でも、スマートフォンなどを使って洗濯機を遠隔で操作し、洗濯を開始することはできますか？,0.5644481360118034
洗剤の種類で設定変更は必要？,誤った設定をしてしまったので、洗濯機の設定をすべて初期状態に戻したいのですが、その方法を教えてください。,0.5644473976865269
スチーム機能は何に使うの？,ナノイーXの機能は？,0.5644279702746138
洗濯中に急な用事ができた場合、途中で運転を一時停止させることはできますか？その操作方法を教えてください。,コースが表示されないのですが,0.5644279246140067
洗濯が終わったのにドアがロックされて開かないのですが、これは故障ですか？どのくらい時間が経てば開くようになりますか？,洗濯ネットは使うべき？,0.5644180752905819
自動投入機能はどう使うの？,ナノイーXの機能は？,0.5644073753825259
手動で洗剤を入れることはできますか？,この洗濯機に最適な洗剤や柔軟剤はありますか？メーカーから推奨されている製品があれば教えてください。,0.5643859928654785
最大容量は？,ドラムが動きません,0.5643721898242968
スチーム機能は何に使うの？,洗濯ネットは必要ですか？,0.5643501400845685
洗濯物を保護するために、洗濯ネットを使用する必要はありますか？どのような種類の衣類に推奨されますか？,靴は洗えますか？,0.564326476739649
洗濯のすすぎ回数を自分の希望に合わせて変更したいのですが、何回から何回まで選べますか？,水漏れの原因は？,0.5643176506295654
自動投入機能はどう使うの？,ドアが開かない原因は？,0.5643152526030041
自動投入機能はどう使うの？,この洗濯機に最適な洗剤や柔軟剤はありますか？メーカーから推奨されている製品があれば教えてください。,0.5643128513625011
洗剤の種類によって設定は変わりますか？,ドラムが回らない。,0.5642980796786541
毛布は洗えますか？,洗濯物が絡まります。どうしたらよいですか？,0.5642516484245705
羽毛布団は洗濯できる？,深夜に運転しても大丈夫？,0.5642190661616378
洗濯時間は何分ですか？,おすすめの洗剤・柔軟剤はありますか？,0.564218814849375
手動で個別に設定する事は可能ですか？,ナノイーXとは何ですか？,0.5641824034898252
靴は洗えますか？,水が出ないエラーが出た。,0.5641812483264905
乾燥なしで洗濯するには？,おすすめの洗剤・柔軟剤はありますか？,0.5641588191492963
自動投入機能を使わずに、自分で洗剤を投入したいのですが、設定を教えてください？,ナノイーXとは何ですか？,0.5641537835234792
おしゃれ着は洗える？,洗濯機のドアが最後まで閉まらないのですが、何を確認すれば良いですか？,0.5641366903170117
一時停止したらドアは開く？,コースが表示されない。,0.5641065886506994
洗濯の始め方は？,羽毛布団は洗えますか？,0.564077254546387
自動投入機能の使い方を教えて？,この洗濯機に最適な洗剤や柔軟剤はありますか？メーカーから推奨されている製品があれば教えてください。,0.564055781748348
ジェット乾燥って何？,時間がない時に、短時間で洗濯を済ませられるようなコースはありますか？,0.564047744494136
「ふんわりキープ」とはどのような機能ですか？,すすぎや脱水はせずに、衣類を「洗い」の工程だけで済ませたいのですが、そのような設定はできますか？,0.5640258460268943
ナノイーX機能について詳しく教えてください。どのような効果があり、どのコースで利用できますか？,羽毛布団は洗えますか？,0.5640217899674637
おすすめのコースを教えて？,予約の仕方は？,0.5640074787542361
毛布は洗えますか？,急いで洗濯したい時は？,0.5640063864984892
手動で洗剤を入れることはできますか？,水漏れの原因は？,0.5639255446939282
急いで洗濯したい時は？,「排水できない」エラーが出ます,0.5638781469489842
洗濯はせず、衣類を乾燥させる機能だけを使いたいのですが、どのように操作すれば良いですか？,洗濯物が絡まります。どうしたらよいですか？,0.563852342361423
ナノイーX機能について詳しく教えてください。どのような効果があり、どのコースで利用できますか？,洗濯が終わったのにドアがロックされて開かないのですが、これは故障ですか？どのくらい時間が経てば開くようになりますか？,0.56382003348979
洗濯物の種類や汚れ具合に関わらず、最もおすすめの洗濯コースは何ですか？そのコースではどのような設定が自動で行われますか？,コースが表示されないのですが,0.5638184606300154
洗濯ネットは必要ですか？,自宅の洗濯機で毛布を洗うことはできますか？もし洗える場合、何か特別な条件やコースがありますか？,0.563808870371955
洗濯物の種類や汚れ具合に関わらず、最もおすすめの洗濯コースは何ですか？そのコースではどのような設定が自動で行われますか？,毛布の洗濯は可能？,0.5637890228100689
深夜に運転しても大丈夫？,この洗濯機で一度に洗濯できる衣類の最大量と、乾燥できる衣類の最大量はそれぞれ何キログラムですか？,0.56378106550766
一時停止したらドアは開く？,コースが表示されないのですが,0.5637805266832785
洗いのみは可能？,外出先から洗濯を開始できますか？,0.5637684879240867
ドラムが回らない。,本体が熱い。,0.5637619666317202
チャイルドロックはどこで設定する？,最大容量は？,0.5637491842165896
ナノイーX機能について詳しく教えてください。どのような効果があり、どのコースで利用できますか？,外出先から洗濯を開始できますか？,0.5637011356066834
洗濯機のドアが最後まで閉まらないのですが、何を確認すれば良いですか？,本体が熱くなります,0.5636938668085404
洗濯ネットは必要ですか？,コースが表示されない。,0.5636935747250367
デリケートな衣類やおしゃれ着を優しく洗うための専用コースはありますか？,本体がぐらつきます。どうしたら良いですか？,0.5636602473228305
スチーム機能の使い方を教えて？,羽毛布団は洗濯できる？,0.563658677425263
洗濯中に急な用事ができた場合、途中で運転を一時停止させることはできますか？その操作方法を教えてください。,一時停止したらドアは開く？,0.5636436904603841
ドアが開かない原因は？,予約機能の使い方をおしえて？,0.5636241735850936
外出先から洗濯を開始できますか？,夜遅い時間帯に洗濯機を運転しても、近隣に迷惑がかからないように静かに運転できるモードはありますか？,0.5635856014307941
衣類のしわを伸ばしたり、気になるにおいを取り除いたりしたいのですが、スチーム機能はどのように使えば良いですか？,2度洗いは出来ますか？,0.5635366888443105
ドアが開かないのですが,洗濯と乾燥の最大容量は？,0.5635161042316533
ドアが開かないのですが,洗濯機が排水できないというエラーメッセージが表示されたのですが、原因は何でしょうか？自分で解決できる方法はありますか？,0.5635047731240395
洗剤の種類で設定変更は必要？,ドアが完全に閉まりません,0.5634533492478719
洗濯の始め方は？,遠隔で洗濯を開始できますか？,0.563433909594256
洗濯ネットは使うべき？,洗剤の種類で設定変更は必要？,0.5634250024219486
この洗濯機で靴を洗うことはできますか？もしできない場合、何か代わりの方法はありますか？,おすすめの洗剤・柔軟剤はありますか？,0.563416211170682
一時停止したらドアは開く？,羽毛布団は洗えますか？,0.5634060718904138
洗濯中に通常とは異なる音がするのですが、どのような原因が考えられますか？自分で確認できることはありますか？,最大容量は？,0.5633843481323383
白い粉が残るのですが。,スニーカーは洗える？,0.5633263128009649
特に汚れがひどい洗濯物なので、2回続けて洗いたいのですが、そのような設定は可能ですか？,毛布は洗えますか？,0.563309336950915
ジェット乾燥って何？,設定の初期化はできますか？,0.5632969213962249
洗濯中に通常とは異なる音がするのですが、どのような原因が考えられますか？自分で確認できることはありますか？,コースが表示されない。,0.5632925343984014
ジェット乾燥とは何ですか？,最大容量は？,0.5632776091652163
チャイルドロックはどこで設定する？,スチーム機能の使い方を教えて？,0.5632325997756569
最適なコースは？,毛布の洗濯は可能？,0.5632297759893762
2度洗いは出来ますか？,ジェット乾燥って何？,0.5631775226779767
靴は洗えますか？,おすすめの洗剤・柔軟剤はありますか？,0.5631423020809334
洗濯のすすぎ回数を自分の希望に合わせて変更したいのですが、何回から何回まで選べますか？,本体がぐらつきます。どうしたら良いですか？,0.5631192976610938
洗濯後に衣類が絡まってしまうことが多いのですが、何か絡まりを防ぐための対処法はありますか？,洗濯時間は何分ですか？,0.5631173204827273
洗濯物に白い粉が残っています。　どうしたらよいですか？,予約の仕方は？,0.5630979554595197
ナノイーXとは何ですか？,羽毛布団は洗濯できる？,0.563071921533722
洗濯中に通常とは異なる音がするのですが、どのような原因が考えられますか？自分で確認できることはありますか？,おしゃれ着コースはありますか？,0.5630606265916157
ドアが開かないのですが,洗濯物に白い粉が残っています。　どうしたらよいですか？,0.5630259563233225
スチーム機能は何に使うの？,時間がない時に、短時間で洗濯を済ませられるようなコースはありますか？,0.5629612275536873
乾燥だけで使用出来ますか？,洗濯後、衣類に白い粉状のものが付着しているのですが、何が原因ですか？どのように対処すれば改善されますか？,0.5629593446366513
ドアが開かない原因は？,デリケートな衣類やおしゃれ着を優しく洗うための専用コースはありますか？,0.5629557546127701
手動で個別に設定する事は可能ですか？,予約機能の使い方をおしえて？,0.5628827069405544
洗濯の開始時刻を事前に設定しておきたいのですが、予約機能はどのように使えば良いですか？,ドラムが動きません,0.5628661354291166
ジェット乾燥とは何ですか？,使用する洗剤のブランドや種類を変更した場合、洗濯機側で何か設定を変更する必要はありますか？,0.562855518650768
深夜運転は静か？,洗濯後、衣類に白い粉状のものが付着しているのですが、何が原因ですか？どのように対処すれば改善されますか？,0.5628350318122236
「わが家流」設定って何？,推奨の洗剤・柔軟剤は？,0.562826521068032
ナノイーX機能について詳しく教えてください。どのような効果があり、どのコースで利用できますか？,この洗濯機で一度に洗濯できる衣類の最大量と、乾燥できる衣類の最大量はそれぞれ何キログラムですか？,0.5628199691500165
洗濯機を使い始めるにはどうすればいいですか？　手順を教えて下さい。,排水エラーが出た。,0.5627593127142259
子供が誤って操作しないように、チャイルドロックを設定したいのですが、その方法と解除方法を教えてください。,ドラムが回らない。,0.5627447525499862
チャイルドロックはどこで設定する？,ドアが開かない原因は？,0.5627397568907394
運転終了時にアラームを鳴らさないようにできますか？,洗剤の種類で設定変更は必要？,0.5627341579145411
「洗い」だけ行いたいのですが,急いで洗濯したい時は？,0.5627234570142424
スチーム機能は何に使うの？,洗濯を開始しようとしてもドラムが回転しないのですが、何が原因として考えられますか？安全装置が作動している可能性はありますか？,0.5627150071140269
この洗濯機で靴を洗うことはできますか？もしできない場合、何か代わりの方法はありますか？,ドアが閉まらない時は？,0.5626976728259172
ナノイーXの機能は？,推奨の洗剤・柔軟剤は？,0.5626548974773508
衣類を洗うだけで、乾燥工程は行いたくない場合、どのコースを選択すれば良いですか？,異音がします。どうしたらよいですか？,0.5626418591914637
自宅の洗濯機で毛布を洗うことはできますか？もし洗える場合、何か特別な条件やコースがありますか？,急いで洗濯したい時は？,0.5626176332965228
スチーム機能の使い方を教えて？,コースが表示されない。,0.5625675178764908
白い粉が残るのですが。,コースが表示されない。,0.5625567273527654
洗剤を手動で投入できますか？,予約機能の使い方をおしえて？,0.5625411625628496
衣類を洗うだけで、乾燥工程は行いたくない場合、どのコースを選択すれば良いですか？,ジェット乾燥とは何ですか？,0.5625167263003266
チャイルドロックはどこで設定する？,自動投入機能はどう使うの？,0.562497648950063
おしゃれ着コースはありますか？,「排水できない」エラーが出ます,0.5624865203993363
チャイルドロックの設定をしたい,すすぎ回数は変えられる？,0.5624358848172037
ナノイーXとは何ですか？,洗濯ネットは必要ですか？,0.562375111787519
洗濯物の種類によって脱水時間を調整したいのですが、何分まで設定できますか？,推奨の洗剤・柔軟剤は？,0.5623592378509737
省エネモードはありますか？,「わが家流」設定って何？,0.562330736132874
スニーカーは洗える？,洗濯機の下から水が漏れているのですが、どのような原因が考えられますか？自分で確認できる対処法はありますか？,0.5623047617705323
「水が出ない」エラーが出ます,コースが表示されない。,0.562301471669808
洗濯のすすぎ回数を自分の希望に合わせて変更したいのですが、何回から何回まで選べますか？,白い粉が残るのですが。,0.5622004774807137
2度洗いは出来ますか？,羽毛布団は洗濯できる？,0.5621429865567011
洗濯物を保護するために、洗濯ネットを使用する必要はありますか？どのような種類の衣類に推奨されますか？,自宅の洗濯機で毛布を洗うことはできますか？もし洗える場合、何か特別な条件やコースがありますか？,0.5621186928836368
洗濯だけする方法を教えて？,洗濯物の種類によって脱水時間を調整したいのですが、何分まで設定できますか？,0.562096295524032
乾燥なしで洗濯するには？,2度洗いは出来ますか？,0.5620920795748938
洗濯の途中で一時停止できますか？,お急ぎコースはありますか？,0.5620633202655247
すすぎ回数は変えられる？,白い粉が残るのですが。,0.562059324431577
ナノイーXの機能は？,一般的な洗濯コースを選んだ場合、洗濯が完了するまでにおよそ何分くらいかかりますか？,0.562020065920262
ドアが開かないのですが,自宅の洗濯機で毛布を洗うことはできますか？もし洗える場合、何か特別な条件やコースがありますか？,0.5620191805818691
ドアが完全に閉まりません,予約機能の使い方をおしえて？,0.5620018727096896
毛布の洗濯は可能？,洗濯機のドアが最後まで閉まらないのですが、何を確認すれば良いですか？,0.5619943608679079
チャイルドロックの設定をしたい,洗濯機のドアが最後まで閉まらないのですが、何を確認すれば良いですか？,0.5619720399490846
すすぎや脱水はせずに、衣類を「洗い」の工程だけで済ませたいのですが、そのような設定はできますか？,予約の仕方は？,0.5619714419163104
羽毛布団を洗濯機で洗いたいのですが、対応していますか？また、洗う際の注意点があれば教えてください。,おすすめの洗剤・柔軟剤はありますか？,0.56196497369033
洗濯ネットは必要ですか？,毛布は洗えますか？,0.5619597301419501
個別の設定は可能ですか？,衣類を洗うだけで、乾燥工程は行いたくない場合、どのコースを選択すれば良いですか？,0.5619489586369317
洗濯の始め方は？,デリケートな衣類やおしゃれ着を優しく洗うための専用コースはありますか？,0.5618769045605145
「ふんわりキープ」とはどのような機能ですか？,洗濯機の下から水が漏れているのですが、どのような原因が考えられますか？自分で確認できる対処法はありますか？,0.561850094502865
チャイルドロックの設定をしたい,自宅にいない時でも、スマートフォンなどを使って洗濯機を遠隔で操作し、洗濯を開始することはできますか？,0.5618430465200203
2度洗いは出来ますか？,デリケートな衣類やおしゃれ着を優しく洗うための専用コースはありますか？,0.5618410240356613
洗濯を一時停止した際、追加の衣類を入れるためにドアを開けることは可能ですか？その条件は何ですか？,毛布の洗濯は可能？,0.5618243156601304
洗濯機を使い始めるにはどうすればいいですか？　手順を教えて下さい。,洗濯ネットは使うべき？,0.5617816594156044
脱水時間の調整はできる？,洗剤の種類で設定変更は必要？,0.5617786442277614
自宅の洗濯機で毛布を洗うことはできますか？もし洗える場合、何か特別な条件やコースがありますか？,白い粉が残るのですが。,0.5617726012455789
洗濯機を使い始めるにはどうすればいいですか？　手順を教えて下さい。,手動で個別に設定する事は可能ですか？,0.5617547537459897
再洗はできる？,「ふんわりキープ」とはどのような機能ですか？,0.5617375156290765
使用する洗剤のブランドや種類を変更した場合、洗濯機側で何か設定を変更する必要はありますか？,お急ぎコースはありますか？,0.5617364386727036
おしゃれ着コースはありますか？,洗濯物に白い粉が残っています。　どうしたらよいですか？,0.5617338111893443
自動投入機能はどう使うの？,すすぎの設定を変更することは可能ですか？,0.5617333245857606
この洗濯機で靴を洗うことはできますか？もしできない場合、何か代わりの方法はありますか？,洗濯機に水が供給されないというエラーが表示されたのですが、どのような原因が考えられますか？自分でできる確認事項はありますか？,0.5617317608604107
ジェット乾燥って何？,この洗濯機で一度に洗濯できる衣類の最大量と、乾燥できる衣類の最大量はそれぞれ何キログラムですか？,0.561715545387634
洗濯物を保護するために、洗濯ネットを使用する必要はありますか？どのような種類の衣類に推奨されますか？,洗濯後に衣類が絡まってしまうことが多いのですが、何か絡まりを防ぐための対処法はありますか？,0.5617120555692003
洗濯機のドアが最後まで閉まらないのですが、何を確認すれば良いですか？,排水エラーが出た。,0.5616918807797713
ふんわりキープの目的は？,推奨の洗剤・柔軟剤は？,0.5616502059740645
おすすめのコースを教えて？,コースが表示されないのですが,0.5616180824599637
外出先から洗濯を開始できますか？,「水が出ない」エラーが出ます,0.561614815933376
深夜に運転しても大丈夫？,靴は洗えますか？,0.5616119563850903
チャイルドロックの設定をしたい,深夜に運転しても大丈夫？,0.5616111924122427
洗濯が終わったのにドアがロックされて開かないのですが、これは故障ですか？どのくらい時間が経てば開くようになりますか？,毛布の洗濯は可能？,0.5616071269947853
洗濯物の種類や汚れ具合に関わらず、最もおすすめの洗濯コースは何ですか？そのコースではどのような設定が自動で行われますか？,羽毛布団は洗えますか？,0.5615974021778303
洗濯物の絡まりを防ぐには？,この洗濯機で靴を洗うことはできますか？もしできない場合、何か代わりの方法はありますか？,0.5615468629717858
ドアが開かない原因は？,推奨の洗剤・柔軟剤は？,0.5615370487634066
洗濯をスタートする方法を教えて？,一時停止中にドアは開きますか？,0.5614747330753347
洗濯が終わったのにドアがロックされて開かないのですが、これは故障ですか？どのくらい時間が経てば開くようになりますか？,洗濯物の絡まりを防ぐには？,0.5614682963288691
洗剤の種類によって設定は変わりますか？,急いで洗濯したい時は？,0.5614613243209254
「ふんわりキープ」とはどのような機能ですか？,時間がない時に、短時間で洗濯を済ませられるようなコースはありますか？,0.5614470915643701
洗濯の各工程（洗い、すすぎ、脱水、乾燥）について、自分の好みに合わせて時間を設定したり、回数を変更したりすることはできますか？,洗濯物に白い粉が残っています。　どうしたらよいですか？,0.5614372176967155
ふんわりキープの目的は？,洗濯機の下から水が漏れているのですが、どのような原因が考えられますか？自分で確認できる対処法はありますか？,0.5613705415689574
コースが表示されない。,洗濯時間は何分ですか？,0.5613663636782552
自動投入機能はどう使うの？,時間がない時に、短時間で洗濯を済ませられるようなコースはありますか？,0.5613450571308509
白い粉が残るのですが。,洗濯機のドアが最後まで閉まらないのですが、何を確認すれば良いですか？,0.5613250786226021
洗濯ネットは必要ですか？,急いで洗濯したい時は？,0.5613044779042642
ジェット乾燥とは何ですか？,すすぎ回数は変えられる？,0.561288842818605
最適なコースは？,洗剤の種類で設定変更は必要？,0.5612756009491923
水が出ないエラーが出た。,ドラムが動きません,0.5612616575669409
洗濯後、衣類に白い粉状のものが付着しているのですが、何が原因ですか？どのように対処すれば改善されますか？,予約機能の使い方をおしえて？,0.5612429717528358
羽毛布団を洗濯機で洗いたいのですが、対応していますか？また、洗う際の注意点があれば教えてください。,急いで洗濯したい時は？,0.5612301534829476
洗濯中に急な用事ができた場合、途中で運転を一時停止させることはできますか？その操作方法を教えてください。,洗濯機が排水できないというエラーメッセージが表示されたのですが、原因は何でしょうか？自分で解決できる方法はありますか？,0.5612218343615571
子供が誤って操作しないように、チャイルドロックを設定したいのですが、その方法と解除方法を教えてください。,洗濯を開始しようとしてもドラムが回転しないのですが、何が原因として考えられますか？安全装置が作動している可能性はありますか？,0.5611719144747086
自動投入機能の使い方を教えて？,時間がない時に、短時間で洗濯を済ませられるようなコースはありますか？,0.5611317030650738
深夜運転は静か？,洗濯機本体が不安定で揺れるのですが、どうすれば改善できますか？設置状況を確認する必要がありますか？,0.561128762786056
ジェット乾燥機能は、どのような仕組みで乾燥をするのですか？,本体が熱い。,0.5610848809323817
洗濯をスタートする方法を教えて？,自宅にいない時でも、スマートフォンなどを使って洗濯機を遠隔で操作し、洗濯を開始することはできますか？,0.5610744213767598
衣類を洗うだけで、乾燥工程は行いたくない場合、どのコースを選択すれば良いですか？,この洗濯機で一度に洗濯できる衣類の最大量と、乾燥できる衣類の最大量はそれぞれ何キログラムですか？,0.5610687540889254
洗濯の開始時刻を事前に設定しておきたいのですが、予約機能はどのように使えば良いですか？,誤った設定をしてしまったので、洗濯機の設定をすべて初期状態に戻したいのですが、その方法を教えてください。,0.5610609299592557
デリケートな衣類やおしゃれ着を優しく洗うための専用コースはありますか？,本体の揺れが気になる。,0.56105674513828
洗濯物の種類や汚れ具合に関わらず、最もおすすめの洗濯コースは何ですか？そのコースではどのような設定が自動で行われますか？,自動投入機能の使い方を教えて？,0.5610358110754422
ふんわりキープの目的は？,洗濯のすすぎ回数を自分の希望に合わせて変更したいのですが、何回から何回まで選べますか？,0.5610137835686442
洗濯機を使い始めるにはどうすればいいですか？　手順を教えて下さい。,チャイルドロックはどこで設定する？,0.5610062595192162
毛布の洗濯は可能？,洗濯の所要時間は？,0.5609980414155302
おすすめのコースを教えて？,一時停止したらドアは開く？,0.5609853409382772
洗濯をスタートする方法を教えて？,深夜運転は静か？,0.5609585568308928
ジェット乾燥って何？,自宅の洗濯機で毛布を洗うことはできますか？もし洗える場合、何か特別な条件やコースがありますか？,0.5609519462745387
一時停止中にドアは開きますか？,深夜運転は静か？,0.5609276259661193
ナノイーX機能について詳しく教えてください。どのような効果があり、どのコースで利用できますか？,白い粉が残るのですが。,0.5609213592524367
毛布の洗濯は可能？,時間がない時に、短時間で洗濯を済ませられるようなコースはありますか？,0.5609087881061572
洗剤の種類によって設定は変わりますか？,最大容量は？,0.5608141505193189
衣類を洗うだけで、乾燥工程は行いたくない場合、どのコースを選択すれば良いですか？,洗濯後に衣類が絡まってしまうことが多いのですが、何か絡まりを防ぐための対処法はありますか？,0.5608065277861558
自宅にいない時でも、スマートフォンなどを使って洗濯機を遠隔で操作し、洗濯を開始することはできますか？,ドアが閉まらない時は？,0.5607835947617872
洗濯物が絡まります。どうしたらよいですか？,この洗濯機に最適な洗剤や柔軟剤はありますか？メーカーから推奨されている製品があれば教えてください。,0.5607672945369406
運転終了時にアラームを鳴らさないようにできますか？,洗剤の種類によって設定は変わりますか？,0.5607634146140248
予約機能の使い方をおしえて？,設定の初期化はできますか？,0.5607512136847536
自宅にいない時でも、スマートフォンなどを使って洗濯機を遠隔で操作し、洗濯を開始することはできますか？,白い粉が残るのですが。,0.5607323144178888
使用する洗剤のブランドや種類を変更した場合、洗濯機側で何か設定を変更する必要はありますか？,スニーカーは洗える？,0.560698221292109
使用する洗剤のブランドや種類を変更した場合、洗濯機側で何か設定を変更する必要はありますか？,設定を工場出荷時に戻せる？,0.5605734469897616
洗濯時間は何分ですか？,洗濯と乾燥の最大容量は？,0.5605717587944432
すすぎや脱水はせずに、衣類を「洗い」の工程だけで済ませたいのですが、そのような設定はできますか？,羽毛布団は洗えますか？,0.5605647418331323
洗濯終了時のお知らせ音を鳴らさないようにしたいのですが、その設定はどこで変更できますか？,ドラムが回らない。,0.5605298702438356
ドアが完全に閉まりません,水漏れしています。どうしたらよいですか？,0.5605291348078889
子供が誤って操作しないように、チャイルドロックを設定したいのですが、その方法と解除方法を教えてください。,洗濯機のドアが最後まで閉まらないのですが、何を確認すれば良いですか？,0.5604598551081278
遠隔で洗濯を開始できますか？,本体がぐらつきます。どうしたら良いですか？,0.5604424724424704
羽毛布団を洗濯機で洗いたいのですが、対応していますか？また、洗う際の注意点があれば教えてください。,「水が出ない」エラーが出ます,0.5604027023132898
外出先から洗濯を開始できますか？,洗濯機の下から水が漏れているのですが、どのような原因が考えられますか？自分で確認できる対処法はありますか？,0.5603795145533224
乾燥だけで使用出来ますか？,設定の初期化はできますか？,0.5603211826287988
乾燥なしで洗濯するには？,衣類のしわを伸ばしたり、気になるにおいを取り除いたりしたいのですが、スチーム機能はどのように使えば良いですか？,0.5602882277716594
洗濯後に衣類が絡まってしまうことが多いのですが、何か絡まりを防ぐための対処法はありますか？,洗濯の開始時刻を事前に設定しておきたいのですが、予約機能はどのように使えば良いですか？,0.5602852737504604
洗濯物が絡まります。どうしたらよいですか？,最大容量は？,0.5602772754514675
本体がぐらつきます。どうしたら良いですか？,洗濯時間は何分ですか？,0.5602772282134914
深夜に運転しても大丈夫？,洗濯物の絡まりを防ぐには？,0.5602750852859568
すすぎ回数は変えられる？,洗濯の所要時間は？,0.5602308588673799
デリケートな衣類やおしゃれ着を優しく洗うための専用コースはありますか？,白い粉が残るのですが。,0.560209052981831
ナノイーXの機能は？,洗濯と乾燥の最大容量は？,0.5601888851941
ドアが完全に閉まりません,洗濯の所要時間は？,0.5601874621190729
洗濯物の種類や汚れ具合に関わらず、最もおすすめの洗濯コースは何ですか？そのコースではどのような設定が自動で行われますか？,この洗濯機に最適な洗剤や柔軟剤はありますか？メーカーから推奨されている製品があれば教えてください。,0.5601793394895793
洗濯物に白い粉が残っています。　どうしたらよいですか？,ドラムが回らない。,0.5601484714954738
毛布の洗濯は可能？,洗濯後、衣類に白い粉状のものが付着しているのですが、何が原因ですか？どのように対処すれば改善されますか？,0.5601393753586376
一時停止中にドアは開きますか？,この洗濯機に最適な洗剤や柔軟剤はありますか？メーカーから推奨されている製品があれば教えてください。,0.5601237550493333
「わが家流」設定って何？,洗濯機本体が不安定で揺れるのですが、どうすれば改善できますか？設置状況を確認する必要がありますか？,0.5601226253215769
「洗い」だけ行いたいのですが,毛布は洗えますか？,0.5601044797637855
洗濯機のドアが最後まで閉まらないのですが、何を確認すれば良いですか？,この洗濯機で一度に洗濯できる衣類の最大量と、乾燥できる衣類の最大量はそれぞれ何キログラムですか？,0.5600934811124509
すすぎや脱水はせずに、衣類を「洗い」の工程だけで済ませたいのですが、そのような設定はできますか？,変な音がするのですが。,0.5600901087043858
洗いのみは可能？,運転終了時にアラームを鳴らさないようにできますか？,0.5600680500173201
子供が誤って操作しないように、チャイルドロックを設定したいのですが、その方法と解除方法を教えてください。,ジェット乾燥機能は、どのような仕組みで乾燥をするのですか？,0.560046841854762
洗濯ネットは使うべき？,コースが表示されないのですが,0.560044838860918
洗濯終了時のお知らせ音を鳴らさないようにしたいのですが、その設定はどこで変更できますか？,自宅にいない時でも、スマートフォンなどを使って洗濯機を遠隔で操作し、洗濯を開始することはできますか？,0.5600259071142816
脱水時間の変更は可能ですか？,一般的な洗濯コースを選んだ場合、洗濯が完了するまでにおよそ何分くらいかかりますか？,0.5600250654870129
チャイルドロックはどこで設定する？,時間がない時に、短時間で洗濯を済ませられるようなコースはありますか？,0.5600049192249897
すすぎ回数は変えられる？,洗濯機が排水できないというエラーメッセージが表示されたのですが、原因は何でしょうか？自分で解決できる方法はありますか？,0.5599410616644421
洗濯の始め方は？,2度洗いは出来ますか？,0.5599294596361828
個別の設定は可能ですか？,洗濯だけする方法を教えて？,0.5598784935386765
ジェット乾燥機能は、どのような仕組みで乾燥をするのですか？,羽毛布団を洗濯機で洗いたいのですが、対応していますか？また、洗う際の注意点があれば教えてください。,0.559871244272349
洗濯ネットは必要ですか？,お急ぎコースはありますか？,0.5598590142005757
本体がぐらつきます。どうしたら良いですか？,ドラムが動きません,0.5598567337793147
洗濯物の種類によって脱水時間を調整したいのですが、何分まで設定できますか？,予約機能の使い方をおしえて？,0.5598549492518967
衣類を洗うだけで、乾燥工程は行いたくない場合、どのコースを選択すれば良いですか？,洗濯物の絡まりを防ぐには？,0.5598331338158529
手動で洗剤を入れることはできますか？,使用する洗剤のブランドや種類を変更した場合、洗濯機側で何か設定を変更する必要はありますか？,0.5598228133291469
手動で個別に設定する事は可能ですか？,チャイルドロックの設定をしたい,0.5598109576046748
手動で個別に設定する事は可能ですか？,一時停止中にドアは開きますか？,0.559773639346287
深夜に運転しても大丈夫？,設定を工場出荷時に戻せる？,0.5597431442567002
乾燥のみの運転は可能ですか？,「わが家流」設定って何？,0.5597023232356904
洗濯のすすぎ回数を自分の希望に合わせて変更したいのですが、何回から何回まで選べますか？,ドラムが回らない。,0.5596917159999892
洗濯の各工程（洗い、すすぎ、脱水、乾燥）について、自分の好みに合わせて時間を設定したり、回数を変更したりすることはできますか？,「洗い」だけ行いたいのですが,0.5596702359234246
洗濯はせず、衣類を乾燥させる機能だけを使いたいのですが、どのように操作すれば良いですか？,ドアが開かないのですが,0.5596581166597759
洗濯中に急な用事ができた場合、途中で運転を一時停止させることはできますか？その操作方法を教えてください。,自宅の洗濯機で毛布を洗うことはできますか？もし洗える場合、何か特別な条件やコースがありますか？,0.5596564497349488
洗剤や柔軟剤を計る手間を省きたいのですが、自動投入機能はどのように設定して使用するのですか？,異音がします。どうしたらよいですか？,0.559654348478914
ナノイーXの機能は？,お急ぎコースはありますか？,0.5596536953030282
ジェット乾燥って何？,羽毛布団は洗えますか？,0.5596251944170036
子供が誤って操作しないように、チャイルドロックを設定したいのですが、その方法と解除方法を教えてください。,すすぎや脱水はせずに、衣類を「洗い」の工程だけで済ませたいのですが、そのような設定はできますか？,0.5596163707359256
「ふんわりキープ」とはどのような機能ですか？,洗濯機が排水できないというエラーメッセージが表示されたのですが、原因は何でしょうか？自分で解決できる方法はありますか？,0.5596053336705957
すすぎや脱水はせずに、衣類を「洗い」の工程だけで済ませたいのですが、そのような設定はできますか？,運転終了時にアラームを鳴らさないようにできますか？,0.5595859079255876
予約機能の使い方をおしえて？,水漏れしています。どうしたらよいですか？,0.5595645763253642
2度洗いは出来ますか？,ジェット乾燥機能は、どのような仕組みで乾燥をするのですか？,0.5595457384033431
遠隔で洗濯を開始できますか？,夜遅い時間帯に洗濯機を運転しても、近隣に迷惑がかからないように静かに運転できるモードはありますか？,0.5595362114969669
乾燥なしで洗濯するには？,洗濯を開始しようとしてもドラムが回転しないのですが、何が原因として考えられますか？安全装置が作動している可能性はありますか？,0.5595159312652878
すすぎの設定を変更することは可能ですか？,洗濯機が排水できないというエラーメッセージが表示されたのですが、原因は何でしょうか？自分で解決できる方法はありますか？,0.5595123976791464
お急ぎコースはありますか？,洗濯機本体が不安定で揺れるのですが、どうすれば改善できますか？設置状況を確認する必要がありますか？,0.5594854109076878
おしゃれ着は洗える？,設定の初期化はできますか？,0.5594554576956583
手動で洗剤を入れることはできますか？,この洗濯機で靴を洗うことはできますか？もしできない場合、何か代わりの方法はありますか？,0.5594531245499449
使用する洗剤のブランドや種類を変更した場合、洗濯機側で何か設定を変更する必要はありますか？,設定の初期化はできますか？,0.5594396284560998
乾燥だけで使用出来ますか？,洗濯中に通常とは異なる音がするのですが、どのような原因が考えられますか？自分で確認できることはありますか？,0.5594263476008875
手動で個別に設定する事は可能ですか？,変な音がするのですが。,0.5594251378634618
洗剤や柔軟剤を計る手間を省きたいのですが、自動投入機能はどのように設定して使用するのですか？,本体の揺れが気になる。,0.559386549156891
洗濯後に衣類が絡まってしまうことが多いのですが、何か絡まりを防ぐための対処法はありますか？,推奨の洗剤・柔軟剤は？,0.559385499201533
洗濯物の種類によって脱水時間を調整したいのですが、何分まで設定できますか？,洗濯終了時のお知らせ音を鳴らさないようにしたいのですが、その設定はどこで変更できますか？,0.5593803486729962
洗濯ネットは使うべき？,おしゃれ着コースはありますか？,0.5593787374077268
洗濯ネットは必要ですか？,深夜運転は静か？,0.5593779176942473
ジェット乾燥とは何ですか？,本体がぐらつきます。どうしたら良いですか？,0.5593544752164016
洗濯物が絡まります。どうしたらよいですか？,推奨の洗剤・柔軟剤は？,0.5593292356911891
チャイルドロックの設定をしたい,深夜運転は静か？,0.5593252936216115
チャイルドロックの設定をしたい,おしゃれ着コースはありますか？,0.5592658015109648
洗濯の始め方は？,洗濯ネットは使うべき？,0.5591958966592286
個別の設定は可能ですか？,ジェット乾燥機能は、どのような仕組みで乾燥をするのですか？,0.5591943934969204
洗濯機のドアが最後まで閉まらないのですが、何を確認すれば良いですか？,洗濯機が排水できないというエラーメッセージが表示されたのですが、原因は何でしょうか？自分で解決できる方法はありますか？,0.5591892427548119
お急ぎコースはありますか？,この洗濯機に最適な洗剤や柔軟剤はありますか？メーカーから推奨されている製品があれば教えてください。,0.5591417402182745
最大容量は？,洗濯を開始しようとしてもドラムが回転しないのですが、何が原因として考えられますか？安全装置が作動している可能性はありますか？,0.5590758729163374
洗濯ネットは必要ですか？,異音がします。どうしたらよいですか？,0.5590749899624033
子供が誤って操作しないように、チャイルドロックを設定したいのですが、その方法と解除方法を教えてください。,自宅の洗濯機で毛布を洗うことはできますか？もし洗える場合、何か特別な条件やコースがありますか？,0.5590676300606894
脱水時間の調整はできる？,洗剤の種類によって設定は変わりますか？,0.5590558842347622
洗濯物の種類や汚れ具合に関わらず、最もおすすめの洗濯コースは何ですか？そのコースではどのような設定が自動で行われますか？,白い粉が残るのですが。,0.559009067936701
洗いのみは可能？,深夜運転は静か？,0.5590045372438691
ジェット乾燥って何？,ドアが閉まらない時は？,0.5589989221721345
洗濯機本体が不安定で揺れるのですが、どうすれば改善できますか？設置状況を確認する必要がありますか？,洗濯の所要時間は？,0.5589956537630605
洗濯物の種類によって脱水時間を調整したいのですが、何分まで設定できますか？,羽毛布団を洗濯機で洗いたいのですが、対応していますか？また、洗う際の注意点があれば教えてください。,0.558947673851921
「ふんわりキープ」とはどのような機能ですか？,洗濯ネットは使うべき？,0.5589429387037539
外出先から洗濯を開始できますか？,設定の初期化はできますか？,0.5589349489431972
自宅の洗濯機で毛布を洗うことはできますか？もし洗える場合、何か特別な条件やコースがありますか？,ドラムが動きません,0.5589332773384477
洗濯の途中で一時停止できますか？,時間がない時に、短時間で洗濯を済ませられるようなコースはありますか？,0.5589187680347871
脱水時間の調整はできる？,洗濯の開始時刻を事前に設定しておきたいのですが、予約機能はどのように使えば良いですか？,0.5588827388939022
運転終了時にアラームを鳴らさないようにできますか？,洗濯を開始しようとしてもドラムが回転しないのですが、何が原因として考えられますか？安全装置が作動している可能性はありますか？,0.5588743574325898
2度洗いは出来ますか？,ふんわりキープとは何ですか？,0.5588540980388523
洗濯が終わったのにドアがロックされて開かないのですが、これは故障ですか？どのくらい時間が経てば開くようになりますか？,使用する洗剤のブランドや種類を変更した場合、洗濯機側で何か設定を変更する必要はありますか？,0.5588451745640043
洗濯のすすぎ回数を自分の希望に合わせて変更したいのですが、何回から何回まで選べますか？,最大容量は？,0.5588406498389344
ドアが完全に閉まりません,洗濯機本体に触れると熱いのですが、これは異常ですか？特に乾燥運転中に熱くなることはありますか？,0.5588222392292571
一時停止したらドアは開く？,洗濯物の絡まりを防ぐには？,0.558822117428473
自動投入機能はどう使うの？,おしゃれ着コースはありますか？,0.5588110626409528
洗濯ネットは使うべき？,自宅の洗濯機で毛布を洗うことはできますか？もし洗える場合、何か特別な条件やコースがありますか？,0.5587878106508423
自動投入機能を使わずに、自分で洗剤を投入したいのですが、設定を教えてください？,外出先から洗濯を開始できますか？,0.5587651136341513
一般的な洗濯コースを選んだ場合、洗濯が完了するまでにおよそ何分くらいかかりますか？,水漏れの原因は？,0.5587628909470264
洗濯後に衣類が絡まってしまうことが多いのですが、何か絡まりを防ぐための対処法はありますか？,洗濯機本体に触れると熱いのですが、これは異常ですか？特に乾燥運転中に熱くなることはありますか？,0.5587604245695976
手動で個別に設定する事は可能ですか？,ジェット乾燥とは何ですか？,0.5587474565028058
洗濯物が絡まります。どうしたらよいですか？,洗濯機本体が不安定で揺れるのですが、どうすれば改善できますか？設置状況を確認する必要がありますか？,0.5587311209347523
洗濯の所要時間は？,水漏れの原因は？,0.5587305157541486
ジェット乾燥とは何ですか？,時間がない時に、短時間で洗濯を済ませられるようなコースはありますか？,0.5587260935788374
深夜運転は静か？,洗濯の所要時間は？,0.5587193575622186
洗濯物を保護するために、洗濯ネットを使用する必要はありますか？どのような種類の衣類に推奨されますか？,時間がない時に、短時間で洗濯を済ませられるようなコースはありますか？,0.5586422557755013
洗濯物の種類や汚れ具合に関わらず、最もおすすめの洗濯コースは何ですか？そのコースではどのような設定が自動で行われますか？,一時停止中にドアは開きますか？,0.5586375490420905
洗濯の途中で一時停止できますか？,洗濯を一時停止した際、追加の衣類を入れるためにドアを開けることは可能ですか？その条件は何ですか？,0.5586171612495415
おすすめのコースを教えて？,自動投入機能の使い方を教えて？,0.5585755214694916
洗濯が終わったのにドアがロックされて開かないのですが、これは故障ですか？どのくらい時間が経てば開くようになりますか？,自宅にいない時でも、スマートフォンなどを使って洗濯機を遠隔で操作し、洗濯を開始することはできますか？,0.5585752990032347
2度洗いは出来ますか？,洗濯機のドアが最後まで閉まらないのですが、何を確認すれば良いですか？,0.5585381634097055
特に汚れがひどい洗濯物なので、2回続けて洗いたいのですが、そのような設定は可能ですか？,デリケートな衣類やおしゃれ着を優しく洗うための専用コースはありますか？,0.5585264332124249
洗濯を一時停止した際、追加の衣類を入れるためにドアを開けることは可能ですか？その条件は何ですか？,使用する洗剤のブランドや種類を変更した場合、洗濯機側で何か設定を変更する必要はありますか？,0.5585197080459652
すすぎ回数は変えられる？,夜遅い時間帯に洗濯機を運転しても、近隣に迷惑がかからないように静かに運転できるモードはありますか？,0.5585190286896664
乾燥なしで洗濯するには？,終了音を消すには？,0.5584760705601051
特に汚れがひどい洗濯物なので、2回続けて洗いたいのですが、そのような設定は可能ですか？,洗濯物の種類によって脱水時間を調整したいのですが、何分まで設定できますか？,0.5584597754628962
乾燥なしで洗濯するには？,スチーム機能の使い方を教えて？,0.5584590429072219
「ふんわりキープ」とはどのような機能ですか？,水漏れの原因は？,0.5584582676299434
おしゃれ着コースはありますか？,洗濯機本体に触れると熱いのですが、これは異常ですか？特に乾燥運転中に熱くなることはありますか？,0.5584520274703844
脱水時間の変更は可能ですか？,ドアが開かないのですが,0.5584436574070207
洗濯物の種類や汚れ具合に関わらず、最もおすすめの洗濯コースは何ですか？そのコースではどのような設定が自動で行われますか？,洗濯機本体に触れると熱いのですが、これは異常ですか？特に乾燥運転中に熱くなることはありますか？,0.5584196237869413
洗いのみは可能？,スニーカーは洗える？,0.5583971158097173
ナノイーXの機能は？,「排水できない」エラーが出ます,0.5583568162317386
2度洗いは出来ますか？,予約の仕方は？,0.5583555383359168
洗濯物を保護するために、洗濯ネットを使用する必要はありますか？どのような種類の衣類に推奨されますか？,一般的な洗濯コースを選んだ場合、洗濯が完了するまでにおよそ何分くらいかかりますか？,0.558353440114685
ドアが開かない原因は？,一般的な洗濯コースを選んだ場合、洗濯が完了するまでにおよそ何分くらいかかりますか？,0.5583220104996565
ジェット乾燥とは何ですか？,洗濯時間は何分ですか？,0.558296426489131
スニーカーは洗える？,この洗濯機で一度に洗濯できる衣類の最大量と、乾燥できる衣類の最大量はそれぞれ何キログラムですか？,0.5582334302792228
洗濯コースの選択肢が画面に表示されないのですが、これはどういう状況ですか？どのように対処すれば良いですか？,洗濯と乾燥の最大容量は？,0.5582254571014134
2度洗いは出来ますか？,水が出ないエラーが出た。,0.5581925932622341
特に汚れがひどい洗濯物なので、2回続けて洗いたいのですが、そのような設定は可能ですか？,洗濯ネットは使うべき？,0.5581843283175978
スチーム機能は何に使うの？,自宅の洗濯機で毛布を洗うことはできますか？もし洗える場合、何か特別な条件やコースがありますか？,0.5581366311794063
特に汚れがひどい洗濯物なので、2回続けて洗いたいのですが、そのような設定は可能ですか？,ジェット乾燥って何？,0.5581237250853422
本体が熱くなります,推奨の洗剤・柔軟剤は？,0.5580975799727299
洗濯のすすぎ回数を自分の希望に合わせて変更したいのですが、何回から何回まで選べますか？,ドアが完全に閉まりません,0.5580468793904216
ドアが閉まらない時は？,本体が熱い。,0.5579979832453122
ジェット乾燥機能は、どのような仕組みで乾燥をするのですか？,洗濯と乾燥の最大容量は？,0.5579735742164111
2度洗いは出来ますか？,おしゃれ着コースはありますか？,0.5579730648010814
洗いのみは可能？,「排水できない」エラーが出ます,0.5579616151737897
使用する洗剤のブランドや種類を変更した場合、洗濯機側で何か設定を変更する必要はありますか？,靴は洗えますか？,0.5579437436739485
衣類のしわを伸ばしたり、気になるにおいを取り除いたりしたいのですが、スチーム機能はどのように使えば良いですか？,羽毛布団を洗濯機で洗いたいのですが、対応していますか？また、洗う際の注意点があれば教えてください。,0.5579419013901512
洗剤の種類で設定変更は必要？,急いで洗濯したい時は？,0.5578882497164133
洗濯物の絡まりを防ぐには？,デリケートな衣類やおしゃれ着を優しく洗うための専用コースはありますか？,0.5578837983484846
チャイルドロックはどこで設定する？,おすすめの洗剤・柔軟剤はありますか？,0.5578761642266054
洗剤を手動で投入できますか？,コースが表示されないのですが,0.5578317221947976
深夜運転は静か？,一般的な洗濯コースを選んだ場合、洗濯が完了するまでにおよそ何分くらいかかりますか？,0.5578238567206764
衣類のしわを伸ばしたり、気になるにおいを取り除いたりしたいのですが、スチーム機能はどのように使えば良いですか？,洗濯が終わったのにドアがロックされて開かないのですが、これは故障ですか？どのくらい時間が経てば開くようになりますか？,0.5578171961668705
チャイルドロックの設定をしたい,遠隔で洗濯を開始できますか？,0.5577955736019469
手動で個別に設定する事は可能ですか？,羽毛布団を洗濯機で洗いたいのですが、対応していますか？また、洗う際の注意点があれば教えてください。,0.5577765313076781
洗濯物の種類や汚れ具合に関わらず、最もおすすめの洗濯コースは何ですか？そのコースではどのような設定が自動で行われますか？,乾燥だけで使用出来ますか？,0.5577742574921685
手動で洗剤を入れることはできますか？,本体の揺れが気になる。,0.5577440548038464
ナノイーX機能について詳しく教えてください。どのような効果があり、どのコースで利用できますか？,羽毛布団は洗濯できる？,0.5577284969772704
ナノイーXとは何ですか？,この洗濯機に最適な洗剤や柔軟剤はありますか？メーカーから推奨されている製品があれば教えてください。,0.5577240808082573
洗濯のすすぎ回数を自分の希望に合わせて変更したいのですが、何回から何回まで選べますか？,洗濯物の絡まりを防ぐには？,0.5576201909222365
洗濯の開始時刻を事前に設定しておきたいのですが、予約機能はどのように使えば良いですか？,最大容量は？,0.5575562840102672
ドアが完全に閉まりません,洗濯機の下から水が漏れているのですが、どのような原因が考えられますか？自分で確認できる対処法はありますか？,0.5575441966629315
洗濯の始め方は？,羽毛布団は洗濯できる？,0.5575378048929761
洗濯が終わったのにドアがロックされて開かないのですが、これは故障ですか？どのくらい時間が経てば開くようになりますか？,おしゃれ着は洗える？,0.5575358001872807
すすぎ回数は変えられる？,洗濯時間は何分ですか？,0.5575225826571764
最大容量は？,水漏れしています。どうしたらよいですか？,0.5575051110131648
ドアが開かない原因は？,洗濯と乾燥の最大容量は？,0.5573904169102185
時間がない時に、短時間で洗濯を済ませられるようなコースはありますか？,この洗濯機で靴を洗うことはできますか？もしできない場合、何か代わりの方法はありますか？,0.5573868811668066
洗濯物に白い粉が残っています。　どうしたらよいですか？,ドラムが動きません,0.5573724582413339
特に汚れがひどい洗濯物なので、2回続けて洗いたいのですが、そのような設定は可能ですか？,外出先から洗濯を開始できますか？,0.5573038550149663
おすすめのコースを教えて？,羽毛布団を洗濯機で洗いたいのですが、対応していますか？また、洗う際の注意点があれば教えてください。,0.5572938049227317
ふんわりキープとは何ですか？,洗濯終了時のお知らせ音を鳴らさないようにしたいのですが、その設定はどこで変更できますか？,0.5572927626014249
デリケートな衣類やおしゃれ着を優しく洗うための専用コースはありますか？,洗濯機が排水できないというエラーメッセージが表示されたのですが、原因は何でしょうか？自分で解決できる方法はありますか？,0.5572869680550292
自動投入機能はどう使うの？,ナノイーXとは何ですか？,0.5571296930857425
洗剤や柔軟剤を計る手間を省きたいのですが、自動投入機能はどのように設定して使用するのですか？,再洗はできる？,0.5571219716367195
白い粉が残るのですが。,この洗濯機で靴を洗うことはできますか？もしできない場合、何か代わりの方法はありますか？,0.5570953372119725
衣類を洗うだけで、乾燥工程は行いたくない場合、どのコースを選択すれば良いですか？,スニーカーは洗える？,0.5570803655690344
手動で個別に設定する事は可能ですか？,自宅の洗濯機で毛布を洗うことはできますか？もし洗える場合、何か特別な条件やコースがありますか？,0.5570502924636442
洗濯機を使い始めるにはどうすればいいですか？　手順を教えて下さい。,洗剤の種類によって設定は変わりますか？,0.5570418370698882
最大容量は？,ドラムが回らない。,0.5569815599468431
自動投入機能を使わずに、自分で洗剤を投入したいのですが、設定を教えてください？,ふんわりキープとは何ですか？,0.5569668165704904
2度洗いは出来ますか？,洗濯コースの選択肢が画面に表示されないのですが、これはどういう状況ですか？どのように対処すれば良いですか？,0.5569554288391402
洗剤の種類で設定変更は必要？,洗濯機本体に触れると熱いのですが、これは異常ですか？特に乾燥運転中に熱くなることはありますか？,0.5569504703388344
自動投入機能の使い方を教えて？,洗濯中に通常とは異なる音がするのですが、どのような原因が考えられますか？自分で確認できることはありますか？,0.5569045234063255
ジェット乾燥とは何ですか？,洗いのみは可能？,0.5568964215256353
衣類のしわを伸ばしたり、気になるにおいを取り除いたりしたいのですが、スチーム機能はどのように使えば良いですか？,ジェット乾燥とは何ですか？,0.5568921999775142
洗濯物の種類や汚れ具合に関わらず、最もおすすめの洗濯コースは何ですか？そのコースではどのような設定が自動で行われますか？,変な音がするのですが。,0.5568610116655142
衣類のしわを伸ばしたり、気になるにおいを取り除いたりしたいのですが、スチーム機能はどのように使えば良いですか？,コースが表示されない。,0.5567183342601792
洗濯をスタートする方法を教えて？,2度洗いは出来ますか？,0.5567082897236746
毛布は洗えますか？,時間がない時に、短時間で洗濯を済ませられるようなコースはありますか？,0.5567069492025851
外出先から洗濯を開始できますか？,深夜運転は静か？,0.5567038062596718
毛布は洗えますか？,白い粉が残るのですが。,0.556697061763187
すすぎや脱水はせずに、衣類を「洗い」の工程だけで済ませたいのですが、そのような設定はできますか？,「わが家流」設定って何？,0.5566815992079237
子供が誤って操作しないように、チャイルドロックを設定したいのですが、その方法と解除方法を教えてください。,洗濯物に白い粉が残っています。　どうしたらよいですか？,0.5566811606355989
ジェット乾燥機能は、どのような仕組みで乾燥をするのですか？,おすすめの洗剤・柔軟剤はありますか？,0.5566738693955963
洗濯終了時のお知らせ音を鳴らさないようにしたいのですが、その設定はどこで変更できますか？,自宅の洗濯機で毛布を洗うことはできますか？もし洗える場合、何か特別な条件やコースがありますか？,0.5566655654406507
洗剤を手動で投入できますか？,羽毛布団は洗えますか？,0.5566530632743812
洗濯物に白い粉が残っています。　どうしたらよいですか？,洗濯時間は何分ですか？,0.556597978257064
チャイルドロックの設定をしたい,外出先から洗濯を開始できますか？,0.5565837705920595
一時停止中にドアは開きますか？,予約機能の使い方をおしえて？,0.5565249060360731
洗いのみは可能？,水漏れの原因は？,0.5564390109856785
脱水時間の変更は可能ですか？,予約機能の使い方をおしえて？,0.5564366203733695
子供が誤って操作しないように、チャイルドロックを設定したいのですが、その方法と解除方法を教えてください。,深夜に運転しても大丈夫？,0.5564259064466783
「ふんわりキープ」とはどのような機能ですか？,夜遅い時間帯に洗濯機を運転しても、近隣に迷惑がかからないように静かに運転できるモードはありますか？,0.5563831757607542
省エネモードはありますか？,白い粉が残るのですが。,0.5563472867645106
洗剤の種類で設定変更は必要？,設定を工場出荷時に戻せる？,0.5563257821198209
チャイルドロックはどこで設定する？,スチーム機能は何に使うの？,0.5563074962568941
個別の設定は可能ですか？,おすすめの洗剤・柔軟剤はありますか？,0.556280503886518
ドアが閉まらない時は？,一般的な洗濯コースを選んだ場合、洗濯が完了するまでにおよそ何分くらいかかりますか？,0.5562794355955044
ジェット乾燥とは何ですか？,洗濯物に白い粉が残っています。　どうしたらよいですか？,0.5562765169563213
手動で個別に設定する事は可能ですか？,「ふんわりキープ」とはどのような機能ですか？,0.5562457470627657
ナノイーXとは何ですか？,洗濯中に通常とは異なる音がするのですが、どのような原因が考えられますか？自分で確認できることはありますか？,0.5562249511721622
ジェット乾燥機能は、どのような仕組みで乾燥をするのですか？,一般的な洗濯コースを選んだ場合、洗濯が完了するまでにおよそ何分くらいかかりますか？,0.5562083672493648
水が出ないエラーが出た。,洗濯を開始しようとしてもドラムが回転しないのですが、何が原因として考えられますか？安全装置が作動している可能性はありますか？,0.5562033850022811
ジェット乾燥って何？,スニーカーは洗える？,0.5561692857698575
この洗濯機で靴を洗うことはできますか？もしできない場合、何か代わりの方法はありますか？,本体が熱くなります,0.5561640671371999
この洗濯機で靴を洗うことはできますか？もしできない場合、何か代わりの方法はありますか？,本体が熱い。,0.5561490465886687
手動で個別に設定する事は可能ですか？,本体の揺れが気になる。,0.5561165471482852
洗濯物が絡まります。どうしたらよいですか？,この洗濯機で靴を洗うことはできますか？もしできない場合、何か代わりの方法はありますか？,0.5560575907222234
一時停止中にドアは開きますか？,夜遅い時間帯に洗濯機を運転しても、近隣に迷惑がかからないように静かに運転できるモードはありますか？,0.5560516855593253
時間がない時に、短時間で洗濯を済ませられるようなコースはありますか？,この洗濯機に最適な洗剤や柔軟剤はありますか？メーカーから推奨されている製品があれば教えてください。,0.5560202033914772
洗濯物を保護するために、洗濯ネットを使用する必要はありますか？どのような種類の衣類に推奨されますか？,この洗濯機で靴を洗うことはできますか？もしできない場合、何か代わりの方法はありますか？,0.5560176447729313
衣類のしわを伸ばしたり、気になるにおいを取り除いたりしたいのですが、スチーム機能はどのように使えば良いですか？,おしゃれ着コースはありますか？,0.5559836243615273
外出先から洗濯を開始できますか？,洗濯を一時停止した際、追加の衣類を入れるためにドアを開けることは可能ですか？その条件は何ですか？,0.5559597542784821
洗濯中に急な用事ができた場合、途中で運転を一時停止させることはできますか？その操作方法を教えてください。,洗濯コースの選択肢が画面に表示されないのですが、これはどういう状況ですか？どのように対処すれば良いですか？,0.5559562068963197
白い粉が残るのですが。,靴は洗えますか？,0.5559483392551989
ナノイーXとは何ですか？,白い粉が残るのですが。,0.5559381383552812
スチーム機能の使い方を教えて？,深夜運転は静か？,0.5559100673456108
お急ぎコースはありますか？,設定を工場出荷時に戻せる？,0.5558756572557921
洗濯をスタートする方法を教えて？,再洗はできる？,0.5558663725221782
運転終了時にアラームを鳴らさないようにできますか？,排水エラーが出た。,0.5558582639566318
最適なコースは？,ジェット乾燥機能は、どのような仕組みで乾燥をするのですか？,0.5558493026360627
洗濯の各工程（洗い、すすぎ、脱水、乾燥）について、自分の好みに合わせて時間を設定したり、回数を変更したりすることはできますか？,乾燥だけで使用出来ますか？,0.555845109414689
スチーム機能は何に使うの？,コースが表示されない。,0.5558137728044512
洗濯物を保護するために、洗濯ネットを使用する必要はありますか？どのような種類の衣類に推奨されますか？,おしゃれ着は洗える？,0.5558096905362544
乾燥なしで洗濯するには？,自動投入機能を使わずに、自分で洗剤を投入したいのですが、設定を教えてください？,0.555784889239423
ジェット乾燥って何？,すすぎ回数は変えられる？,0.5557634789175696
自宅にいない時でも、スマートフォンなどを使って洗濯機を遠隔で操作し、洗濯を開始することはできますか？,洗濯物を保護するために、洗濯ネットを使用する必要はありますか？どのような種類の衣類に推奨されますか？,0.5557515771179437
スチーム機能の使い方を教えて？,洗濯機本体が不安定で揺れるのですが、どうすれば改善できますか？設置状況を確認する必要がありますか？,0.5557377763669352
おすすめのコースを教えて？,洗濯の各工程（洗い、すすぎ、脱水、乾燥）について、自分の好みに合わせて時間を設定したり、回数を変更したりすることはできますか？,0.5557091228333996
おしゃれ着コースはありますか？,本体が熱い。,0.5556924719898122
終了音を消すには？,毛布の洗濯は可能？,0.555687500595243
自宅にいない時でも、スマートフォンなどを使って洗濯機を遠隔で操作し、洗濯を開始することはできますか？,深夜運転は静か？,0.5556849530733102
洗濯だけする方法を教えて？,白い粉が残るのですが。,0.5556701848275334
変な音がするのですが。,この洗濯機に最適な洗剤や柔軟剤はありますか？メーカーから推奨されている製品があれば教えてください。,0.5556417708429205
すすぎ回数は変えられる？,本体の揺れが気になる。,0.555640416116139
ドラムが動きません,推奨の洗剤・柔軟剤は？,0.5556400741139509
すすぎ回数は変えられる？,本体がぐらつきます。どうしたら良いですか？,0.5556394067852927
羽毛布団は洗濯できる？,洗濯時間は何分ですか？,0.5556111512843351
洗濯機を使い始めるにはどうすればいいですか？　手順を教えて下さい。,洗濯のすすぎ回数を自分の希望に合わせて変更したいのですが、何回から何回まで選べますか？,0.5555853736587957
自動投入機能の使い方を教えて？,「洗い」だけ行いたいのですが,0.555525964237164
洗濯を開始しようとしてもドラムが回転しないのですが、何が原因として考えられますか？安全装置が作動している可能性はありますか？,誤った設定をしてしまったので、洗濯機の設定をすべて初期状態に戻したいのですが、その方法を教えてください。,0.5554979601684885
洗濯中に通常とは異なる音がするのですが、どのような原因が考えられますか？自分で確認できることはありますか？,ドアが閉まらない時は？,0.5554933372752331
ドアが完全に閉まりません,洗濯機本体が不安定で揺れるのですが、どうすれば改善できますか？設置状況を確認する必要がありますか？,0.5554718840074436
手動で個別に設定する事は可能ですか？,「わが家流」設定って何？,0.5553800129321782
夜遅い時間帯に洗濯機を運転しても、近隣に迷惑がかからないように静かに運転できるモードはありますか？,おしゃれ着コースはありますか？,0.5553769903696792
衣類を洗うだけで、乾燥工程は行いたくない場合、どのコースを選択すれば良いですか？,ジェット乾燥って何？,0.5553656558345554
自動投入機能の使い方を教えて？,洗濯機に水が供給されないというエラーが表示されたのですが、どのような原因が考えられますか？自分でできる確認事項はありますか？,0.5553461014207575
洗剤の種類によって設定は変わりますか？,時間がない時に、短時間で洗濯を済ませられるようなコースはありますか？,0.5553392740109563
子供が誤って操作しないように、チャイルドロックを設定したいのですが、その方法と解除方法を教えてください。,この洗濯機に最適な洗剤や柔軟剤はありますか？メーカーから推奨されている製品があれば教えてください。,0.5553280762499104
洗濯の始め方は？,スニーカーは洗える？,0.5553032427879974
洗濯の始め方は？,おしゃれ着は洗える？,0.5552905651088276
運転終了時にアラームを鳴らさないようにできますか？,「排水できない」エラーが出ます,0.5552781391128587
子供が誤って操作しないように、チャイルドロックを設定したいのですが、その方法と解除方法を教えてください。,白い粉が残るのですが。,0.5551820621316268
ドアが閉まらない時は？,「排水できない」エラーが出ます,0.5551598068026827
運転終了時にアラームを鳴らさないようにできますか？,この洗濯機で一度に洗濯できる衣類の最大量と、乾燥できる衣類の最大量はそれぞれ何キログラムですか？,0.5551527509021515
チャイルドロックはどこで設定する？,ドアが閉まらない時は？,0.5551505593059184
洗濯中に通常とは異なる音がするのですが、どのような原因が考えられますか？自分で確認できることはありますか？,予約の仕方は？,0.5551226682347505
チャイルドロックの設定をしたい,この洗濯機に最適な洗剤や柔軟剤はありますか？メーカーから推奨されている製品があれば教えてください。,0.5550968195212923
羽毛布団を洗濯機で洗いたいのですが、対応していますか？また、洗う際の注意点があれば教えてください。,排水エラーが出た。,0.5550510857951495
コースが表示されないのですが,洗濯と乾燥の最大容量は？,0.5550282328002398
洗濯物の種類によって脱水時間を調整したいのですが、何分まで設定できますか？,夜遅い時間帯に洗濯機を運転しても、近隣に迷惑がかからないように静かに運転できるモードはありますか？,0.5550200065534991
毛布は洗えますか？,おすすめの洗剤・柔軟剤はありますか？,0.5550180604412869
洗濯物の種類や汚れ具合に関わらず、最もおすすめの洗濯コースは何ですか？そのコースではどのような設定が自動で行われますか？,ジェット乾燥機能は、どのような仕組みで乾燥をするのですか？,0.5550096381160832
洗濯を一時停止した際、追加の衣類を入れるためにドアを開けることは可能ですか？その条件は何ですか？,この洗濯機に最適な洗剤や柔軟剤はありますか？メーカーから推奨されている製品があれば教えてください。,0.554990829543609
ふんわりキープの目的は？,この洗濯機に最適な洗剤や柔軟剤はありますか？メーカーから推奨されている製品があれば教えてください。,0.5549852678451495
スチーム機能は何に使うの？,洗濯機本体が不安定で揺れるのですが、どうすれば改善できますか？設置状況を確認する必要がありますか？,0.5549518247573837
衣類を洗うだけで、乾燥工程は行いたくない場合、どのコースを選択すれば良いですか？,洗濯機に水が供給されないというエラーが表示されたのですが、どのような原因が考えられますか？自分でできる確認事項はありますか？,0.5549279866395257
羽毛布団は洗濯できる？,水が出ないエラーが出た。,0.5549067766578457
洗濯が終わったのにドアがロックされて開かないのですが、これは故障ですか？どのくらい時間が経てば開くようになりますか？,最大容量は？,0.554899022097999
運転終了時にアラームを鳴らさないようにできますか？,深夜運転は静か？,0.5548468215221174
洗剤の種類によって設定は変わりますか？,洗濯と乾燥の最大容量は？,0.5548172925377871
洗濯終了時のお知らせ音を鳴らさないようにしたいのですが、その設定はどこで変更できますか？,この洗濯機で靴を洗うことはできますか？もしできない場合、何か代わりの方法はありますか？,0.5547853942921508
ナノイーXとは何ですか？,すすぎや脱水はせずに、衣類を「洗い」の工程だけで済ませたいのですが、そのような設定はできますか？,0.5547837090797182
ドラムが動きません,誤った設定をしてしまったので、洗濯機の設定をすべて初期状態に戻したいのですが、その方法を教えてください。,0.5547391866379602
洗濯のすすぎ回数を自分の希望に合わせて変更したいのですが、何回から何回まで選べますか？,ドラムが動きません,0.5547303959273593
水が出ないエラーが出た。,一般的な洗濯コースを選んだ場合、洗濯が完了するまでにおよそ何分くらいかかりますか？,0.554623884118906
ナノイーX機能について詳しく教えてください。どのような効果があり、どのコースで利用できますか？,最大容量は？,0.5546048264019332
チャイルドロックの設定をしたい,手動で洗剤を入れることはできますか？,0.5545563156778328
洗剤を手動で投入できますか？,ナノイーXの機能は？,0.5545476694405804
自動投入機能の使い方を教えて？,変な音がするのですが。,0.5545321776932781
ナノイーXの機能は？,使用する洗剤のブランドや種類を変更した場合、洗濯機側で何か設定を変更する必要はありますか？,0.5545295875649113
ジェット乾燥って何？,最大容量は？,0.5545128323386026
洗濯中に通常とは異なる音がするのですが、どのような原因が考えられますか？自分で確認できることはありますか？,洗濯時間は何分ですか？,0.5544970676267367
乾燥なしで洗濯するには？,ドラムが動きません,0.5544917819186856
毛布は洗えますか？,洗濯機のドアが最後まで閉まらないのですが、何を確認すれば良いですか？,0.5544898673692789
ナノイーXの機能は？,本体がぐらつきます。どうしたら良いですか？,0.5544765412540653
手動で個別に設定する事は可能ですか？,コースが表示されない。,0.5544706393793715
ナノイーXとは何ですか？,時間がない時に、短時間で洗濯を済ませられるようなコースはありますか？,0.5544613004408521
おすすめのコースを教えて？,洗濯中に通常とは異なる音がするのですが、どのような原因が考えられますか？自分で確認できることはありますか？,0.5544400971402436
ドアが開かない原因は？,外出先から洗濯を開始できますか？,0.5544127134359507
洗濯物を保護するために、洗濯ネットを使用する必要はありますか？どのような種類の衣類に推奨されますか？,異音がします。どうしたらよいですか？,0.5543998981843039
予約機能の使い方をおしえて？,設定を工場出荷時に戻せる？,0.5543951209598748
洗濯ネットは必要ですか？,羽毛布団は洗えますか？,0.5543920741475596
乾燥だけで使用出来ますか？,洗濯機に水が供給されないというエラーが表示されたのですが、どのような原因が考えられますか？自分でできる確認事項はありますか？,0.5543613311950844
衣類を洗うだけで、乾燥工程は行いたくない場合、どのコースを選択すれば良いですか？,洗濯中に急な用事ができた場合、途中で運転を一時停止させることはできますか？その操作方法を教えてください。,0.5542958643094233
ドアが開かない原因は？,羽毛布団を洗濯機で洗いたいのですが、対応していますか？また、洗う際の注意点があれば教えてください。,0.5542356986834871
急いで洗濯したい時は？,この洗濯機に最適な洗剤や柔軟剤はありますか？メーカーから推奨されている製品があれば教えてください。,0.5542280146410141
夜遅い時間帯に洗濯機を運転しても、近隣に迷惑がかからないように静かに運転できるモードはありますか？,一般的な洗濯コースを選んだ場合、洗濯が完了するまでにおよそ何分くらいかかりますか？,0.5541824903075241
衣類を洗うだけで、乾燥工程は行いたくない場合、どのコースを選択すれば良いですか？,自動投入機能を使わずに、自分で洗剤を投入したいのですが、設定を教えてください？,0.554126760425665
毛布の洗濯は可能？,最大容量は？,0.5540851978008572
洗濯ネットは必要ですか？,本体がぐらつきます。どうしたら良いですか？,0.5540744731115056
洗濯だけする方法を教えて？,洗濯終了時のお知らせ音を鳴らさないようにしたいのですが、その設定はどこで変更できますか？,0.5540573878752552
特に汚れがひどい洗濯物なので、2回続けて洗いたいのですが、そのような設定は可能ですか？,洗濯を開始しようとしてもドラムが回転しないのですが、何が原因として考えられますか？安全装置が作動している可能性はありますか？,0.5540141439510609
ドアが開かないのですが,夜遅い時間帯に洗濯機を運転しても、近隣に迷惑がかからないように静かに運転できるモードはありますか？,0.5539987342020823
手動で個別に設定する事は可能ですか？,乾燥なしで洗濯するには？,0.5539783611686175
乾燥だけで使用出来ますか？,洗濯後に衣類が絡まってしまうことが多いのですが、何か絡まりを防ぐための対処法はありますか？,0.5539498983178411
深夜に運転しても大丈夫？,使用する洗剤のブランドや種類を変更した場合、洗濯機側で何か設定を変更する必要はありますか？,0.5539455683758221
最大容量は？,水漏れの原因は？,0.55393616411656
「わが家流」設定って何？,洗濯機が排水できないというエラーメッセージが表示されたのですが、原因は何でしょうか？自分で解決できる方法はありますか？,0.5539279339377646
「わが家流」設定って何？,「排水できない」エラーが出ます,0.5539259663662364
洗濯終了時のお知らせ音を鳴らさないようにしたいのですが、その設定はどこで変更できますか？,推奨の洗剤・柔軟剤は？,0.5538996471400833
ドアが完全に閉まりません,一般的な洗濯コースを選んだ場合、洗濯が完了するまでにおよそ何分くらいかかりますか？,0.5538596190377434
洗濯機本体が不安定で揺れるのですが、どうすれば改善できますか？設置状況を確認する必要がありますか？,洗濯と乾燥の最大容量は？,0.553855628633066
手動で個別に設定する事は可能ですか？,異音がします。どうしたらよいですか？,0.5538435386334042
乾燥だけで使用出来ますか？,自動投入機能を使わずに、自分で洗剤を投入したいのですが、設定を教えてください？,0.5538252507898043
深夜運転は静か？,洗濯機に水が供給されないというエラーが表示されたのですが、どのような原因が考えられますか？自分でできる確認事項はありますか？,0.5538211941975812
羽毛布団を洗濯機で洗いたいのですが、対応していますか？また、洗う際の注意点があれば教えてください。,最大容量は？,0.5537558567424621
ジェット乾燥とは何ですか？,白い粉が残るのですが。,0.5537426290481748
おしゃれ着は洗える？,洗濯機に水が供給されないというエラーが表示されたのですが、どのような原因が考えられますか？自分でできる確認事項はありますか？,0.5537318697208573
チャイルドロックの設定をしたい,洗濯のすすぎ回数を自分の希望に合わせて変更したいのですが、何回から何回まで選べますか？,0.5537305404600035
急いで洗濯したい時は？,水漏れしています。どうしたらよいですか？,0.5537268399309074
自宅にいない時でも、スマートフォンなどを使って洗濯機を遠隔で操作し、洗濯を開始することはできますか？,ドアが完全に閉まりません,0.5537250775538684
最適なコースは？,乾燥だけで使用出来ますか？,0.5537201173824745
洗濯ネットは使うべき？,洗濯機の下から水が漏れているのですが、どのような原因が考えられますか？自分で確認できる対処法はありますか？,0.5537199435048079
洗剤を手動で投入できますか？,洗濯機本体が不安定で揺れるのですが、どうすれば改善できますか？設置状況を確認する必要がありますか？,0.5537147721341066
洗剤や柔軟剤を計る手間を省きたいのですが、自動投入機能はどのように設定して使用するのですか？,一時停止中にドアは開きますか？,0.5537139047822208
「ふんわりキープ」とはどのような機能ですか？,洗濯と乾燥の最大容量は？,0.5536948676249348
洗濯の始め方は？,ドアが開かない原因は？,0.5536881302105433
洗濯中に一時停止は可能？,急いで洗濯したい時は？,0.5536727266478596
洗剤の種類によって設定は変わりますか？,設定の初期化はできますか？,0.5536639564368719
ふんわりキープとは何ですか？,水漏れしています。どうしたらよいですか？,0.553657258374083
最適なコースは？,チャイルドロックはどこで設定する？,0.5536440915248778
洗濯の始め方は？,自動投入機能の使い方を教えて？,0.5536296825226443
洗いのみは可能？,おすすめの洗剤・柔軟剤はありますか？,0.5536243804456493
乾燥なしで洗濯するには？,洗濯物に白い粉が残っています。　どうしたらよいですか？,0.5536094061569274
お急ぎコースはありますか？,「排水できない」エラーが出ます,0.553564463622316
洗濯物に白い粉が残っています。　どうしたらよいですか？,洗濯と乾燥の最大容量は？,0.5535309113260581
終了音を消すには？,深夜運転は静か？,0.5535264303927265
洗剤を手動で投入できますか？,ナノイーXとは何ですか？,0.553522899275031
ふんわりキープとは何ですか？,洗いのみは可能？,0.5535165146519432
すすぎ回数は変えられる？,ドアが開かない原因は？,0.553515167289113
本体がぐらつきます。どうしたら良いですか？,予約機能の使い方をおしえて？,0.553496636765124
異音がします。どうしたらよいですか？,コースが表示されない。,0.5534246745572604
手動で洗剤を入れることはできますか？,スチーム機能の使い方を教えて？,0.5534222293365212
洗濯をスタートする方法を教えて？,ドラムが動きません,0.5534098403976508
ナノイーXの機能は？,白い粉が残るのですが。,0.5533799910904319
自宅の洗濯機で毛布を洗うことはできますか？もし洗える場合、何か特別な条件やコースがありますか？,本体がぐらつきます。どうしたら良いですか？,0.553369691157567
乾燥なしで洗濯するには？,羽毛布団を洗濯機で洗いたいのですが、対応していますか？また、洗う際の注意点があれば教えてください。,0.5533628938531384
洗濯中に通常とは異なる音がするのですが、どのような原因が考えられますか？自分で確認できることはありますか？,ドラムが回らない。,0.5533406782483645
個別の設定は可能ですか？,一時停止したらドアは開く？,0.5533216002705593
遠隔で洗濯を開始できますか？,洗濯機が排水できないというエラーメッセージが表示されたのですが、原因は何でしょうか？自分で解決できる方法はありますか？,0.553319325443564
再洗はできる？,羽毛布団を洗濯機で洗いたいのですが、対応していますか？また、洗う際の注意点があれば教えてください。,0.5532377819892462
コースが表示されない。,最大容量は？,0.5531975443325978
チャイルドロックの設定をしたい,終了音を消すには？,0.5531891622455432
洗濯だけする方法を教えて？,洗剤を手動で投入できますか？,0.5531580796623514
洗濯物の種類によって脱水時間を調整したいのですが、何分まで設定できますか？,この洗濯機で一度に洗濯できる衣類の最大量と、乾燥できる衣類の最大量はそれぞれ何キログラムですか？,0.5531480401713476
ジェット乾燥機能は、どのような仕組みで乾燥をするのですか？,洗濯時間は何分ですか？,0.5531317359884468
一時停止したらドアは開く？,羽毛布団は洗濯できる？,0.5531180751595683
自宅にいない時でも、スマートフォンなどを使って洗濯機を遠隔で操作し、洗濯を開始することはできますか？,誤った設定をしてしまったので、洗濯機の設定をすべて初期状態に戻したいのですが、その方法を教えてください。,0.5530984508535783
洗濯コースの選択肢が画面に表示されないのですが、これはどういう状況ですか？どのように対処すれば良いですか？,洗濯機本体に触れると熱いのですが、これは異常ですか？特に乾燥運転中に熱くなることはありますか？,0.5530698559898409
洗濯コースの選択肢が画面に表示されないのですが、これはどういう状況ですか？どのように対処すれば良いですか？,ドラムが回らない。,0.5530695117582826
洗濯中に通常とは異なる音がするのですが、どのような原因が考えられますか？自分で確認できることはありますか？,洗濯の所要時間は？,0.5530500868934347
運転終了時にアラームを鳴らさないようにできますか？,深夜に運転しても大丈夫？,0.5530497199334818
洗濯はせず、衣類を乾燥させる機能だけを使いたいのですが、どのように操作すれば良いですか？,この洗濯機で一度に洗濯できる衣類の最大量と、乾燥できる衣類の最大量はそれぞれ何キログラムですか？,0.5530080775761546
洗濯ネットは使うべき？,この洗濯機に最適な洗剤や柔軟剤はありますか？メーカーから推奨されている製品があれば教えてください。,0.552997194183743
ジェット乾燥って何？,本体が熱くなります,0.552996317290887
ドラムが動きません,この洗濯機に最適な洗剤や柔軟剤はありますか？メーカーから推奨されている製品があれば教えてください。,0.5529782675883421
特に汚れがひどい洗濯物なので、2回続けて洗いたいのですが、そのような設定は可能ですか？,ドアが開かないのですが,0.5529474854613072
おしゃれ着は洗える？,白い粉が残るのですが。,0.5529130365021846
この洗濯機で一度に洗濯できる衣類の最大量と、乾燥できる衣類の最大量はそれぞれ何キログラムですか？,この洗濯機に最適な洗剤や柔軟剤はありますか？メーカーから推奨されている製品があれば教えてください。,0.5528898347764211
最適なコースは？,最大容量は？,0.5528521088731361
ナノイーX機能について詳しく教えてください。どのような効果があり、どのコースで利用できますか？,洗濯の所要時間は？,0.5527836018686954
毛布の洗濯は可能？,お急ぎコースはありますか？,0.5527630664758971
すすぎ回数は変えられる？,洗濯ネットは必要ですか？,0.5527360613586645
洗濯の始め方は？,乾燥だけで使用出来ますか？,0.5527322677505951
最適なコースは？,洗濯機の下から水が漏れているのですが、どのような原因が考えられますか？自分で確認できる対処法はありますか？,0.5527180482850211
手動で個別に設定する事は可能ですか？,コースが表示されないのですが,0.5526928528796605
最適なコースは？,この洗濯機で靴を洗うことはできますか？もしできない場合、何か代わりの方法はありますか？,0.5526855453497316
省エネ機能はある？,白い粉が残るのですが。,0.5526830842235324
変な音がするのですが。,本体が熱くなります,0.5526355388980915
個別の設定は可能ですか？,ジェット乾燥とは何ですか？,0.5526227686788545
ジェット乾燥って何？,本体がぐらつきます。どうしたら良いですか？,0.5526097560610468
洗剤の種類で設定変更は必要？,洗濯の所要時間は？,0.5526061200778094
チャイルドロックの設定をしたい,すすぎの設定を変更することは可能ですか？,0.5525700499711867
「わが家流」設定って何？,洗剤の種類で設定変更は必要？,0.5525607509821298
洗濯をスタートする方法を教えて？,洗濯機の下から水が漏れているのですが、どのような原因が考えられますか？自分で確認できる対処法はありますか？,0.552547152748167
洗濯を一時停止した際、追加の衣類を入れるためにドアを開けることは可能ですか？その条件は何ですか？,洗濯物の絡まりを防ぐには？,0.5525388594172752
すすぎの設定を変更することは可能ですか？,洗濯物に白い粉が残っています。　どうしたらよいですか？,0.5525248775766922
ドラムが回らない。,この洗濯機に最適な洗剤や柔軟剤はありますか？メーカーから推奨されている製品があれば教えてください。,0.5525107902791074
個別の設定は可能ですか？,自宅の洗濯機で毛布を洗うことはできますか？もし洗える場合、何か特別な条件やコースがありますか？,0.5525053821090422
本体がぐらつきます。どうしたら良いですか？,洗濯の所要時間は？,0.5524912181449739
「ふんわりキープ」とはどのような機能ですか？,洗濯の所要時間は？,0.5524580228804616
子供が誤って操作しないように、チャイルドロックを設定したいのですが、その方法と解除方法を教えてください。,外出先から洗濯を開始できますか？,0.5524232695885888
洗濯物に白い粉が残っています。　どうしたらよいですか？,急いで洗濯したい時は？,0.5524159165330942
洗濯の始め方は？,ドアが開かないのですが,0.5524050086118066
スチーム機能の使い方を教えて？,時間がない時に、短時間で洗濯を済ませられるようなコースはありますか？,0.5523208687840178
終了音を消すには？,ドアが完全に閉まりません,0.552306027916436
ジェット乾燥機能は、どのような仕組みで乾燥をするのですか？,洗濯機本体に触れると熱いのですが、これは異常ですか？特に乾燥運転中に熱くなることはありますか？,0.5522997751055325
ナノイーX機能について詳しく教えてください。どのような効果があり、どのコースで利用できますか？,洗濯機に水が供給されないというエラーが表示されたのですが、どのような原因が考えられますか？自分でできる確認事項はありますか？,0.552259517017941
洗剤や柔軟剤を計る手間を省きたいのですが、自動投入機能はどのように設定して使用するのですか？,「洗い」だけ行いたいのですが,0.5522523369533323
すすぎの設定を変更することは可能ですか？,一時停止中にドアは開きますか？,0.5522113614006814
洗濯終了時のお知らせ音を鳴らさないようにしたいのですが、その設定はどこで変更できますか？,予約機能の使い方をおしえて？,0.5521948919944933
チャイルドロックはどこで設定する？,ふんわりキープの目的は？,0.552133096430937
手動で洗剤を入れることはできますか？,洗濯ネットは必要ですか？,0.5521197769228188
乾燥なしで洗濯するには？,洗剤を手動で投入できますか？,0.5521015717823179
脱水時間の変更は可能ですか？,羽毛布団は洗濯できる？,0.55208947951892
すすぎや脱水はせずに、衣類を「洗い」の工程だけで済ませたいのですが、そのような設定はできますか？,洗濯機のドアが最後まで閉まらないのですが、何を確認すれば良いですか？,0.5520842414851344
洗濯の各工程（洗い、すすぎ、脱水、乾燥）について、自分の好みに合わせて時間を設定したり、回数を変更したりすることはできますか？,お急ぎコースはありますか？,0.5520642426132152
洗濯の途中で一時停止できますか？,羽毛布団は洗濯できる？,0.5520356048044267
ふんわりキープの目的は？,夜遅い時間帯に洗濯機を運転しても、近隣に迷惑がかからないように静かに運転できるモードはありますか？,0.552033956910258
ふんわりキープとは何ですか？,「排水できない」エラーが出ます,0.5519692016359198
子供が誤って操作しないように、チャイルドロックを設定したいのですが、その方法と解除方法を教えてください。,洗濯機本体が不安定で揺れるのですが、どうすれば改善できますか？設置状況を確認する必要がありますか？,0.5519403436732975
洗濯機を使い始めるにはどうすればいいですか？　手順を教えて下さい。,この洗濯機で靴を洗うことはできますか？もしできない場合、何か代わりの方法はありますか？,0.5519297302718288
洗濯をスタートする方法を教えて？,乾燥なしで洗濯するには？,0.5519191964837233
チャイルドロックはどこで設定する？,洗濯を開始しようとしてもドラムが回転しないのですが、何が原因として考えられますか？安全装置が作動している可能性はありますか？,0.5519108460186688
頻繁に使う洗濯設定を保存しておきたいのですが、「わが家流」設定とは具体的にどのような機能ですか？,洗濯の開始時刻を事前に設定しておきたいのですが、予約機能はどのように使えば良いですか？,0.5519016945125987
ふんわりキープの目的は？,変な音がするのですが。,0.5518902657835447
脱水時間の変更は可能ですか？,「わが家流」設定って何？,0.5518559769187283
自動投入機能はどう使うの？,洗濯の所要時間は？,0.5518491657954787
自動投入機能はどう使うの？,異音がします。どうしたらよいですか？,0.5517714924123888
チャイルドロックはどこで設定する？,羽毛布団は洗えますか？,0.5517462804392164
洗濯中に急な用事ができた場合、途中で運転を一時停止させることはできますか？その操作方法を教えてください。,時間がない時に、短時間で洗濯を済ませられるようなコースはありますか？,0.5517412544490778
羽毛布団は洗えますか？,急いで洗濯したい時は？,0.5517408766900833
洗濯の開始時刻を事前に設定しておきたいのですが、予約機能はどのように使えば良いですか？,洗濯と乾燥の最大容量は？,0.5517281783122028
乾燥なしで洗濯するには？,洗いのみは可能？,0.5517263228763036
個別の設定は可能ですか？,終了音を消すには？,0.5517254620117975
おしゃれ着コースはありますか？,設定の初期化はできますか？,0.5517180493414924
洗濯後に衣類が絡まってしまうことが多いのですが、何か絡まりを防ぐための対処法はありますか？,時間がない時に、短時間で洗濯を済ませられるようなコースはありますか？,0.5517071629690817
洗いのみは可能？,設定の初期化はできますか？,0.5516600525443754
再洗はできる？,ナノイーX機能について詳しく教えてください。どのような効果があり、どのコースで利用できますか？,0.5516558186232465
洗濯はせず、衣類を乾燥させる機能だけを使いたいのですが、どのように操作すれば良いですか？,自動投入機能の使い方を教えて？,0.5516543435607035
手動で洗剤を入れることはできますか？,時間がない時に、短時間で洗濯を済ませられるようなコースはありますか？,0.5516524156096501
洗濯機を使い始めるにはどうすればいいですか？　手順を教えて下さい。,ドアが開かない原因は？,0.5515849935208018
自宅にいない時でも、スマートフォンなどを使って洗濯機を遠隔で操作し、洗濯を開始することはできますか？,洗濯ネットは必要ですか？,0.5515728979729426
自宅の洗濯機で毛布を洗うことはできますか？もし洗える場合、何か特別な条件やコースがありますか？,設定の初期化はできますか？,0.5515637598822456
洗濯中に急な用事ができた場合、途中で運転を一時停止させることはできますか？その操作方法を教えてください。,洗濯の開始時刻を事前に設定しておきたいのですが、予約機能はどのように使えば良いですか？,0.551558429300234
ナノイーXとは何ですか？,洗濯が終わったのにドアがロックされて開かないのですが、これは故障ですか？どのくらい時間が経てば開くようになりますか？,0.5515256345172437
ナノイーXとは何ですか？,「排水できない」エラーが出ます,0.551470509482376
衣類を洗うだけで、乾燥工程は行いたくない場合、どのコースを選択すれば良いですか？,手動で洗剤を入れることはできますか？,0.5514594370308642
ナノイーX機能について詳しく教えてください。どのような効果があり、どのコースで利用できますか？,洗濯と乾燥の最大容量は？,0.5514526184740691
洗濯終了時のお知らせ音を鳴らさないようにしたいのですが、その設定はどこで変更できますか？,遠隔で洗濯を開始できますか？,0.5514417815609631
洗濯だけする方法を教えて？,洗濯物が絡まります。どうしたらよいですか？,0.5513823545891736
洗濯ネットは必要ですか？,使用する洗剤のブランドや種類を変更した場合、洗濯機側で何か設定を変更する必要はありますか？,0.5513757583961418
ドアが開かない原因は？,おしゃれ着は洗える？,0.5513639971112164
ドラムが回らない。,推奨の洗剤・柔軟剤は？,0.551357478711378
手動で個別に設定する事は可能ですか？,再洗はできる？,0.5513336851703359
おすすめのコースを教えて？,洗剤の種類によって設定は変わりますか？,0.5513331815509908
自動投入機能の使い方を教えて？,洗濯物の絡まりを防ぐには？,0.5513034228136813
ジェット乾燥って何？,「排水できない」エラーが出ます,0.551287762072617
手動で洗剤を入れることはできますか？,羽毛布団を洗濯機で洗いたいのですが、対応していますか？また、洗う際の注意点があれば教えてください。,0.5512790483778864
チャイルドロックはどこで設定する？,洗濯と乾燥の最大容量は？,0.5512755751055792
手動で個別に設定する事は可能ですか？,一般的な洗濯コースを選んだ場合、洗濯が完了するまでにおよそ何分くらいかかりますか？,0.5512738567653163
手動で洗剤を入れることはできますか？,この洗濯機で一度に洗濯できる衣類の最大量と、乾燥できる衣類の最大量はそれぞれ何キログラムですか？,0.551260550179229
スチーム機能の使い方を教えて？,ドアが開かない原因は？,0.5512556190402123
個別の設定は可能ですか？,2度洗いは出来ますか？,0.5512472758778748
スチーム機能は何に使うの？,終了音を消すには？,0.5512355612011908
洗濯機のドアが最後まで閉まらないのですが、何を確認すれば良いですか？,「排水できない」エラーが出ます,0.5512344063480188
洗濯ネットは使うべき？,急いで洗濯したい時は？,0.5512238970202603
洗濯の始め方は？,特に汚れがひどい洗濯物なので、2回続けて洗いたいのですが、そのような設定は可能ですか？,0.5512087381164633
洗濯機が排水できないというエラーメッセージが表示されたのですが、原因は何でしょうか？自分で解決できる方法はありますか？,一般的な洗濯コースを選んだ場合、洗濯が完了するまでにおよそ何分くらいかかりますか？,0.5511989879981395
「ふんわりキープ」とはどのような機能ですか？,終了音を消すには？,0.5511902111352067
急いで洗濯したい時は？,設定の初期化はできますか？,0.5511877662579683
遠隔で洗濯を開始できますか？,「わが家流」設定って何？,0.5511602885769462
洗濯をスタートする方法を教えて？,「ふんわりキープ」とはどのような機能ですか？,0.5511342455167848
洗濯後に衣類が絡まってしまうことが多いのですが、何か絡まりを防ぐための対処法はありますか？,異音がします。どうしたらよいですか？,0.5510934872230573
ジェット乾燥とは何ですか？,一般的な洗濯コースを選んだ場合、洗濯が完了するまでにおよそ何分くらいかかりますか？,0.5510761051992548
手動で洗剤を入れることはできますか？,洗濯を開始しようとしてもドラムが回転しないのですが、何が原因として考えられますか？安全装置が作動している可能性はありますか？,0.5510614534113599
洗剤や柔軟剤を計る手間を省きたいのですが、自動投入機能はどのように設定して使用するのですか？,本体がぐらつきます。どうしたら良いですか？,0.5510240890882901
2度洗いは出来ますか？,コースが表示されない。,0.550936642790717
再洗はできる？,ドアが開かないのですが,0.5509272275868683
洗濯の各工程（洗い、すすぎ、脱水、乾燥）について、自分の好みに合わせて時間を設定したり、回数を変更したりすることはできますか？,急いで洗濯したい時は？,0.5508910821468274
洗濯をスタートする方法を教えて？,洗濯の開始時刻を事前に設定しておきたいのですが、予約機能はどのように使えば良いですか？,0.550866679292159
ドアが開かないのですが,水が出ないエラーが出た。,0.5508453277359897
夜遅い時間帯に洗濯機を運転しても、近隣に迷惑がかからないように静かに運転できるモードはありますか？,おしゃれ着は洗える？,0.5508235456558752
運転終了時にアラームを鳴らさないようにできますか？,毛布の洗濯は可能？,0.5508229503876525
終了音を消すには？,ドラムが動きません,0.5508191989613087
使用する洗剤のブランドや種類を変更した場合、洗濯機側で何か設定を変更する必要はありますか？,水漏れしています。どうしたらよいですか？,0.5508055568956095
ナノイーXとは何ですか？,本体の揺れが気になる。,0.550777246671997
省エネモードはありますか？,洗濯物に白い粉が残っています。　どうしたらよいですか？,0.5507467196643056
ナノイーX機能について詳しく教えてください。どのような効果があり、どのコースで利用できますか？,洗いのみは可能？,0.5507434835523768
ジェット乾燥って何？,洗濯物に白い粉が残っています。　どうしたらよいですか？,0.5507371299032133
本体がぐらつきます。どうしたら良いですか？,この洗濯機で一度に洗濯できる衣類の最大量と、乾燥できる衣類の最大量はそれぞれ何キログラムですか？,0.5507182400244723
洗濯の始め方は？,靴は洗えますか？,0.5506773496477141
デリケートな衣類やおしゃれ着を優しく洗うための専用コースはありますか？,洗濯後、衣類に白い粉状のものが付着しているのですが、何が原因ですか？どのように対処すれば改善されますか？,0.5506161096922377
遠隔で洗濯を開始できますか？,水漏れの原因は？,0.550585984028614
乾燥なしで洗濯するには？,運転終了時にアラームを鳴らさないようにできますか？,0.5505425571271236
洗濯物が絡まります。どうしたらよいですか？,予約の仕方は？,0.5505150550162878
洗濯の始め方は？,ふんわりキープとは何ですか？,0.5504740117891276
すすぎや脱水はせずに、衣類を「洗い」の工程だけで済ませたいのですが、そのような設定はできますか？,コースが表示されないのですが,0.5504411366526081
洗濯機のドアが最後まで閉まらないのですが、何を確認すれば良いですか？,本体が熱い。,0.5504231673589416
洗濯物の種類や汚れ具合に関わらず、最もおすすめの洗濯コースは何ですか？そのコースではどのような設定が自動で行われますか？,衣類のしわを伸ばしたり、気になるにおいを取り除いたりしたいのですが、スチーム機能はどのように使えば良いですか？,0.5503610042304428
一時停止中にドアは開きますか？,羽毛布団を洗濯機で洗いたいのですが、対応していますか？また、洗う際の注意点があれば教えてください。,0.5503543367554677
洗濯の各工程（洗い、すすぎ、脱水、乾燥）について、自分の好みに合わせて時間を設定したり、回数を変更したりすることはできますか？,自宅の洗濯機で毛布を洗うことはできますか？もし洗える場合、何か特別な条件やコースがありますか？,0.5503503307749136
「ふんわりキープ」とはどのような機能ですか？,洗濯終了時のお知らせ音を鳴らさないようにしたいのですが、その設定はどこで変更できますか？,0.5503482224980949
洗濯をスタートする方法を教えて？,使用する洗剤のブランドや種類を変更した場合、洗濯機側で何か設定を変更する必要はありますか？,0.550256547752964
洗濯ネットは必要ですか？,おすすめの洗剤・柔軟剤はありますか？,0.5502276463651317
洗剤を手動で投入できますか？,洗いのみは可能？,0.5502201529529989
すすぎや脱水はせずに、衣類を「洗い」の工程だけで済ませたいのですが、そのような設定はできますか？,おしゃれ着は洗える？,0.5502039149718462
スチーム機能の使い方を教えて？,洗濯ネットは必要ですか？,0.5501645094557298
特に汚れがひどい洗濯物なので、2回続けて洗いたいのですが、そのような設定は可能ですか？,洗濯機に水が供給されないというエラーが表示されたのですが、どのような原因が考えられますか？自分でできる確認事項はありますか？,0.5501635701793202
すすぎの設定を変更することは可能ですか？,異音がします。どうしたらよいですか？,0.5501587546362005
洗濯を一時停止した際、追加の衣類を入れるためにドアを開けることは可能ですか？その条件は何ですか？,ドアが完全に閉まりません,0.5501476852778012
自動投入機能の使い方を教えて？,お急ぎコースはありますか？,0.5501451676670399
洗濯をスタートする方法を教えて？,洗濯コースの選択肢が画面に表示されないのですが、これはどういう状況ですか？どのように対処すれば良いですか？,0.550124938255296
羽毛布団は洗えますか？,お急ぎコースはありますか？,0.5501243107775384
洗濯が終わったのにドアがロックされて開かないのですが、これは故障ですか？どのくらい時間が経てば開くようになりますか？,水が出ないエラーが出た。,0.5500862637339843
ドアが開かない原因は？,毛布の洗濯は可能？,0.5500726997900021
靴は洗えますか？,「排水できない」エラーが出ます,0.5500402129468672
すすぎの設定を変更することは可能ですか？,白い粉が残るのですが。,0.5500344230842553
この洗濯機で靴を洗うことはできますか？もしできない場合、何か代わりの方法はありますか？,本体がぐらつきます。どうしたら良いですか？,0.5500318982932773
おすすめのコースを教えて？,毛布の洗濯は可能？,0.5500172528610274
最適なコースは？,本体の揺れが気になる。,0.5500150924386196
省エネ機能はある？,「わが家流」設定って何？,0.5499672282008646
スチーム機能は何に使うの？,特に汚れがひどい洗濯物なので、2回続けて洗いたいのですが、そのような設定は可能ですか？,0.5499671350278588
自動投入機能はどう使うの？,夜遅い時間帯に洗濯機を運転しても、近隣に迷惑がかからないように静かに運転できるモードはありますか？,0.5499603840887406
羽毛布団は洗えますか？,「水が出ない」エラーが出ます,0.5499403329196452
ナノイーX機能について詳しく教えてください。どのような効果があり、どのコースで利用できますか？,ドアが完全に閉まりません,0.5499315002780436
深夜運転は静か？,ドラムが回らない。,0.5499056693281642
洗濯中に通常とは異なる音がするのですが、どのような原因が考えられますか？自分で確認できることはありますか？,本体が熱くなります,0.5498938223690945
洗濯を一時停止した際、追加の衣類を入れるためにドアを開けることは可能ですか？その条件は何ですか？,「水が出ない」エラーが出ます,0.5498832309791828
洗濯の各工程（洗い、すすぎ、脱水、乾燥）について、自分の好みに合わせて時間を設定したり、回数を変更したりすることはできますか？,一般的な洗濯コースを選んだ場合、洗濯が完了するまでにおよそ何分くらいかかりますか？,0.5498828481908462
衣類を洗うだけで、乾燥工程は行いたくない場合、どのコースを選択すれば良いですか？,お急ぎコースはありますか？,0.5498679862133071
洗剤や柔軟剤を計る手間を省きたいのですが、自動投入機能はどのように設定して使用するのですか？,設定を工場出荷時に戻せる？,0.5498507999794464
洗濯をスタートする方法を教えて？,自動投入機能はどう使うの？,0.5497902006443942
洗濯の途中で一時停止できますか？,羽毛布団は洗えますか？,0.5497896725686416
羽毛布団は洗えますか？,最大容量は？,0.5497666380641859
ナノイーXの機能は？,羽毛布団は洗濯できる？,0.5497522335439916
洗濯物の種類や汚れ具合に関わらず、最もおすすめの洗濯コースは何ですか？そのコースではどのような設定が自動で行われますか？,排水エラーが出た。,0.5497507186380057
ドアが開かないのですが,設定の初期化はできますか？,0.5497425517879593
個別の設定は可能ですか？,「水が出ない」エラーが出ます,0.5497383418315258
夜遅い時間帯に洗濯機を運転しても、近隣に迷惑がかからないように静かに運転できるモードはありますか？,この洗濯機に最適な洗剤や柔軟剤はありますか？メーカーから推奨されている製品があれば教えてください。,0.549732893166244
外出先から洗濯を開始できますか？,深夜に運転しても大丈夫？,0.5497218397068097
洗濯後に衣類が絡まってしまうことが多いのですが、何か絡まりを防ぐための対処法はありますか？,水漏れしています。どうしたらよいですか？,0.5497190604754089
羽毛布団は洗えますか？,この洗濯機で一度に洗濯できる衣類の最大量と、乾燥できる衣類の最大量はそれぞれ何キログラムですか？,0.5496991388376959
洗濯をスタートする方法を教えて？,ドラムが回らない。,0.5496713759587573
お急ぎコースはありますか？,本体がぐらつきます。どうしたら良いですか？,0.549670913506383
遠隔で洗濯を開始できますか？,ドアが閉まらない時は？,0.5496424243059784
特に汚れがひどい洗濯物なので、2回続けて洗いたいのですが、そのような設定は可能ですか？,「ふんわりキープ」とはどのような機能ですか？,0.5496089355235897
おしゃれ着は洗える？,おすすめの洗剤・柔軟剤はありますか？,0.5495358083283298
手動で洗剤を入れることはできますか？,洗濯のすすぎ回数を自分の希望に合わせて変更したいのですが、何回から何回まで選べますか？,0.5494963627235671
個別の設定は可能ですか？,羽毛布団は洗えますか？,0.549491896095943
ナノイーX機能について詳しく教えてください。どのような効果があり、どのコースで利用できますか？,「洗い」だけ行いたいのですが,0.5494657489584573
洗濯後、衣類に白い粉状のものが付着しているのですが、何が原因ですか？どのように対処すれば改善されますか？,時間がない時に、短時間で洗濯を済ませられるようなコースはありますか？,0.5494464939893251
自宅の洗濯機で毛布を洗うことはできますか？もし洗える場合、何か特別な条件やコースがありますか？,洗濯と乾燥の最大容量は？,0.5493844678280073
使用する洗剤のブランドや種類を変更した場合、洗濯機側で何か設定を変更する必要はありますか？,本体がぐらつきます。どうしたら良いですか？,0.5493483690103791
ジェット乾燥とは何ですか？,洗濯と乾燥の最大容量は？,0.5493426823658583
自動投入機能を使わずに、自分で洗剤を投入したいのですが、設定を教えてください？,羽毛布団は洗えますか？,0.5493384176849649
毛布は洗えますか？,洗濯時間は何分ですか？,0.5493263983244095
異音がします。どうしたらよいですか？,洗剤の種類で設定変更は必要？,0.549308482825035
毛布は洗えますか？,本体がぐらつきます。どうしたら良いですか？,0.549299348053623
チャイルドロックはどこで設定する？,衣類のしわを伸ばしたり、気になるにおいを取り除いたりしたいのですが、スチーム機能はどのように使えば良いですか？,0.5492943199084087
予約の仕方は？,洗濯機の下から水が漏れているのですが、どのような原因が考えられますか？自分で確認できる対処法はありますか？,0.5492573483963277
変な音がするのですが。,スニーカーは洗える？,0.5492568365713377
2度洗いは出来ますか？,洗濯機本体が不安定で揺れるのですが、どうすれば改善できますか？設置状況を確認する必要がありますか？,0.5492348479981146
おすすめのコースを教えて？,洗剤や柔軟剤を計る手間を省きたいのですが、自動投入機能はどのように設定して使用するのですか？,0.549174411829062
衣類のしわを伸ばしたり、気になるにおいを取り除いたりしたいのですが、スチーム機能はどのように使えば良いですか？,洗濯機本体が不安定で揺れるのですが、どうすれば改善できますか？設置状況を確認する必要がありますか？,0.5491364098670761
この洗濯機で靴を洗うことはできますか？もしできない場合、何か代わりの方法はありますか？,洗濯時間は何分ですか？,0.5491343335514874
洗剤や柔軟剤を計る手間を省きたいのですが、自動投入機能はどのように設定して使用するのですか？,この洗濯機で一度に洗濯できる衣類の最大量と、乾燥できる衣類の最大量はそれぞれ何キログラムですか？,0.5491339722402298
洗濯物を保護するために、洗濯ネットを使用する必要はありますか？どのような種類の衣類に推奨されますか？,変な音がするのですが。,0.5491224128096681
ジェット乾燥機能は、どのような仕組みで乾燥をするのですか？,洗濯機に水が供給されないというエラーが表示されたのですが、どのような原因が考えられますか？自分でできる確認事項はありますか？,0.549110028978846
遠隔で洗濯を開始できますか？,深夜運転は静か？,0.5491058750984184
異音がします。どうしたらよいですか？,ドラムが動きません,0.5491056948690778
洗濯機を使い始めるにはどうすればいいですか？　手順を教えて下さい。,自動投入機能を使わずに、自分で洗剤を投入したいのですが、設定を教えてください？,0.549096764841192
変な音がするのですが。,本体が熱い。,0.5490868919309011
ナノイーX機能について詳しく教えてください。どのような効果があり、どのコースで利用できますか？,推奨の洗剤・柔軟剤は？,0.5490704461179969
時間がない時に、短時間で洗濯を済ませられるようなコースはありますか？,ドアが閉まらない時は？,0.5490651638919408
ふんわりキープの目的は？,洗いのみは可能？,0.5490445064154141
深夜運転は静か？,設定の初期化はできますか？,0.549042738510573
洗濯をスタートする方法を教えて？,一時停止したらドアは開く？,0.5490331946187843
運転終了時にアラームを鳴らさないようにできますか？,自宅の洗濯機で毛布を洗うことはできますか？もし洗える場合、何か特別な条件やコースがありますか？,0.5490204447991751
自宅の洗濯機で毛布を洗うことはできますか？もし洗える場合、何か特別な条件やコースがありますか？,ドラムが回らない。,0.5490186379374461
手動で個別に設定する事は可能ですか？,排水エラーが出た。,0.5490176610030957
羽毛布団を洗濯機で洗いたいのですが、対応していますか？また、洗う際の注意点があれば教えてください。,ドラムが動きません,0.5490146335735235
特に汚れがひどい洗濯物なので、2回続けて洗いたいのですが、そのような設定は可能ですか？,時間がない時に、短時間で洗濯を済ませられるようなコースはありますか？,0.5489912526339524
洗濯ネットは使うべき？,毛布は洗えますか？,0.5489857467523738
遠隔で洗濯を開始できますか？,水漏れしています。どうしたらよいですか？,0.548963563953684
子供が誤って操作しないように、チャイルドロックを設定したいのですが、その方法と解除方法を教えてください。,使用する洗剤のブランドや種類を変更した場合、洗濯機側で何か設定を変更する必要はありますか？,0.5489613488725138
ジェット乾燥機能は、どのような仕組みで乾燥をするのですか？,使用する洗剤のブランドや種類を変更した場合、洗濯機側で何か設定を変更する必要はありますか？,0.5489429933904924
一時停止したらドアは開く？,毛布の洗濯は可能？,0.5489336238021647
スチーム機能は何に使うの？,ドアが開かない原因は？,0.5489263312646298
2度洗いは出来ますか？,ふんわりキープの目的は？,0.5488806246760688
「ふんわりキープ」とはどのような機能ですか？,最大容量は？,0.5488650142456206
遠隔で洗濯を開始できますか？,洗濯中に急な用事ができた場合、途中で運転を一時停止させることはできますか？その操作方法を教えてください。,0.5488623939929773
洗濯ネットは必要ですか？,深夜に運転しても大丈夫？,0.5488422011965266
洗いのみは可能？,最大容量は？,0.5488404581920964
夜遅い時間帯に洗濯機を運転しても、近隣に迷惑がかからないように静かに運転できるモードはありますか？,変な音がするのですが。,0.5488105077078356
おしゃれ着コースはありますか？,水漏れの原因は？,0.5487297001105407
「洗い」だけ行いたいのですが,靴は洗えますか？,0.5487129519450065
洗濯中に通常とは異なる音がするのですが、どのような原因が考えられますか？自分で確認できることはありますか？,スニーカーは洗える？,0.5486540931690211
排水エラーが出た。,洗濯の開始時刻を事前に設定しておきたいのですが、予約機能はどのように使えば良いですか？,0.5486333519990608
すすぎ回数は変えられる？,洗濯物が絡まります。どうしたらよいですか？,0.5486136838855002
子供が誤って操作しないように、チャイルドロックを設定したいのですが、その方法と解除方法を教えてください。,ジェット乾燥って何？,0.548551610253672
自宅にいない時でも、スマートフォンなどを使って洗濯機を遠隔で操作し、洗濯を開始することはできますか？,「わが家流」設定って何？,0.5485082815437514
自宅にいない時でも、スマートフォンなどを使って洗濯機を遠隔で操作し、洗濯を開始することはできますか？,設定の初期化はできますか？,0.5484939859935547
スチーム機能は何に使うの？,すすぎ回数は変えられる？,0.5484894327398299
洗濯をスタートする方法を教えて？,ナノイーXとは何ですか？,0.5484808910619028
洗濯終了時のお知らせ音を鳴らさないようにしたいのですが、その設定はどこで変更できますか？,ドアが完全に閉まりません,0.5484717974331866
洗剤の種類によって設定は変わりますか？,誤った設定をしてしまったので、洗濯機の設定をすべて初期状態に戻したいのですが、その方法を教えてください。,0.5484483741517904
羽毛布団を洗濯機で洗いたいのですが、対応していますか？また、洗う際の注意点があれば教えてください。,本体の揺れが気になる。,0.5483991575218772
自宅の洗濯機で毛布を洗うことはできますか？もし洗える場合、何か特別な条件やコースがありますか？,本体が熱い。,0.5483859237079356
ふんわりキープとは何ですか？,脱水時間の変更は可能ですか？,0.5483793713879221
一時停止したらドアは開く？,夜遅い時間帯に洗濯機を運転しても、近隣に迷惑がかからないように静かに運転できるモードはありますか？,0.5483622174679019
ドアが閉まらない時は？,洗濯機に水が供給されないというエラーが表示されたのですが、どのような原因が考えられますか？自分でできる確認事項はありますか？,0.5483582154125621
ジェット乾燥機能は、どのような仕組みで乾燥をするのですか？,本体が熱くなります,0.5483197911472717
おしゃれ着は洗える？,洗濯機が排水できないというエラーメッセージが表示されたのですが、原因は何でしょうか？自分で解決できる方法はありますか？,0.5483197479847359
洗濯ネットは使うべき？,コースが表示されない。,0.5482762300242685
夜遅い時間帯に洗濯機を運転しても、近隣に迷惑がかからないように静かに運転できるモードはありますか？,洗濯物が絡まります。どうしたらよいですか？,0.5482578365673069
すすぎ回数は変えられる？,お急ぎコースはありますか？,0.5482524834515692
最適なコースは？,ジェット乾燥とは何ですか？,0.5482054683870763
予約の仕方は？,水漏れしています。どうしたらよいですか？,0.5481891673887007
毛布は洗えますか？,洗濯後、衣類に白い粉状のものが付着しているのですが、何が原因ですか？どのように対処すれば改善されますか？,0.5481739095339828
洗濯の各工程（洗い、すすぎ、脱水、乾燥）について、自分の好みに合わせて時間を設定したり、回数を変更したりすることはできますか？,本体がぐらつきます。どうしたら良いですか？,0.5481695701359515
すすぎや脱水はせずに、衣類を「洗い」の工程だけで済ませたいのですが、そのような設定はできますか？,一般的な洗濯コースを選んだ場合、洗濯が完了するまでにおよそ何分くらいかかりますか？,0.5481444865735504
夜遅い時間帯に洗濯機を運転しても、近隣に迷惑がかからないように静かに運転できるモードはありますか？,推奨の洗剤・柔軟剤は？,0.5481139530115311
特に汚れがひどい洗濯物なので、2回続けて洗いたいのですが、そのような設定は可能ですか？,「わが家流」設定って何？,0.5481117623193711
2度洗いは出来ますか？,ナノイーXの機能は？,0.5481082229234345
毛布の洗濯は可能？,洗濯機の下から水が漏れているのですが、どのような原因が考えられますか？自分で確認できる対処法はありますか？,0.5480896236819972
洗濯物の種類や汚れ具合に関わらず、最もおすすめの洗濯コースは何ですか？そのコースではどのような設定が自動で行われますか？,本体がぐらつきます。どうしたら良いですか？,0.5480806997653893
水が出ないエラーが出た。,洗濯コースの選択肢が画面に表示されないのですが、これはどういう状況ですか？どのように対処すれば良いですか？,0.5480720379547508
洗濯のすすぎ回数を自分の希望に合わせて変更したいのですが、何回から何回まで選べますか？,洗濯と乾燥の最大容量は？,0.5480619536565889
洗濯をスタートする方法を教えて？,一般的な洗濯コースを選んだ場合、洗濯が完了するまでにおよそ何分くらいかかりますか？,0.5480618622914923
ドアが完全に閉まりません,予約の仕方は？,0.5480553737112961
外出先から洗濯を開始できますか？,水漏れの原因は？,0.5480311750658411
個別の設定は可能ですか？,洗濯終了時のお知らせ音を鳴らさないようにしたいのですが、その設定はどこで変更できますか？,0.5480104264422639
チャイルドロックの設定をしたい,自宅の洗濯機で毛布を洗うことはできますか？もし洗える場合、何か特別な条件やコースがありますか？,0.548006966541973
洗濯を一時停止した際、追加の衣類を入れるためにドアを開けることは可能ですか？その条件は何ですか？,毛布は洗えますか？,0.5480027123829265
洗濯物が絡まります。どうしたらよいですか？,予約機能の使い方をおしえて？,0.5479788551418457
最適なコースは？,省エネ機能はある？,0.5479689421016352
洗濯物の種類や汚れ具合に関わらず、最もおすすめの洗濯コースは何ですか？そのコースではどのような設定が自動で行われますか？,ナノイーXの機能は？,0.5479546964773472
ジェット乾燥とは何ですか？,設定を工場出荷時に戻せる？,0.5479284181953786
最適なコースは？,洗濯を一時停止した際、追加の衣類を入れるためにドアを開けることは可能ですか？その条件は何ですか？,0.5479157516909186
洗濯中に急な用事ができた場合、途中で運転を一時停止させることはできますか？その操作方法を教えてください。,急いで洗濯したい時は？,0.5479026610292581
再洗はできる？,「排水できない」エラーが出ます,0.5478893286926815
最適なコースは？,衣類を洗うだけで、乾燥工程は行いたくない場合、どのコースを選択すれば良いですか？,0.5478247150397446
洗濯物の種類によって脱水時間を調整したいのですが、何分まで設定できますか？,羽毛布団は洗えますか？,0.5478238073473776
ナノイーX機能について詳しく教えてください。どのような効果があり、どのコースで利用できますか？,洗濯後、衣類に白い粉状のものが付着しているのですが、何が原因ですか？どのように対処すれば改善されますか？,0.5478227956367063
洗濯後に衣類が絡まってしまうことが多いのですが、何か絡まりを防ぐための対処法はありますか？,変な音がするのですが。,0.5478153055530708
本体がぐらつきます。どうしたら良いですか？,洗濯と乾燥の最大容量は？,0.5477909268615342
ナノイーX機能について詳しく教えてください。どのような効果があり、どのコースで利用できますか？,洗濯時間は何分ですか？,0.5477633988374113
洗濯物の種類によって脱水時間を調整したいのですが、何分まで設定できますか？,靴は洗えますか？,0.5477104433653285
ジェット乾燥って何？,洗濯の所要時間は？,0.5476437823749729
再洗はできる？,洗濯機のドアが最後まで閉まらないのですが、何を確認すれば良いですか？,0.5476361345193077
洗剤や柔軟剤を計る手間を省きたいのですが、自動投入機能はどのように設定して使用するのですか？,洗濯物が絡まります。どうしたらよいですか？,0.547606411504563
乾燥のみの運転は可能ですか？,洗濯後に衣類が絡まってしまうことが多いのですが、何か絡まりを防ぐための対処法はありますか？,0.547606373123473
洗濯物の種類や汚れ具合に関わらず、最もおすすめの洗濯コースは何ですか？そのコースではどのような設定が自動で行われますか？,洗濯物を保護するために、洗濯ネットを使用する必要はありますか？どのような種類の衣類に推奨されますか？,0.5475887508926789
子供が誤って操作しないように、チャイルドロックを設定したいのですが、その方法と解除方法を教えてください。,ジェット乾燥とは何ですか？,0.5475886156297075
すすぎや脱水はせずに、衣類を「洗い」の工程だけで済ませたいのですが、そのような設定はできますか？,洗濯が終わったのにドアがロックされて開かないのですが、これは故障ですか？どのくらい時間が経てば開くようになりますか？,0.5475811542704727
遠隔で洗濯を開始できますか？,設定を工場出荷時に戻せる？,0.5475633892907834
洗濯機を使い始めるにはどうすればいいですか？　手順を教えて下さい。,すすぎや脱水はせずに、衣類を「洗い」の工程だけで済ませたいのですが、そのような設定はできますか？,0.5475587787694545
水漏れの原因は？,この洗濯機に最適な洗剤や柔軟剤はありますか？メーカーから推奨されている製品があれば教えてください。,0.5475475549447701
外出先から洗濯を開始できますか？,異音がします。どうしたらよいですか？,0.547543022664158
自動投入機能を使わずに、自分で洗剤を投入したいのですが、設定を教えてください？,洗いのみは可能？,0.547541826333435
子供が誤って操作しないように、チャイルドロックを設定したいのですが、その方法と解除方法を教えてください。,おしゃれ着コースはありますか？,0.547540215523701
洗濯をスタートする方法を教えて？,洗剤の種類で設定変更は必要？,0.5475391360822818
2度洗いは出来ますか？,コースが表示されないのですが,0.547535020138938
再洗はできる？,洗濯が終わったのにドアがロックされて開かないのですが、これは故障ですか？どのくらい時間が経てば開くようになりますか？,0.5475263915745484
洗濯をスタートする方法を教えて？,水漏れしています。どうしたらよいですか？,0.5474827821179062
洗剤の種類で設定変更は必要？,洗濯時間は何分ですか？,0.5474775116141546
羽毛布団を洗濯機で洗いたいのですが、対応していますか？また、洗う際の注意点があれば教えてください。,洗濯と乾燥の最大容量は？,0.5474620919855254
洗剤や柔軟剤を計る手間を省きたいのですが、自動投入機能はどのように設定して使用するのですか？,洗濯中に通常とは異なる音がするのですが、どのような原因が考えられますか？自分で確認できることはありますか？,0.5474438198629648
ドアが閉まらない時は？,排水エラーが出た。,0.5474354875114611
個別の設定は可能ですか？,本体の揺れが気になる。,0.5474209715361147
衣類を洗うだけで、乾燥工程は行いたくない場合、どのコースを選択すれば良いですか？,ドラムが動きません,0.5473756126458338
洗濯をスタートする方法を教えて？,ナノイーX機能について詳しく教えてください。どのような効果があり、どのコースで利用できますか？,0.5473593836692249
衣類のしわを伸ばしたり、気になるにおいを取り除いたりしたいのですが、スチーム機能はどのように使えば良いですか？,ナノイーX機能について詳しく教えてください。どのような効果があり、どのコースで利用できますか？,0.547341961319396
一時停止中にドアは開きますか？,洗濯後に衣類が絡まってしまうことが多いのですが、何か絡まりを防ぐための対処法はありますか？,0.547301426577673
本体がぐらつきます。どうしたら良いですか？,ドラムが回らない。,0.5472535783431743
すすぎや脱水はせずに、衣類を「洗い」の工程だけで済ませたいのですが、そのような設定はできますか？,急いで洗濯したい時は？,0.5472462036518656
ドアが開かない原因は？,お急ぎコースはありますか？,0.5472417173041356
洗濯と乾燥の最大容量は？,洗濯を開始しようとしてもドラムが回転しないのですが、何が原因として考えられますか？安全装置が作動している可能性はありますか？,0.5472350261525052
スチーム機能の使い方を教えて？,ナノイーXとは何ですか？,0.5472290696278279
ジェット乾燥って何？,白い粉が残るのですが。,0.5471998824210617
運転終了時にアラームを鳴らさないようにできますか？,洗濯機のドアが最後まで閉まらないのですが、何を確認すれば良いですか？,0.5471747765719001
洗濯物を保護するために、洗濯ネットを使用する必要はありますか？どのような種類の衣類に推奨されますか？,洗濯機に水が供給されないというエラーが表示されたのですが、どのような原因が考えられますか？自分でできる確認事項はありますか？,0.5471549353489799
異音がします。どうしたらよいですか？,ドラムが回らない。,0.5471520154850679
ジェット乾燥機能は、どのような仕組みで乾燥をするのですか？,洗濯物が絡まります。どうしたらよいですか？,0.5471490270443626
遠隔で洗濯を開始できますか？,洗濯の途中で一時停止できますか？,0.547139328830097
毛布の洗濯は可能？,白い粉が残るのですが。,0.5471384975984892
ナノイーX機能について詳しく教えてください。どのような効果があり、どのコースで利用できますか？,洗濯を開始しようとしてもドラムが回転しないのですが、何が原因として考えられますか？安全装置が作動している可能性はありますか？,0.5471241092784949
おすすめのコースを教えて？,省エネモードはありますか？,0.5471176132627424
洗濯中に一時停止は可能？,羽毛布団は洗えますか？,0.547078757213439
洗濯だけする方法を教えて？,ドアが完全に閉まりません,0.5470444812793758
洗剤を手動で投入できますか？,ふんわりキープの目的は？,0.5470411144247569
洗濯物に白い粉が残っています。　どうしたらよいですか？,洗濯の所要時間は？,0.5469655215509812
洗濯はせず、衣類を乾燥させる機能だけを使いたいのですが、どのように操作すれば良いですか？,洗濯終了時のお知らせ音を鳴らさないようにしたいのですが、その設定はどこで変更できますか？,0.5469623996900674
洗剤や柔軟剤を計る手間を省きたいのですが、自動投入機能はどのように設定して使用するのですか？,スニーカーは洗える？,0.546928913953347
一時停止したらドアは開く？,洗濯物が絡まります。どうしたらよいですか？,0.5469265783705626
電気代や水道代を節約できるような省エネ運転モードは搭載されていますか？,白い粉が残るのですが。,0.5468812018254576
最適なコースは？,洗濯中に通常とは異なる音がするのですが、どのような原因が考えられますか？自分で確認できることはありますか？,0.5468792577395952
毛布は洗えますか？,本体の揺れが気になる。,0.5468598132947904
異音がします。どうしたらよいですか？,この洗濯機に最適な洗剤や柔軟剤はありますか？メーカーから推奨されている製品があれば教えてください。,0.546819240553112
洗濯後、衣類に白い粉状のものが付着しているのですが、何が原因ですか？どのように対処すれば改善されますか？,洗濯と乾燥の最大容量は？,0.5467700605527361
スニーカーは洗える？,誤った設定をしてしまったので、洗濯機の設定をすべて初期状態に戻したいのですが、その方法を教えてください。,0.5467646406214035
すすぎの設定を変更することは可能ですか？,深夜運転は静か？,0.5467580543359112
すすぎ回数は変えられる？,設定の初期化はできますか？,0.5467515547035741
洗濯のすすぎ回数を自分の希望に合わせて変更したいのですが、何回から何回まで選べますか？,「わが家流」設定って何？,0.5467416088485337
洗濯機を使い始めるにはどうすればいいですか？　手順を教えて下さい。,毛布は洗えますか？,0.5467332305447796
乾燥なしで洗濯するには？,洗濯後に衣類が絡まってしまうことが多いのですが、何か絡まりを防ぐための対処法はありますか？,0.546710692465067
個別の設定は可能ですか？,チャイルドロックの設定をしたい,0.5466961669122282
「わが家流」設定って何？,使用する洗剤のブランドや種類を変更した場合、洗濯機側で何か設定を変更する必要はありますか？,0.5466538182720213
チャイルドロックの設定をしたい,洗濯コースの選択肢が画面に表示されないのですが、これはどういう状況ですか？どのように対処すれば良いですか？,0.546565930409866
変な音がするのですが。,時間がない時に、短時間で洗濯を済ませられるようなコースはありますか？,0.5465377692045946
個別の設定は可能ですか？,ふんわりキープの目的は？,0.5465336630034182
ジェット乾燥とは何ですか？,この洗濯機に最適な洗剤や柔軟剤はありますか？メーカーから推奨されている製品があれば教えてください。,0.5465288546663923
洗濯をスタートする方法を教えて？,ドアが開かないのですが,0.5465119079408115
すすぎ回数は変えられる？,設定を工場出荷時に戻せる？,0.5464751016392184
洗濯の始め方は？,コースが表示されないのですが,0.5464652320905965
ナノイーXの機能は？,洗濯の所要時間は？,0.5464597650560079
洗いのみは可能？,洗濯機に水が供給されないというエラーが表示されたのですが、どのような原因が考えられますか？自分でできる確認事項はありますか？,0.5464576877943238
洗濯の各工程（洗い、すすぎ、脱水、乾燥）について、自分の好みに合わせて時間を設定したり、回数を変更したりすることはできますか？,羽毛布団は洗濯できる？,0.5464517528796551
洗濯の所要時間は？,おすすめの洗剤・柔軟剤はありますか？,0.54644551079252
洗濯物の種類によって脱水時間を調整したいのですが、何分まで設定できますか？,コースが表示されないのですが,0.5464453799166967
自動投入機能の使い方を教えて？,洗濯物の種類によって脱水時間を調整したいのですが、何分まで設定できますか？,0.5464160666081976
洗濯ネットは必要ですか？,羽毛布団は洗濯できる？,0.5464016105899456
おしゃれ着は洗える？,設定を工場出荷時に戻せる？,0.5463260065340136
ふんわりキープの目的は？,洗濯と乾燥の最大容量は？,0.5463142192888428
遠隔で洗濯を開始できますか？,洗濯を一時停止した際、追加の衣類を入れるためにドアを開けることは可能ですか？その条件は何ですか？,0.5462750700972954
急いで洗濯したい時は？,洗濯機本体が不安定で揺れるのですが、どうすれば改善できますか？設置状況を確認する必要がありますか？,0.5462687584438802
ナノイーX機能について詳しく教えてください。どのような効果があり、どのコースで利用できますか？,使用する洗剤のブランドや種類を変更した場合、洗濯機側で何か設定を変更する必要はありますか？,0.5462422779927758
ジェット乾燥って何？,洗いのみは可能？,0.5461783633257697
衣類のしわを伸ばしたり、気になるにおいを取り除いたりしたいのですが、スチーム機能はどのように使えば良いですか？,予約機能の使い方をおしえて？,0.5461172286043184
「ふんわりキープ」とはどのような機能ですか？,一般的な洗濯コースを選んだ場合、洗濯が完了するまでにおよそ何分くらいかかりますか？,0.5460953902249085
洗濯物を保護するために、洗濯ネットを使用する必要はありますか？どのような種類の衣類に推奨されますか？,洗濯の所要時間は？,0.5460881959992804
再洗はできる？,洗濯物に白い粉が残っています。　どうしたらよいですか？,0.5460807582239976
洗濯が終わったのにドアがロックされて開かないのですが、これは故障ですか？どのくらい時間が経てば開くようになりますか？,急いで洗濯したい時は？,0.5460727021138276
ジェット乾燥とは何ですか？,設定の初期化はできますか？,0.5460547008533896
脱水時間の変更は可能ですか？,羽毛布団は洗えますか？,0.546050195004324
洗濯はせず、衣類を乾燥させる機能だけを使いたいのですが、どのように操作すれば良いですか？,洗濯中に通常とは異なる音がするのですが、どのような原因が考えられますか？自分で確認できることはありますか？,0.5460030723753504
時間がない時に、短時間で洗濯を済ませられるようなコースはありますか？,洗濯機に水が供給されないというエラーが表示されたのですが、どのような原因が考えられますか？自分でできる確認事項はありますか？,0.5459989251164958
おすすめのコースを教えて？,自宅の洗濯機で毛布を洗うことはできますか？もし洗える場合、何か特別な条件やコースがありますか？,0.545996639774847
羽毛布団は洗濯できる？,おすすめの洗剤・柔軟剤はありますか？,0.5459869335515288
運転終了時にアラームを鳴らさないようにできますか？,使用する洗剤のブランドや種類を変更した場合、洗濯機側で何か設定を変更する必要はありますか？,0.5459170278260164
洗濯終了時のお知らせ音を鳴らさないようにしたいのですが、その設定はどこで変更できますか？,洗濯機本体が不安定で揺れるのですが、どうすれば改善できますか？設置状況を確認する必要がありますか？,0.5458817231919879
洗濯を一時停止した際、追加の衣類を入れるためにドアを開けることは可能ですか？その条件は何ですか？,夜遅い時間帯に洗濯機を運転しても、近隣に迷惑がかからないように静かに運転できるモードはありますか？,0.545754558756327
脱水時間の変更は可能ですか？,時間がない時に、短時間で洗濯を済ませられるようなコースはありますか？,0.5457444274257441
ドアが閉まらない時は？,洗濯の開始時刻を事前に設定しておきたいのですが、予約機能はどのように使えば良いですか？,0.5457401293097937
チャイルドロックはどこで設定する？,排水エラーが出た。,0.5457306539550113
ナノイーX機能について詳しく教えてください。どのような効果があり、どのコースで利用できますか？,ジェット乾燥とは何ですか？,0.5457161139902837
洗濯機に水が供給されないというエラーが表示されたのですが、どのような原因が考えられますか？自分でできる確認事項はありますか？,洗濯時間は何分ですか？,0.5457132448734248
「洗い」だけ行いたいのですが,洗濯機本体が不安定で揺れるのですが、どうすれば改善できますか？設置状況を確認する必要がありますか？,0.5456855693012234
スチーム機能の使い方を教えて？,特に汚れがひどい洗濯物なので、2回続けて洗いたいのですが、そのような設定は可能ですか？,0.5456396583373377
この洗濯機で靴を洗うことはできますか？もしできない場合、何か代わりの方法はありますか？,洗濯の所要時間は？,0.5456139028852827
ナノイーXの機能は？,羽毛布団は洗えますか？,0.545577546635873
洗濯の始め方は？,衣類を洗うだけで、乾燥工程は行いたくない場合、どのコースを選択すれば良いですか？,0.5455614300241718
特に汚れがひどい洗濯物なので、2回続けて洗いたいのですが、そのような設定は可能ですか？,この洗濯機で靴を洗うことはできますか？もしできない場合、何か代わりの方法はありますか？,0.5454954028670006
羽毛布団は洗えますか？,深夜に運転しても大丈夫？,0.5454938912912688
洗濯物の種類によって脱水時間を調整したいのですが、何分まで設定できますか？,急いで洗濯したい時は？,0.5454670927567542
脱水時間の変更は可能ですか？,ドアが開かない原因は？,0.5454646000979987
すすぎの設定を変更することは可能ですか？,洗濯機に水が供給されないというエラーが表示されたのですが、どのような原因が考えられますか？自分でできる確認事項はありますか？,0.5454552508046986
急いで洗濯したい時は？,設定を工場出荷時に戻せる？,0.5454392865477109
この洗濯機で靴を洗うことはできますか？もしできない場合、何か代わりの方法はありますか？,水漏れしています。どうしたらよいですか？,0.545437941131957
運転終了時にアラームを鳴らさないようにできますか？,時間がない時に、短時間で洗濯を済ませられるようなコースはありますか？,0.5454301969399845
洗濯の開始時刻を事前に設定しておきたいのですが、予約機能はどのように使えば良いですか？,ドラムが回らない。,0.5454088350383306
個別の設定は可能ですか？,「ふんわりキープ」とはどのような機能ですか？,0.5454074563110858
洗濯中に急な用事ができた場合、途中で運転を一時停止させることはできますか？その操作方法を教えてください。,お急ぎコースはありますか？,0.5453988783383625
洗濯機を使い始めるにはどうすればいいですか？　手順を教えて下さい。,洗濯機に水が供給されないというエラーが表示されたのですが、どのような原因が考えられますか？自分でできる確認事項はありますか？,0.5453891440005572
ドアが開かない原因は？,深夜運転は静か？,0.5453616380829037
洗濯ネットは使うべき？,変な音がするのですが。,0.5453581338312421
ジェット乾燥って何？,「わが家流」設定って何？,0.5453519655031684
チャイルドロックの設定をしたい,夜遅い時間帯に洗濯機を運転しても、近隣に迷惑がかからないように静かに運転できるモードはありますか？,0.5453370896990037
洗濯物の絡まりを防ぐには？,おしゃれ着コースはありますか？,0.545323229616597
ドアが閉まらない時は？,最大容量は？,0.5452867893861885
洗濯終了時のお知らせ音を鳴らさないようにしたいのですが、その設定はどこで変更できますか？,洗濯機のドアが最後まで閉まらないのですが、何を確認すれば良いですか？,0.5452745803197767
自宅の洗濯機で毛布を洗うことはできますか？もし洗える場合、何か特別な条件やコースがありますか？,水漏れの原因は？,0.5452512867517387
洗濯はせず、衣類を乾燥させる機能だけを使いたいのですが、どのように操作すれば良いですか？,外出先から洗濯を開始できますか？,0.5452367429063569
洗剤や柔軟剤を計る手間を省きたいのですが、自動投入機能はどのように設定して使用するのですか？,おしゃれ着コースはありますか？,0.5452204904236695
時間がない時に、短時間で洗濯を済ませられるようなコースはありますか？,ドラムが動きません,0.5452090908728844
運転終了時にアラームを鳴らさないようにできますか？,羽毛布団は洗えますか？,0.5452045132647272
洗濯をスタートする方法を教えて？,特に汚れがひどい洗濯物なので、2回続けて洗いたいのですが、そのような設定は可能ですか？,0.5451902966669768
洗濯物を保護するために、洗濯ネットを使用する必要はありますか？どのような種類の衣類に推奨されますか？,毛布の洗濯は可能？,0.5451724878368938
お急ぎコースはありますか？,洗濯コースの選択肢が画面に表示されないのですが、これはどういう状況ですか？どのように対処すれば良いですか？,0.5451410503432877
洗濯物が絡まります。どうしたらよいですか？,洗濯機に水が供給されないというエラーが表示されたのですが、どのような原因が考えられますか？自分でできる確認事項はありますか？,0.545095853419668
すすぎの設定を変更することは可能ですか？,お急ぎコースはありますか？,0.5450892822787068
遠隔で洗濯を開始できますか？,変な音がするのですが。,0.5449470100371105
すすぎ回数は変えられる？,洗濯ネットは使うべき？,0.5448907076985523
白い粉が残るのですが。,予約の仕方は？,0.5447573559961711
「洗い」だけ行いたいのですが,毛布の洗濯は可能？,0.5447358039730023
「わが家流」設定って何？,洗剤の種類によって設定は変わりますか？,0.544735504555421
「ふんわりキープ」とはどのような機能ですか？,ドラムが回らない。,0.5447348804096638
異音がします。どうしたらよいですか？,ドアが完全に閉まりません,0.5447342960395098
ジェット乾燥とは何ですか？,ドアが閉まらない時は？,0.5447311405829349
最適なコースは？,ナノイーX機能について詳しく教えてください。どのような効果があり、どのコースで利用できますか？,0.5446839011540571
洗剤や柔軟剤を計る手間を省きたいのですが、自動投入機能はどのように設定して使用するのですか？,ドアが開かない原因は？,0.5446531363283251
洗剤の種類によって設定は変わりますか？,設定を工場出荷時に戻せる？,0.544649696383048
終了音を消すには？,急いで洗濯したい時は？,0.5446473120665987
洗濯物の種類や汚れ具合に関わらず、最もおすすめの洗濯コースは何ですか？そのコースではどのような設定が自動で行われますか？,コースが表示されない。,0.5446129138588383
「ふんわりキープ」とはどのような機能ですか？,一時停止中にドアは開きますか？,0.544599828411757
チャイルドロックはどこで設定する？,水漏れの原因は？,0.5445603607884644
洗濯後、衣類に白い粉状のものが付着しているのですが、何が原因ですか？どのように対処すれば改善されますか？,推奨の洗剤・柔軟剤は？,0.5445382350364183
自動投入機能はどう使うの？,この洗濯機で一度に洗濯できる衣類の最大量と、乾燥できる衣類の最大量はそれぞれ何キログラムですか？,0.5445377715541648
洗濯を開始しようとしてもドラムが回転しないのですが、何が原因として考えられますか？安全装置が作動している可能性はありますか？,本体が熱くなります,0.5445250588528623
白い粉が残るのですが。,洗濯コースの選択肢が画面に表示されないのですが、これはどういう状況ですか？どのように対処すれば良いですか？,0.5445136850332797
終了音を消すには？,推奨の洗剤・柔軟剤は？,0.5444688861824927
遠隔で洗濯を開始できますか？,洗濯と乾燥の最大容量は？,0.5444587125692617
深夜に運転しても大丈夫？,誤った設定をしてしまったので、洗濯機の設定をすべて初期状態に戻したいのですが、その方法を教えてください。,0.5444313549063228
衣類のしわを伸ばしたり、気になるにおいを取り除いたりしたいのですが、スチーム機能はどのように使えば良いですか？,外出先から洗濯を開始できますか？,0.5444186529267733
ドアが開かない原因は？,異音がします。どうしたらよいですか？,0.5443875548599015
すすぎや脱水はせずに、衣類を「洗い」の工程だけで済ませたいのですが、そのような設定はできますか？,おすすめの洗剤・柔軟剤はありますか？,0.5443836593955784
運転終了時にアラームを鳴らさないようにできますか？,羽毛布団は洗濯できる？,0.544381299547452
手動で個別に設定する事は可能ですか？,洗濯中に通常とは異なる音がするのですが、どのような原因が考えられますか？自分で確認できることはありますか？,0.5443698945662978
ジェット乾燥とは何ですか？,「排水できない」エラーが出ます,0.5443398216146862
外出先から洗濯を開始できますか？,洗濯後、衣類に白い粉状のものが付着しているのですが、何が原因ですか？どのように対処すれば改善されますか？,0.544338294212617
毛布の洗濯は可能？,一般的な洗濯コースを選んだ場合、洗濯が完了するまでにおよそ何分くらいかかりますか？,0.5443338353836409
「水が出ない」エラーが出ます,ドラムが回らない。,0.544313797721078
おしゃれ着コースはありますか？,本体が熱くなります,0.5443104636662345
脱水時間の調整はできる？,洗濯が終わったのにドアがロックされて開かないのですが、これは故障ですか？どのくらい時間が経てば開くようになりますか？,0.5443057886394719
洗濯を開始しようとしてもドラムが回転しないのですが、何が原因として考えられますか？安全装置が作動している可能性はありますか？,おすすめの洗剤・柔軟剤はありますか？,0.544295360012206
一時停止中にドアは開きますか？,一般的な洗濯コースを選んだ場合、洗濯が完了するまでにおよそ何分くらいかかりますか？,0.544291130605659
洗濯だけする方法を教えて？,洗濯中に急な用事ができた場合、途中で運転を一時停止させることはできますか？その操作方法を教えてください。,0.544263396231696
「洗い」だけ行いたいのですが,予約の仕方は？,0.5442432909673547
ナノイーX機能について詳しく教えてください。どのような効果があり、どのコースで利用できますか？,洗濯のすすぎ回数を自分の希望に合わせて変更したいのですが、何回から何回まで選べますか？,0.5442064978397095
手動で個別に設定する事は可能ですか？,洗濯コースの選択肢が画面に表示されないのですが、これはどういう状況ですか？どのように対処すれば良いですか？,0.5441649710302048
乾燥のみの運転は可能ですか？,誤った設定をしてしまったので、洗濯機の設定をすべて初期状態に戻したいのですが、その方法を教えてください。,0.5441528443363273
洗濯中に急な用事ができた場合、途中で運転を一時停止させることはできますか？その操作方法を教えてください。,洗剤の種類で設定変更は必要？,0.5441126873019999
洗濯物の種類によって脱水時間を調整したいのですが、何分まで設定できますか？,終了音を消すには？,0.5441017756477495
スチーム機能は何に使うの？,洗濯中に一時停止は可能？,0.5440993587935579
乾燥のみの運転は可能ですか？,「排水できない」エラーが出ます,0.5440878348603146
深夜運転は静か？,最大容量は？,0.5439956586813546
洗濯物を保護するために、洗濯ネットを使用する必要はありますか？どのような種類の衣類に推奨されますか？,排水エラーが出た。,0.5439905428684662
個別の設定は可能ですか？,「わが家流」設定とは何ですか？,0.5439864979988077
洗濯物の種類や汚れ具合に関わらず、最もおすすめの洗濯コースは何ですか？そのコースではどのような設定が自動で行われますか？,「排水できない」エラーが出ます,0.543956321631893
再洗はできる？,洗濯物の絡まりを防ぐには？,0.5439401185885508
ナノイーXとは何ですか？,洗濯のすすぎ回数を自分の希望に合わせて変更したいのですが、何回から何回まで選べますか？,0.5439290915909674
「洗い」だけ行いたいのですが,自宅の洗濯機で毛布を洗うことはできますか？もし洗える場合、何か特別な条件やコースがありますか？,0.5438936113006402
ドアが閉まらない時は？,洗濯時間は何分ですか？,0.5438837070423925
自動投入機能の使い方を教えて？,この洗濯機で一度に洗濯できる衣類の最大量と、乾燥できる衣類の最大量はそれぞれ何キログラムですか？,0.5438560206802501
毛布は洗えますか？,ドアが閉まらない時は？,0.5438552626885416
終了音を消すには？,洗濯機本体が不安定で揺れるのですが、どうすれば改善できますか？設置状況を確認する必要がありますか？,0.5438493543270084
「わが家流」設定って何？,水漏れしています。どうしたらよいですか？,0.5438416550399566
洗濯ネットは必要ですか？,靴は洗えますか？,0.5438308052303823
ジェット乾燥って何？,異音がします。どうしたらよいですか？,0.5438273836228382
ドアが開かない原因は？,遠隔で洗濯を開始できますか？,0.5438124406118234
個別の設定は可能ですか？,水が出ないエラーが出た。,0.5438004754851632
ナノイーX機能について詳しく教えてください。どのような効果があり、どのコースで利用できますか？,ふんわりキープの目的は？,0.5437973543118255
一般的な洗濯コースを選んだ場合、洗濯が完了するまでにおよそ何分くらいかかりますか？,ドラムが動きません,0.5437928732882368
一時停止したらドアは開く？,デリケートな衣類やおしゃれ着を優しく洗うための専用コースはありますか？,0.5437476825816279
外出先から洗濯を開始できますか？,ドアが閉まらない時は？,0.5437340629463627
脱水時間の調整はできる？,羽毛布団は洗濯できる？,0.5436611758929003
スニーカーは洗える？,「水が出ない」エラーが出ます,0.5436571274993207
洗濯終了時のお知らせ音を鳴らさないようにしたいのですが、その設定はどこで変更できますか？,予約の仕方は？,0.5435595929186398
チャイルドロックの設定をしたい,ドアが開かないのですが,0.5435389579971368
おすすめのコースを教えて？,コースが表示されない。,0.5435300227387596
ナノイーXの機能は？,洗濯ネットは必要ですか？,0.5435173854428024
手動で洗剤を入れることはできますか？,ドアが開かないのですが,0.543509204468984
自宅にいない時でも、スマートフォンなどを使って洗濯機を遠隔で操作し、洗濯を開始することはできますか？,最大容量は？,0.5434574507880904
洗濯物を保護するために、洗濯ネットを使用する必要はありますか？どのような種類の衣類に推奨されますか？,夜遅い時間帯に洗濯機を運転しても、近隣に迷惑がかからないように静かに運転できるモードはありますか？,0.5434331982820979
洗濯中に通常とは異なる音がするのですが、どのような原因が考えられますか？自分で確認できることはありますか？,ドアが完全に閉まりません,0.5434306642814378
個別の設定は可能ですか？,ナノイーXとは何ですか？,0.543401190953358
夜遅い時間帯に洗濯機を運転しても、近隣に迷惑がかからないように静かに運転できるモードはありますか？,洗濯機本体が不安定で揺れるのですが、どうすれば改善できますか？設置状況を確認する必要がありますか？,0.5433723785151283
最適なコースは？,深夜運転は静か？,0.5433496018493686
自動投入機能の使い方を教えて？,洗濯物に白い粉が残っています。　どうしたらよいですか？,0.5433155114515674
個別の設定は可能ですか？,一般的な洗濯コースを選んだ場合、洗濯が完了するまでにおよそ何分くらいかかりますか？,0.5433093066923333
終了音を消すには？,羽毛布団は洗えますか？,0.5433007069974956
ナノイーX機能について詳しく教えてください。どのような効果があり、どのコースで利用できますか？,洗濯後に衣類が絡まってしまうことが多いのですが、何か絡まりを防ぐための対処法はありますか？,0.5432963288650406
自動投入機能はどう使うの？,お急ぎコースはありますか？,0.5432264620724488
手動で個別に設定する事は可能ですか？,洗濯終了時のお知らせ音を鳴らさないようにしたいのですが、その設定はどこで変更できますか？,0.5431955746086816
終了音を消すには？,深夜に運転しても大丈夫？,0.543128924053736
洗濯機を使い始めるにはどうすればいいですか？　手順を教えて下さい。,チャイルドロックの設定をしたい,0.5431277358356523
乾燥だけで使用出来ますか？,「わが家流」設定って何？,0.5430269056942543
時間がない時に、短時間で洗濯を済ませられるようなコースはありますか？,設定を工場出荷時に戻せる？,0.5429200472959412
羽毛布団を洗濯機で洗いたいのですが、対応していますか？また、洗う際の注意点があれば教えてください。,本体が熱い。,0.5429153151562147
ナノイーXの機能は？,すすぎや脱水はせずに、衣類を「洗い」の工程だけで済ませたいのですが、そのような設定はできますか？,0.5429094400152124
遠隔で洗濯を開始できますか？,ドアが完全に閉まりません,0.5428631587961958
洗濯物を保護するために、洗濯ネットを使用する必要はありますか？どのような種類の衣類に推奨されますか？,急いで洗濯したい時は？,0.5428264166131345
チャイルドロックはどこで設定する？,羽毛布団は洗濯できる？,0.5428109851793739
ドアが開かないのですが,自宅にいない時でも、スマートフォンなどを使って洗濯機を遠隔で操作し、洗濯を開始することはできますか？,0.5427979809060233
ジェット乾燥機能は、どのような仕組みで乾燥をするのですか？,スニーカーは洗える？,0.5427954544161379
スチーム機能の使い方を教えて？,洗濯ネットは使うべき？,0.5427711746953662
「ふんわりキープ」とはどのような機能ですか？,水漏れしています。どうしたらよいですか？,0.5427659067187609
洗濯はせず、衣類を乾燥させる機能だけを使いたいのですが、どのように操作すれば良いですか？,洗濯ネットは必要ですか？,0.5427627801290617
洗濯と乾燥の最大容量は？,水漏れの原因は？,0.5427523925697453
衣類のしわを伸ばしたり、気になるにおいを取り除いたりしたいのですが、スチーム機能はどのように使えば良いですか？,洗濯中に急な用事ができた場合、途中で運転を一時停止させることはできますか？その操作方法を教えてください。,0.5427501326927736
時間がない時に、短時間で洗濯を済ませられるようなコースはありますか？,洗濯を開始しようとしてもドラムが回転しないのですが、何が原因として考えられますか？安全装置が作動している可能性はありますか？,0.5426932305538557
洗濯物の絡まりを防ぐには？,コースが表示されないのですが,0.5426902652645557
再洗はできる？,洗濯コースの選択肢が画面に表示されないのですが、これはどういう状況ですか？どのように対処すれば良いですか？,0.5426848236248474
最大容量は？,おすすめの洗剤・柔軟剤はありますか？,0.5426790632531375
洗濯中に一時停止は可能？,時間がない時に、短時間で洗濯を済ませられるようなコースはありますか？,0.5426648254559726
スチーム機能の使い方を教えて？,洗濯機が排水できないというエラーメッセージが表示されたのですが、原因は何でしょうか？自分で解決できる方法はありますか？,0.5426576083397856
ドアが完全に閉まりません,本体の揺れが気になる。,0.5426485568819239
特に汚れがひどい洗濯物なので、2回続けて洗いたいのですが、そのような設定は可能ですか？,一般的な洗濯コースを選んだ場合、洗濯が完了するまでにおよそ何分くらいかかりますか？,0.54264663043997
外出先から洗濯を開始できますか？,洗濯の途中で一時停止できますか？,0.542642910594662
スチーム機能の使い方を教えて？,この洗濯機で靴を洗うことはできますか？もしできない場合、何か代わりの方法はありますか？,0.542631777756712
ドアが完全に閉まりません,洗濯コースの選択肢が画面に表示されないのですが、これはどういう状況ですか？どのように対処すれば良いですか？,0.542602985562564
洗濯後、衣類に白い粉状のものが付着しているのですが、何が原因ですか？どのように対処すれば改善されますか？,洗濯の所要時間は？,0.5425779911265953
洗濯ネットは必要ですか？,洗濯機のドアが最後まで閉まらないのですが、何を確認すれば良いですか？,0.5425561903895175
スチーム機能の使い方を教えて？,深夜に運転しても大丈夫？,0.542531750674927
洗濯を一時停止した際、追加の衣類を入れるためにドアを開けることは可能ですか？その条件は何ですか？,洗濯物が絡まります。どうしたらよいですか？,0.5424601352371825
ドアが開かないのですが,時間がない時に、短時間で洗濯を済ませられるようなコースはありますか？,0.542409176387011
ふんわりキープの目的は？,洗濯終了時のお知らせ音を鳴らさないようにしたいのですが、その設定はどこで変更できますか？,0.542404097046017
洗濯ネットは必要ですか？,洗濯物に白い粉が残っています。　どうしたらよいですか？,0.5423933732691724
洗濯機を使い始めるにはどうすればいいですか？　手順を教えて下さい。,「排水できない」エラーが出ます,0.5423770769313863
洗いのみは可能？,白い粉が残るのですが。,0.5423422699270037
すすぎの設定を変更することは可能ですか？,変な音がするのですが。,0.5423334041738306
毛布は洗えますか？,洗濯機の下から水が漏れているのですが、どのような原因が考えられますか？自分で確認できる対処法はありますか？,0.5423025192780759
「わが家流」設定って何？,予約機能の使い方をおしえて？,0.5422882354263346
おすすめのコースを教えて？,スチーム機能は何に使うの？,0.5422762480312184
「わが家流」設定って何？,水漏れの原因は？,0.5422683828517945
運転終了時にアラームを鳴らさないようにできますか？,この洗濯機で靴を洗うことはできますか？もしできない場合、何か代わりの方法はありますか？,0.5422618500326631
洗濯後、衣類に白い粉状のものが付着しているのですが、何が原因ですか？どのように対処すれば改善されますか？,急いで洗濯したい時は？,0.5422227260453969
ふんわりキープの目的は？,洗濯機のドアが最後まで閉まらないのですが、何を確認すれば良いですか？,0.542215109506393
自動投入機能の使い方を教えて？,スチーム機能は何に使うの？,0.5421913709111083
手動で洗剤を入れることはできますか？,水漏れしています。どうしたらよいですか？,0.5421801981420897
一時停止中にドアは開きますか？,毛布の洗濯は可能？,0.5421221667855731
洗剤や柔軟剤を計る手間を省きたいのですが、自動投入機能はどのように設定して使用するのですか？,頻繁に使う洗濯設定を保存しておきたいのですが、「わが家流」設定とは具体的にどのような機能ですか？,0.5420599238264286
おすすめのコースを教えて？,おすすめの洗剤・柔軟剤はありますか？,0.5420451564928701
遠隔で洗濯を開始できますか？,誤った設定をしてしまったので、洗濯機の設定をすべて初期状態に戻したいのですが、その方法を教えてください。,0.5420150991287312
洗濯物を保護するために、洗濯ネットを使用する必要はありますか？どのような種類の衣類に推奨されますか？,本体がぐらつきます。どうしたら良いですか？,0.5419931790603396
洗濯物の種類によって脱水時間を調整したいのですが、何分まで設定できますか？,運転終了時にアラームを鳴らさないようにできますか？,0.5419905637036226
異音がします。どうしたらよいですか？,この洗濯機で靴を洗うことはできますか？もしできない場合、何か代わりの方法はありますか？,0.5419871333427693
すすぎ回数は変えられる？,ドラムが回らない。,0.5419462066438506
ナノイーX機能について詳しく教えてください。どのような効果があり、どのコースで利用できますか？,本体の揺れが気になる。,0.5419300613477536
排水エラーが出た。,洗濯を開始しようとしてもドラムが回転しないのですが、何が原因として考えられますか？安全装置が作動している可能性はありますか？,0.5419233556717029
洗濯を一時停止した際、追加の衣類を入れるためにドアを開けることは可能ですか？その条件は何ですか？,おすすめの洗剤・柔軟剤はありますか？,0.5419185516337786
洗濯ネットは必要ですか？,白い粉が残るのですが。,0.5419077814919843
洗濯中に通常とは異なる音がするのですが、どのような原因が考えられますか？自分で確認できることはありますか？,本体が熱い。,0.5418938121435288
洗いのみは可能？,この洗濯機で一度に洗濯できる衣類の最大量と、乾燥できる衣類の最大量はそれぞれ何キログラムですか？,0.5418919845484595
洗濯を一時停止した際、追加の衣類を入れるためにドアを開けることは可能ですか？その条件は何ですか？,デリケートな衣類やおしゃれ着を優しく洗うための専用コースはありますか？,0.541891426593535
洗濯はせず、衣類を乾燥させる機能だけを使いたいのですが、どのように操作すれば良いですか？,運転終了時にアラームを鳴らさないようにできますか？,0.5418652501182228
変な音がするのですが。,この洗濯機で靴を洗うことはできますか？もしできない場合、何か代わりの方法はありますか？,0.5418450206989872
遠隔で洗濯を開始できますか？,洗濯機に水が供給されないというエラーが表示されたのですが、どのような原因が考えられますか？自分でできる確認事項はありますか？,0.5418387355023571
洗剤の種類によって設定は変わりますか？,水が出ないエラーが出た。,0.5417713663424419
ドアが完全に閉まりません,排水エラーが出た。,0.5417270735137261
自宅の洗濯機で毛布を洗うことはできますか？もし洗える場合、何か特別な条件やコースがありますか？,最大容量は？,0.5417086907673955
すすぎ回数は変えられる？,深夜に運転しても大丈夫？,0.5417053517624335
使用する洗剤のブランドや種類を変更した場合、洗濯機側で何か設定を変更する必要はありますか？,本体の揺れが気になる。,0.5417049691617715
ジェット乾燥って何？,おすすめの洗剤・柔軟剤はありますか？,0.5416978295767297
スチーム機能の使い方を教えて？,すすぎの設定を変更することは可能ですか？,0.5416773614970719
洗濯はせず、衣類を乾燥させる機能だけを使いたいのですが、どのように操作すれば良いですか？,最大容量は？,0.5416603245927922
外出先から洗濯を開始できますか？,洗濯中に急な用事ができた場合、途中で運転を一時停止させることはできますか？その操作方法を教えてください。,0.5416451759764933
洗剤の種類によって設定は変わりますか？,洗濯機本体に触れると熱いのですが、これは異常ですか？特に乾燥運転中に熱くなることはありますか？,0.541613748310416
スチーム機能は何に使うの？,推奨の洗剤・柔軟剤は？,0.5416124634978077
「ふんわりキープ」とはどのような機能ですか？,洗濯時間は何分ですか？,0.5416119647628057
ドアが閉まらない時は？,「水が出ない」エラーが出ます,0.5415567529409422
運転終了時にアラームを鳴らさないようにできますか？,洗濯機が排水できないというエラーメッセージが表示されたのですが、原因は何でしょうか？自分で解決できる方法はありますか？,0.5415482795415683
羽毛布団を洗濯機で洗いたいのですが、対応していますか？また、洗う際の注意点があれば教えてください。,本体が熱くなります,0.5415025838508588
洗濯が終わったのにドアがロックされて開かないのですが、これは故障ですか？どのくらい時間が経てば開くようになりますか？,予約機能の使い方をおしえて？,0.541490332965509
ナノイーX機能について詳しく教えてください。どのような効果があり、どのコースで利用できますか？,ジェット乾燥って何？,0.5414565859659604
洗濯機の下から水が漏れているのですが、どのような原因が考えられますか？自分で確認できる対処法はありますか？,本体が熱くなります,0.5414209212707652
洗濯後、衣類に白い粉状のものが付着しているのですが、何が原因ですか？どのように対処すれば改善されますか？,洗濯時間は何分ですか？,0.5413832973724165
自宅にいない時でも、スマートフォンなどを使って洗濯機を遠隔で操作し、洗濯を開始することはできますか？,洗濯時間は何分ですか？,0.541377167681615
子供が誤って操作しないように、チャイルドロックを設定したいのですが、その方法と解除方法を教えてください。,遠隔で洗濯を開始できますか？,0.5413701664697951
時間がない時に、短時間で洗濯を済ませられるようなコースはありますか？,設定の初期化はできますか？,0.5413593849140803
乾燥だけで使用出来ますか？,終了音を消すには？,0.5413480461416744
毛布は洗えますか？,ドアが完全に閉まりません,0.5413229327898008
再洗はできる？,本体がぐらつきます。どうしたら良いですか？,0.541320673065677
子供が誤って操作しないように、チャイルドロックを設定したいのですが、その方法と解除方法を教えてください。,ドアが開かないのですが,0.5413110590101762
おすすめのコースを教えて？,乾燥だけで使用出来ますか？,0.5412443685123767
洗濯の途中で一時停止できますか？,洗濯機のドアが最後まで閉まらないのですが、何を確認すれば良いですか？,0.5412246971964194
洗濯機を使い始めるにはどうすればいいですか？　手順を教えて下さい。,洗濯後、衣類に白い粉状のものが付着しているのですが、何が原因ですか？どのように対処すれば改善されますか？,0.5412240261799537
子供が誤って操作しないように、チャイルドロックを設定したいのですが、その方法と解除方法を教えてください。,自動投入機能を使わずに、自分で洗剤を投入したいのですが、設定を教えてください？,0.5412044009855359
自宅にいない時でも、スマートフォンなどを使って洗濯機を遠隔で操作し、洗濯を開始することはできますか？,洗濯の所要時間は？,0.5411912806962436
洗濯物を保護するために、洗濯ネットを使用する必要はありますか？どのような種類の衣類に推奨されますか？,洗濯時間は何分ですか？,0.5411881772693301
洗濯中に急な用事ができた場合、途中で運転を一時停止させることはできますか？その操作方法を教えてください。,使用する洗剤のブランドや種類を変更した場合、洗濯機側で何か設定を変更する必要はありますか？,0.5411245445676341
デリケートな衣類やおしゃれ着を優しく洗うための専用コースはありますか？,洗濯機の下から水が漏れているのですが、どのような原因が考えられますか？自分で確認できる対処法はありますか？,0.5410738724622689
「洗い」だけ行いたいのですが,おしゃれ着は洗える？,0.5410264774161355
洗濯をスタートする方法を教えて？,自宅の洗濯機で毛布を洗うことはできますか？もし洗える場合、何か特別な条件やコースがありますか？,0.5410252047284871
自宅にいない時でも、スマートフォンなどを使って洗濯機を遠隔で操作し、洗濯を開始することはできますか？,洗濯ネットは使うべき？,0.5410238056947299
洗濯はせず、衣類を乾燥させる機能だけを使いたいのですが、どのように操作すれば良いですか？,ジェット乾燥とは何ですか？,0.5409866527169132
特に汚れがひどい洗濯物なので、2回続けて洗いたいのですが、そのような設定は可能ですか？,靴は洗えますか？,0.5409802052089514
省エネ機能はある？,洗濯物に白い粉が残っています。　どうしたらよいですか？,0.5409751960114535
洗剤や柔軟剤を計る手間を省きたいのですが、自動投入機能はどのように設定して使用するのですか？,白い粉が残るのですが。,0.5409730728539341
すすぎの設定を変更することは可能ですか？,洗濯を開始しようとしてもドラムが回転しないのですが、何が原因として考えられますか？安全装置が作動している可能性はありますか？,0.540971531797669
ナノイーX機能について詳しく教えてください。どのような効果があり、どのコースで利用できますか？,洗濯ネットは必要ですか？,0.5409709628337677
ふんわりキープの目的は？,洗濯物に白い粉が残っています。　どうしたらよいですか？,0.5409526370818782
洗濯後、衣類に白い粉状のものが付着しているのですが、何が原因ですか？どのように対処すれば改善されますか？,最大容量は？,0.5409473639251006
自宅の洗濯機で毛布を洗うことはできますか？もし洗える場合、何か特別な条件やコースがありますか？,本体が熱くなります,0.5409419850656494
終了音を消すには？,おすすめの洗剤・柔軟剤はありますか？,0.5409264281208088
スチーム機能は何に使うの？,すすぎの設定を変更することは可能ですか？,0.5409134420949405
ジェット乾燥とは何ですか？,水漏れしています。どうしたらよいですか？,0.5409073063639962
遠隔で洗濯を開始できますか？,深夜に運転しても大丈夫？,0.5409062186405316
羽毛布団は洗濯できる？,夜遅い時間帯に洗濯機を運転しても、近隣に迷惑がかからないように静かに運転できるモードはありますか？,0.5409059189749326
洗いのみは可能？,本体がぐらつきます。どうしたら良いですか？,0.5408670564957745
最適なコースは？,洗剤の種類によって設定は変わりますか？,0.5408522758684754
衣類のしわを伸ばしたり、気になるにおいを取り除いたりしたいのですが、スチーム機能はどのように使えば良いですか？,深夜運転は静か？,0.5408397922102752
自宅の洗濯機で毛布を洗うことはできますか？もし洗える場合、何か特別な条件やコースがありますか？,洗濯物が絡まります。どうしたらよいですか？,0.5407770656414481
手動で洗剤を入れることはできますか？,洗濯ネットは使うべき？,0.5407738608998334
ドアが閉まらない時は？,本体がぐらつきます。どうしたら良いですか？,0.5407407534511419
洗剤を手動で投入できますか？,この洗濯機に最適な洗剤や柔軟剤はありますか？メーカーから推奨されている製品があれば教えてください。,0.5407405516183987
すすぎの設定を変更することは可能ですか？,洗濯後に衣類が絡まってしまうことが多いのですが、何か絡まりを防ぐための対処法はありますか？,0.5407228002193979
すすぎや脱水はせずに、衣類を「洗い」の工程だけで済ませたいのですが、そのような設定はできますか？,毛布は洗えますか？,0.5406759379608044
チャイルドロックはどこで設定する？,ドアが完全に閉まりません,0.5406558688256485
遠隔で洗濯を開始できますか？,異音がします。どうしたらよいですか？,0.5406558555419481
チャイルドロックはどこで設定する？,洗濯が終わったのにドアがロックされて開かないのですが、これは故障ですか？どのくらい時間が経てば開くようになりますか？,0.540655076068205
洗濯をスタートする方法を教えて？,最適なコースは？,0.5406191688562662
「ふんわりキープ」とはどのような機能ですか？,洗濯物に白い粉が残っています。　どうしたらよいですか？,0.5406148627168794
個別の設定は可能ですか？,遠隔で洗濯を開始できますか？,0.5405971745910086
衣類のしわを伸ばしたり、気になるにおいを取り除いたりしたいのですが、スチーム機能はどのように使えば良いですか？,排水エラーが出た。,0.5405939865564641
再洗はできる？,本体の揺れが気になる。,0.5405663408502723
洗濯中に急な用事ができた場合、途中で運転を一時停止させることはできますか？その操作方法を教えてください。,洗剤の種類によって設定は変わりますか？,0.5405384884334419
自動投入機能はどう使うの？,洗濯中に通常とは異なる音がするのですが、どのような原因が考えられますか？自分で確認できることはありますか？,0.5405108318003744
洗濯機を使い始めるにはどうすればいいですか？　手順を教えて下さい。,洗濯物の絡まりを防ぐには？,0.5404954988086157
すすぎの設定を変更することは可能ですか？,設定の初期化はできますか？,0.5404058182237992
洗濯の途中で一時停止できますか？,一般的な洗濯コースを選んだ場合、洗濯が完了するまでにおよそ何分くらいかかりますか？,0.5403838535143396
ジェット乾燥機能は、どのような仕組みで乾燥をするのですか？,ドアが完全に閉まりません,0.5403765297087656
自動投入機能を使わずに、自分で洗剤を投入したいのですが、設定を教えてください？,羽毛布団は洗濯できる？,0.5403729170836954
この洗濯機で一度に洗濯できる衣類の最大量と、乾燥できる衣類の最大量はそれぞれ何キログラムですか？,水漏れの原因は？,0.5403664499256018
洗濯ネットは使うべき？,お急ぎコースはありますか？,0.5402698109267614
「ふんわりキープ」とはどのような機能ですか？,おすすめの洗剤・柔軟剤はありますか？,0.5402214563509224
白い粉が残るのですが。,洗濯の開始時刻を事前に設定しておきたいのですが、予約機能はどのように使えば良いですか？,0.5401215765362876
ナノイーX機能について詳しく教えてください。どのような効果があり、どのコースで利用できますか？,洗濯機のドアが最後まで閉まらないのですが、何を確認すれば良いですか？,0.5401118405364105
羽毛布団は洗えますか？,洗濯と乾燥の最大容量は？,0.540103619926027
ドアが閉まらない時は？,洗濯コースの選択肢が画面に表示されないのですが、これはどういう状況ですか？どのように対処すれば良いですか？,0.5400908003951698
羽毛布団を洗濯機で洗いたいのですが、対応していますか？また、洗う際の注意点があれば教えてください。,この洗濯機で一度に洗濯できる衣類の最大量と、乾燥できる衣類の最大量はそれぞれ何キログラムですか？,0.5400506443858206
衣類を洗うだけで、乾燥工程は行いたくない場合、どのコースを選択すれば良いですか？,ドラムが回らない。,0.5400289216444476
すすぎ回数は変えられる？,ドラムが動きません,0.5399564179890343
2度洗いは出来ますか？,「ふんわりキープ」とはどのような機能ですか？,0.5399500536558846
ナノイーXとは何ですか？,洗濯ネットは使うべき？,0.5399473376395585
2度洗いは出来ますか？,洗濯物を保護するために、洗濯ネットを使用する必要はありますか？どのような種類の衣類に推奨されますか？,0.5399353328033472
自動投入機能はどう使うの？,本体がぐらつきます。どうしたら良いですか？,0.5399306932933285
手動で個別に設定する事は可能ですか？,自動投入機能の使い方を教えて？,0.5399285619070193
洗濯をスタートする方法を教えて？,「排水できない」エラーが出ます,0.5398927217415463
ジェット乾燥とは何ですか？,スニーカーは洗える？,0.539890035811132
洗濯の始め方は？,洗濯ネットは必要ですか？,0.5398745574611823
おすすめのコースを教えて？,衣類のしわを伸ばしたり、気になるにおいを取り除いたりしたいのですが、スチーム機能はどのように使えば良いですか？,0.5398513627254233
再洗はできる？,洗濯機の下から水が漏れているのですが、どのような原因が考えられますか？自分で確認できる対処法はありますか？,0.5398000789358128
お急ぎコースはありますか？,水漏れの原因は？,0.5397899759701583
ナノイーXとは何ですか？,洗濯機が排水できないというエラーメッセージが表示されたのですが、原因は何でしょうか？自分で解決できる方法はありますか？,0.5397846152254747
衣類のしわを伸ばしたり、気になるにおいを取り除いたりしたいのですが、スチーム機能はどのように使えば良いですか？,洗濯機が排水できないというエラーメッセージが表示されたのですが、原因は何でしょうか？自分で解決できる方法はありますか？,0.5397336102501603
おすすめのコースを教えて？,この洗濯機で靴を洗うことはできますか？もしできない場合、何か代わりの方法はありますか？,0.5396834261692243
脱水時間の調整はできる？,予約の仕方は？,0.5396694246905966
深夜運転は静か？,白い粉が残るのですが。,0.5395998853511982
洗濯の各工程（洗い、すすぎ、脱水、乾燥）について、自分の好みに合わせて時間を設定したり、回数を変更したりすることはできますか？,再洗はできる？,0.539544138323434
衣類のしわを伸ばしたり、気になるにおいを取り除いたりしたいのですが、スチーム機能はどのように使えば良いですか？,洗濯終了時のお知らせ音を鳴らさないようにしたいのですが、その設定はどこで変更できますか？,0.5395425442217834
ナノイーXの機能は？,洗濯のすすぎ回数を自分の希望に合わせて変更したいのですが、何回から何回まで選べますか？,0.5395092347807549
一時停止中にドアは開きますか？,毛布は洗えますか？,0.5395003596795294
羽毛布団を洗濯機で洗いたいのですが、対応していますか？また、洗う際の注意点があれば教えてください。,洗濯物の絡まりを防ぐには？,0.5394762616362725
洗濯だけする方法を教えて？,脱水時間の変更は可能ですか？,0.5394544964463825
洗剤や柔軟剤を計る手間を省きたいのですが、自動投入機能はどのように設定して使用するのですか？,ジェット乾燥って何？,0.5394520036211697
洗いのみは可能？,夜遅い時間帯に洗濯機を運転しても、近隣に迷惑がかからないように静かに運転できるモードはありますか？,0.5394492355197116
手動で個別に設定する事は可能ですか？,おしゃれ着は洗える？,0.5394392155010608
洗濯の始め方は？,洗濯機本体が不安定で揺れるのですが、どうすれば改善できますか？設置状況を確認する必要がありますか？,0.5394079550715614
時間がない時に、短時間で洗濯を済ませられるようなコースはありますか？,水漏れの原因は？,0.5393938785422119
異音がします。どうしたらよいですか？,おすすめの洗剤・柔軟剤はありますか？,0.539391589858238
チャイルドロックはどこで設定する？,洗剤を手動で投入できますか？,0.5393798159236822
深夜運転は静か？,洗濯機本体に触れると熱いのですが、これは異常ですか？特に乾燥運転中に熱くなることはありますか？,0.5393607246911107
最適なコースは？,自宅の洗濯機で毛布を洗うことはできますか？もし洗える場合、何か特別な条件やコースがありますか？,0.5393449866411719
衣類を洗うだけで、乾燥工程は行いたくない場合、どのコースを選択すれば良いですか？,洗濯中に通常とは異なる音がするのですが、どのような原因が考えられますか？自分で確認できることはありますか？,0.5393190054908739
洗濯ネットは必要ですか？,洗濯中に通常とは異なる音がするのですが、どのような原因が考えられますか？自分で確認できることはありますか？,0.5393067456582042
洗剤を手動で投入できますか？,すすぎ回数は変えられる？,0.5392915510625229
子供が誤って操作しないように、チャイルドロックを設定したいのですが、その方法と解除方法を教えてください。,洗濯後、衣類に白い粉状のものが付着しているのですが、何が原因ですか？どのように対処すれば改善されますか？,0.539287942178063
洗濯機を使い始めるにはどうすればいいですか？　手順を教えて下さい。,すすぎの設定を変更することは可能ですか？,0.5392812682421328
深夜運転は静か？,排水エラーが出た。,0.5392740969482785
ナノイーXの機能は？,時間がない時に、短時間で洗濯を済ませられるようなコースはありますか？,0.5392662565077775
一時停止中にドアは開きますか？,おすすめの洗剤・柔軟剤はありますか？,0.5392567324324138
洗濯の各工程（洗い、すすぎ、脱水、乾燥）について、自分の好みに合わせて時間を設定したり、回数を変更したりすることはできますか？,この洗濯機で靴を洗うことはできますか？もしできない場合、何か代わりの方法はありますか？,0.5392556508004054
衣類のしわを伸ばしたり、気になるにおいを取り除いたりしたいのですが、スチーム機能はどのように使えば良いですか？,推奨の洗剤・柔軟剤は？,0.5392397990715438
子供が誤って操作しないように、チャイルドロックを設定したいのですが、その方法と解除方法を教えてください。,自動投入機能の使い方を教えて？,0.5392384642478019
洗濯機を使い始めるにはどうすればいいですか？　手順を教えて下さい。,洗いのみは可能？,0.5392359945931973
洗濯機に水が供給されないというエラーが表示されたのですが、どのような原因が考えられますか？自分でできる確認事項はありますか？,ドラムが回らない。,0.5392055623503613
毛布は洗えますか？,洗濯後に衣類が絡まってしまうことが多いのですが、何か絡まりを防ぐための対処法はありますか？,0.539189834466349
すすぎ回数は変えられる？,排水エラーが出た。,0.5391644018375155
時間がない時に、短時間で洗濯を済ませられるようなコースはありますか？,洗濯機の下から水が漏れているのですが、どのような原因が考えられますか？自分で確認できる対処法はありますか？,0.539155510959975
衣類のしわを伸ばしたり、気になるにおいを取り除いたりしたいのですが、スチーム機能はどのように使えば良いですか？,ナノイーXとは何ですか？,0.5391491629718342
おすすめのコースを教えて？,ジェット乾燥機能は、どのような仕組みで乾燥をするのですか？,0.5391455969321469
おしゃれ着は洗える？,洗濯機の下から水が漏れているのですが、どのような原因が考えられますか？自分で確認できる対処法はありますか？,0.5391314857381045
洗濯中に通常とは異なる音がするのですが、どのような原因が考えられますか？自分で確認できることはありますか？,時間がない時に、短時間で洗濯を済ませられるようなコースはありますか？,0.5390906228174288
子供が誤って操作しないように、チャイルドロックを設定したいのですが、その方法と解除方法を教えてください。,洗濯機が排水できないというエラーメッセージが表示されたのですが、原因は何でしょうか？自分で解決できる方法はありますか？,0.5390873528474818
毛布の洗濯は可能？,本体がぐらつきます。どうしたら良いですか？,0.5390538647265619
チャイルドロックの設定をしたい,洗剤を手動で投入できますか？,0.5390110657495205
子供が誤って操作しないように、チャイルドロックを設定したいのですが、その方法と解除方法を教えてください。,この洗濯機で靴を洗うことはできますか？もしできない場合、何か代わりの方法はありますか？,0.5390009889493547
洗濯終了時のお知らせ音を鳴らさないようにしたいのですが、その設定はどこで変更できますか？,毛布は洗えますか？,0.5389367111128391
洗濯の始め方は？,自動投入機能はどう使うの？,0.5389235549752688
おすすめのコースを教えて？,急いで洗濯したい時は？,0.5389174852111842
洗濯機本体が不安定で揺れるのですが、どうすれば改善できますか？設置状況を確認する必要がありますか？,設定の初期化はできますか？,0.5389002473494549
洗濯後に衣類が絡まってしまうことが多いのですが、何か絡まりを防ぐための対処法はありますか？,コースが表示されない。,0.538872489065265
ドアが開かない原因は？,毛布は洗えますか？,0.5388167246325288
ナノイーX機能について詳しく教えてください。どのような効果があり、どのコースで利用できますか？,ドアが開かないのですが,0.5388117965867082
乾燥なしで洗濯するには？,排水エラーが出た。,0.5388092675004293
乾燥だけで使用出来ますか？,洗剤を手動で投入できますか？,0.5387804673919322
洗いのみは可能？,洗濯と乾燥の最大容量は？,0.5387455085821151
使用する洗剤のブランドや種類を変更した場合、洗濯機側で何か設定を変更する必要はありますか？,本体が熱くなります,0.5387406602439162
深夜運転は静か？,洗濯時間は何分ですか？,0.5387342538829132
運転終了時にアラームを鳴らさないようにできますか？,おすすめの洗剤・柔軟剤はありますか？,0.5387136355635658
洗濯はせず、衣類を乾燥させる機能だけを使いたいのですが、どのように操作すれば良いですか？,スチーム機能は何に使うの？,0.5386524782950475
自宅の洗濯機で毛布を洗うことはできますか？もし洗える場合、何か特別な条件やコースがありますか？,洗濯後に衣類が絡まってしまうことが多いのですが、何か絡まりを防ぐための対処法はありますか？,0.5386386239529066
ジェット乾燥とは何ですか？,ドアが完全に閉まりません,0.5386384689989447
洗濯ネットは必要ですか？,スニーカーは洗える？,0.5385674746121389
ふんわりキープの目的は？,洗濯機本体に触れると熱いのですが、これは異常ですか？特に乾燥運転中に熱くなることはありますか？,0.5385637231025344
お急ぎコースはありますか？,ドラムが回らない。,0.5385227396712531
おすすめのコースを教えて？,乾燥なしで洗濯するには？,0.5385200722715158
洗濯の途中で一時停止できますか？,羽毛布団を洗濯機で洗いたいのですが、対応していますか？また、洗う際の注意点があれば教えてください。,0.5385137452601816
個別の設定は可能ですか？,ドアが開かないのですが,0.538512763419441
洗濯の始め方は？,羽毛布団を洗濯機で洗いたいのですが、対応していますか？また、洗う際の注意点があれば教えてください。,0.5384928039904503
洗濯後に衣類が絡まってしまうことが多いのですが、何か絡まりを防ぐための対処法はありますか？,おしゃれ着コースはありますか？,0.538444769512387
ドアが完全に閉まりません,洗濯時間は何分ですか？,0.5383751907956176
最適なコースは？,コースが表示されない。,0.5383665001872655
スチーム機能の使い方を教えて？,本体の揺れが気になる。,0.5383486351795865
予約機能の使い方をおしえて？,誤った設定をしてしまったので、洗濯機の設定をすべて初期状態に戻したいのですが、その方法を教えてください。,0.5383456468231007
手動で洗剤を入れることはできますか？,「排水できない」エラーが出ます,0.538339238686248
この洗濯機で一度に洗濯できる衣類の最大量と、乾燥できる衣類の最大量はそれぞれ何キログラムですか？,洗濯機の下から水が漏れているのですが、どのような原因が考えられますか？自分で確認できる対処法はありますか？,0.5383282086532214
外出先から洗濯を開始できますか？,変な音がするのですが。,0.5383182681131737
洗濯物が絡まります。どうしたらよいですか？,洗濯と乾燥の最大容量は？,0.5382352853351128
ナノイーXとは何ですか？,洗濯後、衣類に白い粉状のものが付着しているのですが、何が原因ですか？どのように対処すれば改善されますか？,0.538224801187049
洗濯物を保護するために、洗濯ネットを使用する必要はありますか？どのような種類の衣類に推奨されますか？,洗濯物が絡まります。どうしたらよいですか？,0.538142266270223
洗濯機を使い始めるにはどうすればいいですか？　手順を教えて下さい。,洗濯物の種類や汚れ具合に関わらず、最もおすすめの洗濯コースは何ですか？そのコースではどのような設定が自動で行われますか？,0.5380797621455048
コースが表示されない。,おすすめの洗剤・柔軟剤はありますか？,0.5380570574438022
運転終了時にアラームを鳴らさないようにできますか？,ドアが閉まらない時は？,0.5380298556167663
すすぎの設定を変更することは可能ですか？,「わが家流」設定って何？,0.5379651531188023
靴は洗えますか？,本体が熱くなります,0.5379590525133666
洗濯ネットは必要ですか？,洗濯コースの選択肢が画面に表示されないのですが、これはどういう状況ですか？どのように対処すれば良いですか？,0.5379454532964032
スチーム機能の使い方を教えて？,洗濯物を保護するために、洗濯ネットを使用する必要はありますか？どのような種類の衣類に推奨されますか？,0.5379426108251901
チャイルドロックの設定をしたい,ふんわりキープとは何ですか？,0.5379355644165067
最適なコースは？,洗濯時間は何分ですか？,0.5379283928200234
スチーム機能は何に使うの？,洗濯を一時停止した際、追加の衣類を入れるためにドアを開けることは可能ですか？その条件は何ですか？,0.537911586651451
自動投入機能はどう使うの？,使用する洗剤のブランドや種類を変更した場合、洗濯機側で何か設定を変更する必要はありますか？,0.537878789183174
特に汚れがひどい洗濯物なので、2回続けて洗いたいのですが、そのような設定は可能ですか？,ドラムが回らない。,0.5378397987981431
洗濯をスタートする方法を教えて？,本体がぐらつきます。どうしたら良いですか？,0.5378367324997062
特に汚れがひどい洗濯物なので、2回続けて洗いたいのですが、そのような設定は可能ですか？,本体の揺れが気になる。,0.5378208087218233
乾燥なしで洗濯するには？,水漏れの原因は？,0.5378109714386802
乾燥だけで使用出来ますか？,洗濯機が排水できないというエラーメッセージが表示されたのですが、原因は何でしょうか？自分で解決できる方法はありますか？,0.5378088989703841
再洗はできる？,おしゃれ着コースはありますか？,0.5377735224530438
ふんわりキープとは何ですか？,すすぎや脱水はせずに、衣類を「洗い」の工程だけで済ませたいのですが、そのような設定はできますか？,0.5377700735799176
手動で個別に設定する事は可能ですか？,靴は洗えますか？,0.537656209211608
洗濯はせず、衣類を乾燥させる機能だけを使いたいのですが、どのように操作すれば良いですか？,おしゃれ着コースはありますか？,0.5376458165430573
個別の設定は可能ですか？,手動で洗剤を入れることはできますか？,0.5376417680250479
洗濯物の種類や汚れ具合に関わらず、最もおすすめの洗濯コースは何ですか？そのコースではどのような設定が自動で行われますか？,ナノイーX機能について詳しく教えてください。どのような効果があり、どのコースで利用できますか？,0.5376272417633938
洗剤を手動で投入できますか？,洗剤の種類によって設定は変わりますか？,0.5376206792003317
外出先から洗濯を開始できますか？,「わが家流」設定とは何ですか？,0.5375625325178804
毛布は洗えますか？,設定の初期化はできますか？,0.5375008643628547
洗剤や柔軟剤を計る手間を省きたいのですが、自動投入機能はどのように設定して使用するのですか？,「わが家流」設定って何？,0.5374746404032722
洗いのみは可能？,洗濯コースの選択肢が画面に表示されないのですが、これはどういう状況ですか？どのように対処すれば良いですか？,0.5374661854159701
スニーカーは洗える？,最大容量は？,0.5374632907178122
子供が誤って操作しないように、チャイルドロックを設定したいのですが、その方法と解除方法を教えてください。,変な音がするのですが。,0.5374550514518843
最適なコースは？,推奨の洗剤・柔軟剤は？,0.5374549357727527
ジェット乾燥って何？,すすぎの設定を変更することは可能ですか？,0.537407126457197
洗濯機に水が供給されないというエラーが表示されたのですが、どのような原因が考えられますか？自分でできる確認事項はありますか？,この洗濯機に最適な洗剤や柔軟剤はありますか？メーカーから推奨されている製品があれば教えてください。,0.5373971453234261
洗濯物を保護するために、洗濯ネットを使用する必要はありますか？どのような種類の衣類に推奨されますか？,毛布は洗えますか？,0.5373381843617516
乾燥のみの運転は可能ですか？,洗濯物の絡まりを防ぐには？,0.5373294866890783
チャイルドロックの設定をしたい,ドラムが回らない。,0.5373074757940243
2度洗いは出来ますか？,一般的な洗濯コースを選んだ場合、洗濯が完了するまでにおよそ何分くらいかかりますか？,0.5372742353990194
「ふんわりキープ」とはどのような機能ですか？,本体の揺れが気になる。,0.537260005450785
自動投入機能はどう使うの？,ナノイーX機能について詳しく教えてください。どのような効果があり、どのコースで利用できますか？,0.5372357264623042
洗濯機が排水できないというエラーメッセージが表示されたのですが、原因は何でしょうか？自分で解決できる方法はありますか？,この洗濯機に最適な洗剤や柔軟剤はありますか？メーカーから推奨されている製品があれば教えてください。,0.5372227851913389
「排水できない」エラーが出ます,ドラムが回らない。,0.5372179078496
洗濯のすすぎ回数を自分の希望に合わせて変更したいのですが、何回から何回まで選べますか？,洗濯ネットは必要ですか？,0.5372140925705854
「ふんわりキープ」とはどのような機能ですか？,洗濯機に水が供給されないというエラーが表示されたのですが、どのような原因が考えられますか？自分でできる確認事項はありますか？,0.5372076183928096
ドアが完全に閉まりません,最大容量は？,0.5372036137210163
排水エラーが出た。,推奨の洗剤・柔軟剤は？,0.537190939067353
乾燥のみの運転は可能ですか？,設定を工場出荷時に戻せる？,0.5371821101524157
急いで洗濯したい時は？,最大容量は？,0.5371744708174316
一時停止したらドアは開く？,羽毛布団を洗濯機で洗いたいのですが、対応していますか？また、洗う際の注意点があれば教えてください。,0.5371439124865274
再洗はできる？,洗濯物を保護するために、洗濯ネットを使用する必要はありますか？どのような種類の衣類に推奨されますか？,0.5371094384921038
自動投入機能の使い方を教えて？,洗濯の所要時間は？,0.5369893614292942
この洗濯機で一度に洗濯できる衣類の最大量と、乾燥できる衣類の最大量はそれぞれ何キログラムですか？,おすすめの洗剤・柔軟剤はありますか？,0.5369745169258424
洗濯物が絡まります。どうしたらよいですか？,本体が熱くなります,0.5369627641638863
自動投入機能はどう使うの？,洗濯物に白い粉が残っています。　どうしたらよいですか？,0.5369425351999431
手動で洗剤を入れることはできますか？,ナノイーX機能について詳しく教えてください。どのような効果があり、どのコースで利用できますか？,0.5369260010003063
洗濯物に白い粉が残っています。　どうしたらよいですか？,ドアが閉まらない時は？,0.5369077851932502
洗濯後に衣類が絡まってしまうことが多いのですが、何か絡まりを防ぐための対処法はありますか？,洗剤の種類によって設定は変わりますか？,0.5368994555743
洗剤や柔軟剤を計る手間を省きたいのですが、自動投入機能はどのように設定して使用するのですか？,夜遅い時間帯に洗濯機を運転しても、近隣に迷惑がかからないように静かに運転できるモードはありますか？,0.536873799170275
手動で個別に設定する事は可能ですか？,自動投入機能はどう使うの？,0.536871739857798
洗濯物の種類や汚れ具合に関わらず、最もおすすめの洗濯コースは何ですか？そのコースではどのような設定が自動で行われますか？,洗濯時間は何分ですか？,0.5368666807478887
再洗はできる？,水漏れの原因は？,0.5368253243257302
外出先から洗濯を開始できますか？,水漏れしています。どうしたらよいですか？,0.5367989431767454
洗濯物に白い粉が残っています。　どうしたらよいですか？,ドアが完全に閉まりません,0.5367922627691246
手動で洗剤を入れることはできますか？,特に汚れがひどい洗濯物なので、2回続けて洗いたいのですが、そのような設定は可能ですか？,0.5367771436251918
ナノイーXの機能は？,洗濯ネットは使うべき？,0.5367263229464891
ナノイーXとは何ですか？,洗濯機のドアが最後まで閉まらないのですが、何を確認すれば良いですか？,0.5367178510087446
子供が誤って操作しないように、チャイルドロックを設定したいのですが、その方法と解除方法を教えてください。,ふんわりキープとは何ですか？,0.5367120968009318
ナノイーXの機能は？,この洗濯機に最適な洗剤や柔軟剤はありますか？メーカーから推奨されている製品があれば教えてください。,0.5367064467145619
外出先から洗濯を開始できますか？,洗濯機が排水できないというエラーメッセージが表示されたのですが、原因は何でしょうか？自分で解決できる方法はありますか？,0.5366533763743134
乾燥だけで使用出来ますか？,洗濯物の絡まりを防ぐには？,0.5366322651137618
自宅の洗濯機で毛布を洗うことはできますか？もし洗える場合、何か特別な条件やコースがありますか？,「わが家流」設定って何？,0.5366113632267466
特に汚れがひどい洗濯物なので、2回続けて洗いたいのですが、そのような設定は可能ですか？,ふんわりキープとは何ですか？,0.5365884521804357
チャイルドロックはどこで設定する？,一般的な洗濯コースを選んだ場合、洗濯が完了するまでにおよそ何分くらいかかりますか？,0.5365251399731304
すすぎの設定を変更することは可能ですか？,ドアが開かない原因は？,0.5365200940796269
洗濯機を使い始めるにはどうすればいいですか？　手順を教えて下さい。,ジェット乾燥って何？,0.5364371874146201
自動投入機能を使わずに、自分で洗剤を投入したいのですが、設定を教えてください？,洗濯物の種類によって脱水時間を調整したいのですが、何分まで設定できますか？,0.5364031779875179
ジェット乾燥とは何ですか？,洗濯機が排水できないというエラーメッセージが表示されたのですが、原因は何でしょうか？自分で解決できる方法はありますか？,0.5363805320206178
洗いのみは可能？,深夜に運転しても大丈夫？,0.5363619183180315
羽毛布団は洗濯できる？,省エネ機能はある？,0.5363523075261255
すすぎや脱水はせずに、衣類を「洗い」の工程だけで済ませたいのですが、そのような設定はできますか？,コースが表示されない。,0.5363513379424549
洗濯をスタートする方法を教えて？,毛布の洗濯は可能？,0.5363465984071586
使用する洗剤のブランドや種類を変更した場合、洗濯機側で何か設定を変更する必要はありますか？,本体が熱い。,0.5363187916215477
手動で個別に設定する事は可能ですか？,この洗濯機で靴を洗うことはできますか？もしできない場合、何か代わりの方法はありますか？,0.5363087061129551
異音がします。どうしたらよいですか？,「わが家流」設定って何？,0.5363029961507985
チャイルドロックはどこで設定する？,羽毛布団を洗濯機で洗いたいのですが、対応していますか？また、洗う際の注意点があれば教えてください。,0.5362985774182845
ドアが開かない原因は？,排水エラーが出た。,0.5362653206502694
最適なコースは？,コースが表示されないのですが,0.5361902669082783
ドアが閉まらない時は？,洗濯機本体に触れると熱いのですが、これは異常ですか？特に乾燥運転中に熱くなることはありますか？,0.5361471702991784
洗濯終了時のお知らせ音を鳴らさないようにしたいのですが、その設定はどこで変更できますか？,羽毛布団を洗濯機で洗いたいのですが、対応していますか？また、洗う際の注意点があれば教えてください。,0.5361298789300522
深夜運転は静か？,おすすめの洗剤・柔軟剤はありますか？,0.5361246722571348
外出先から洗濯を開始できますか？,洗濯機に水が供給されないというエラーが表示されたのですが、どのような原因が考えられますか？自分でできる確認事項はありますか？,0.5361035010499378
洗濯物を保護するために、洗濯ネットを使用する必要はありますか？どのような種類の衣類に推奨されますか？,この洗濯機で一度に洗濯できる衣類の最大量と、乾燥できる衣類の最大量はそれぞれ何キログラムですか？,0.5360910612228995
「わが家流」設定って何？,白い粉が残るのですが。,0.5360823953263472
夜遅い時間帯に洗濯機を運転しても、近隣に迷惑がかからないように静かに運転できるモードはありますか？,異音がします。どうしたらよいですか？,0.5360672180736463
脱水時間の調整はできる？,時間がない時に、短時間で洗濯を済ませられるようなコースはありますか？,0.5360144755862816
深夜運転は静か？,設定を工場出荷時に戻せる？,0.5360082091871012
子供が誤って操作しないように、チャイルドロックを設定したいのですが、その方法と解除方法を教えてください。,ドラムが動きません,0.5360058351976195
洗濯ネットは使うべき？,スニーカーは洗える？,0.5359913560180215
手動で個別に設定する事は可能ですか？,ナノイーXの機能は？,0.535987903474418
洗濯をスタートする方法を教えて？,洗濯物の種類や汚れ具合に関わらず、最もおすすめの洗濯コースは何ですか？そのコースではどのような設定が自動で行われますか？,0.535975559111656
一時停止したらドアは開く？,この洗濯機に最適な洗剤や柔軟剤はありますか？メーカーから推奨されている製品があれば教えてください。,0.5359746121084416
電気代や水道代を節約できるような省エネ運転モードは搭載されていますか？,洗濯物に白い粉が残っています。　どうしたらよいですか？,0.5359424413156035
靴は洗えますか？,本体が熱い。,0.5359106444538393
洗濯物の種類や汚れ具合に関わらず、最もおすすめの洗濯コースは何ですか？そのコースではどのような設定が自動で行われますか？,乾燥なしで洗濯するには？,0.5358429608965298
ジェット乾燥って何？,使用する洗剤のブランドや種類を変更した場合、洗濯機側で何か設定を変更する必要はありますか？,0.5358159399323796
手動で個別に設定する事は可能ですか？,運転終了時にアラームを鳴らさないようにできますか？,0.5357748135435164
洗濯をスタートする方法を教えて？,洗濯機のドアが最後まで閉まらないのですが、何を確認すれば良いですか？,0.535755671865313
最適なコースは？,洗濯の所要時間は？,0.5357457699659292
異音がします。どうしたらよいですか？,使用する洗剤のブランドや種類を変更した場合、洗濯機側で何か設定を変更する必要はありますか？,0.5357441665012028
お急ぎコースはありますか？,この洗濯機で一度に洗濯できる衣類の最大量と、乾燥できる衣類の最大量はそれぞれ何キログラムですか？,0.5357190605695209
洗濯機を使い始めるにはどうすればいいですか？　手順を教えて下さい。,ナノイーXとは何ですか？,0.535693510192087
すすぎ回数は変えられる？,洗濯後に衣類が絡まってしまうことが多いのですが、何か絡まりを防ぐための対処法はありますか？,0.5356786232278787
洗剤や柔軟剤を計る手間を省きたいのですが、自動投入機能はどのように設定して使用するのですか？,最大容量は？,0.5356751989447716
ジェット乾燥って何？,この洗濯機に最適な洗剤や柔軟剤はありますか？メーカーから推奨されている製品があれば教えてください。,0.535617684508186
一時停止中にドアは開きますか？,洗濯物が絡まります。どうしたらよいですか？,0.5355597853139742
チャイルドロックの設定をしたい,おすすめの洗剤・柔軟剤はありますか？,0.5355306600958631
「排水できない」エラーが出ます,洗濯の開始時刻を事前に設定しておきたいのですが、予約機能はどのように使えば良いですか？,0.5355084657421629
衣類のしわを伸ばしたり、気になるにおいを取り除いたりしたいのですが、スチーム機能はどのように使えば良いですか？,洗濯のすすぎ回数を自分の希望に合わせて変更したいのですが、何回から何回まで選べますか？,0.5354565671853935
洗剤や柔軟剤を計る手間を省きたいのですが、自動投入機能はどのように設定して使用するのですか？,ジェット乾燥とは何ですか？,0.5354560567298066
洗剤の種類で設定変更は必要？,時間がない時に、短時間で洗濯を済ませられるようなコースはありますか？,0.5354196987435184
洗濯をスタートする方法を教えて？,洗濯はせず、衣類を乾燥させる機能だけを使いたいのですが、どのように操作すれば良いですか？,0.535410200989171
ナノイーXとは何ですか？,洗濯物が絡まります。どうしたらよいですか？,0.5353648918889352
洗濯だけする方法を教えて？,ドアが閉まらない時は？,0.535339007750669
乾燥だけで使用出来ますか？,白い粉が残るのですが。,0.5353023746059039
洗濯物の絡まりを防ぐには？,洗濯時間は何分ですか？,0.5352688686173611
「ふんわりキープ」とはどのような機能ですか？,一時停止したらドアは開く？,0.5352633219781864
使用する洗剤のブランドや種類を変更した場合、洗濯機側で何か設定を変更する必要はありますか？,ドラムが回らない。,0.5351953096209714
洗濯機を使い始めるにはどうすればいいですか？　手順を教えて下さい。,洗濯物が絡まります。どうしたらよいですか？,0.5351391646964937
洗濯物が絡まります。どうしたらよいですか？,水漏れの原因は？,0.5350742473962091
衣類を洗うだけで、乾燥工程は行いたくない場合、どのコースを選択すれば良いですか？,スチーム機能の使い方を教えて？,0.535047781838518
おしゃれ着は洗える？,「水が出ない」エラーが出ます,0.5350351275784954
洗濯機を使い始めるにはどうすればいいですか？　手順を教えて下さい。,運転終了時にアラームを鳴らさないようにできますか？,0.5350313094380148
自動投入機能はどう使うの？,洗濯物の種類によって脱水時間を調整したいのですが、何分まで設定できますか？,0.5350163097669165
ドアが開かないのですが,設定を工場出荷時に戻せる？,0.5349475645338782
洗濯ネットは使うべき？,羽毛布団は洗濯できる？,0.5349147367710136
ふんわりキープの目的は？,脱水時間の変更は可能ですか？,0.5348966994663404
洗濯物に白い粉が残っています。　どうしたらよいですか？,推奨の洗剤・柔軟剤は？,0.5348332366459035
「わが家流」設定って何？,「水が出ない」エラーが出ます,0.5348200624327155
ナノイーX機能について詳しく教えてください。どのような効果があり、どのコースで利用できますか？,水漏れしています。どうしたらよいですか？,0.534800023663587
スチーム機能は何に使うの？,洗濯の途中で一時停止できますか？,0.5347987735859321
洗濯物の種類や汚れ具合に関わらず、最もおすすめの洗濯コースは何ですか？そのコースではどのような設定が自動で行われますか？,一時停止したらドアは開く？,0.5347977918555605
洗濯物の絡まりを防ぐには？,おしゃれ着は洗える？,0.5347957263991288
ジェット乾燥機能は、どのような仕組みで乾燥をするのですか？,「洗い」だけ行いたいのですが,0.5347730367072707
運転終了時にアラームを鳴らさないようにできますか？,急いで洗濯したい時は？,0.5347650985453649
洗剤を手動で投入できますか？,使用する洗剤のブランドや種類を変更した場合、洗濯機側で何か設定を変更する必要はありますか？,0.5347353002237806
スチーム機能は何に使うの？,ナノイーX機能について詳しく教えてください。どのような効果があり、どのコースで利用できますか？,0.5347297510337727
乾燥なしで洗濯するには？,洗濯後、衣類に白い粉状のものが付着しているのですが、何が原因ですか？どのように対処すれば改善されますか？,0.5346796929142281
おしゃれ着コースはありますか？,水が出ないエラーが出た。,0.534666766676412
一時停止中にドアは開きますか？,自宅の洗濯機で毛布を洗うことはできますか？もし洗える場合、何か特別な条件やコースがありますか？,0.5345906155412492
おしゃれ着コースはありますか？,ドアが完全に閉まりません,0.5345615941592033
「洗い」だけ行いたいのですが,羽毛布団は洗濯できる？,0.5345560360406143
最適なコースは？,急いで洗濯したい時は？,0.5345502341690072
洗濯の始め方は？,「排水できない」エラーが出ます,0.5345377985670996
ジェット乾燥って何？,洗濯機本体に触れると熱いのですが、これは異常ですか？特に乾燥運転中に熱くなることはありますか？,0.534498652895158
終了音を消すには？,自宅の洗濯機で毛布を洗うことはできますか？もし洗える場合、何か特別な条件やコースがありますか？,0.5344745381454729
ふんわりキープの目的は？,異音がします。どうしたらよいですか？,0.5344427881234748
自動投入機能を使わずに、自分で洗剤を投入したいのですが、設定を教えてください？,すすぎの設定を変更することは可能ですか？,0.5344034926341971
自動投入機能はどう使うの？,ドアが閉まらない時は？,0.5343444651489422
深夜運転は静か？,水漏れの原因は？,0.5343214716435508
2度洗いは出来ますか？,この洗濯機で靴を洗うことはできますか？もしできない場合、何か代わりの方法はありますか？,0.5342911585049255
夜遅い時間帯に洗濯機を運転しても、近隣に迷惑がかからないように静かに運転できるモードはありますか？,使用する洗剤のブランドや種類を変更した場合、洗濯機側で何か設定を変更する必要はありますか？,0.5342792094653305
特に汚れがひどい洗濯物なので、2回続けて洗いたいのですが、そのような設定は可能ですか？,深夜に運転しても大丈夫？,0.5342407516917341
自動投入機能はどう使うの？,おすすめの洗剤・柔軟剤はありますか？,0.5342339806688448
自動投入機能の使い方を教えて？,洗濯機本体に触れると熱いのですが、これは異常ですか？特に乾燥運転中に熱くなることはありますか？,0.5342191009626265
おしゃれ着は洗える？,洗濯後、衣類に白い粉状のものが付着しているのですが、何が原因ですか？どのように対処すれば改善されますか？,0.5341551486699299
排水エラーが出た。,一般的な洗濯コースを選んだ場合、洗濯が完了するまでにおよそ何分くらいかかりますか？,0.5341516189111131
脱水時間の変更は可能ですか？,靴は洗えますか？,0.534133281047843
すすぎ回数は変えられる？,水漏れの原因は？,0.5341220035863665
洗濯をスタートする方法を教えて？,ナノイーXの機能は？,0.5341048008717838
洗濯機を使い始めるにはどうすればいいですか？　手順を教えて下さい。,洗濯物に白い粉が残っています。　どうしたらよいですか？,0.5340949534128584
羽毛布団は洗えますか？,「排水できない」エラーが出ます,0.5340560708809476
一時停止したらドアは開く？,一般的な洗濯コースを選んだ場合、洗濯が完了するまでにおよそ何分くらいかかりますか？,0.5340186578427708
深夜運転は静か？,ドラムが動きません,0.5340160735746418
ナノイーXとは何ですか？,洗濯を一時停止した際、追加の衣類を入れるためにドアを開けることは可能ですか？その条件は何ですか？,0.5340081111877119
遠隔で洗濯を開始できますか？,洗濯機の下から水が漏れているのですが、どのような原因が考えられますか？自分で確認できる対処法はありますか？,0.5339863830989615
洗濯物に白い粉が残っています。　どうしたらよいですか？,時間がない時に、短時間で洗濯を済ませられるようなコースはありますか？,0.5339565197862135
洗濯中に急な用事ができた場合、途中で運転を一時停止させることはできますか？その操作方法を教えてください。,洗濯後に衣類が絡まってしまうことが多いのですが、何か絡まりを防ぐための対処法はありますか？,0.5339389975598007
すすぎ回数は変えられる？,水漏れしています。どうしたらよいですか？,0.5339368512838146
洗濯ネットは使うべき？,本体がぐらつきます。どうしたら良いですか？,0.533917719623324
ふんわりキープとは何ですか？,設定を工場出荷時に戻せる？,0.5338874186921385
ジェット乾燥機能は、どのような仕組みで乾燥をするのですか？,設定の初期化はできますか？,0.533872319109583
時間がない時に、短時間で洗濯を済ませられるようなコースはありますか？,洗濯機本体が不安定で揺れるのですが、どうすれば改善できますか？設置状況を確認する必要がありますか？,0.5338567874185592
洗濯機が排水できないというエラーメッセージが表示されたのですが、原因は何でしょうか？自分で解決できる方法はありますか？,予約の仕方は？,0.5338411452669815
洗剤や柔軟剤を計る手間を省きたいのですが、自動投入機能はどのように設定して使用するのですか？,洗濯機が排水できないというエラーメッセージが表示されたのですが、原因は何でしょうか？自分で解決できる方法はありますか？,0.533826470246445
洗濯機に水が供給されないというエラーが表示されたのですが、どのような原因が考えられますか？自分でできる確認事項はありますか？,洗濯の所要時間は？,0.5337972048496548
手動で個別に設定する事は可能ですか？,外出先から洗濯を開始できますか？,0.5337539890416264
洗いのみは可能？,洗濯後、衣類に白い粉状のものが付着しているのですが、何が原因ですか？どのように対処すれば改善されますか？,0.5337465124654843
手動で洗剤を入れることはできますか？,深夜に運転しても大丈夫？,0.5337429664278754
自動投入機能の使い方を教えて？,ナノイーXとは何ですか？,0.5337274878793425
洗濯終了時のお知らせ音を鳴らさないようにしたいのですが、その設定はどこで変更できますか？,洗濯コースの選択肢が画面に表示されないのですが、これはどういう状況ですか？どのように対処すれば良いですか？,0.5337231266670965
洗濯時間は何分ですか？,水漏れの原因は？,0.5337062155860804
スチーム機能は何に使うの？,洗濯中に急な用事ができた場合、途中で運転を一時停止させることはできますか？その操作方法を教えてください。,0.5336932081831012
洗濯だけする方法を教えて？,洗濯物の絡まりを防ぐには？,0.5336889650376655
お急ぎコースはありますか？,水漏れしています。どうしたらよいですか？,0.5336885362867634
乾燥なしで洗濯するには？,ドラムが回らない。,0.5336743962281204
予約の仕方は？,設定の初期化はできますか？,0.5336606394550374
一時停止中にドアは開きますか？,使用する洗剤のブランドや種類を変更した場合、洗濯機側で何か設定を変更する必要はありますか？,0.5336301529823791
異音がします。どうしたらよいですか？,スニーカーは洗える？,0.5336288141297121
コースが表示されない。,洗濯と乾燥の最大容量は？,0.5335943337201609
衣類のしわを伸ばしたり、気になるにおいを取り除いたりしたいのですが、スチーム機能はどのように使えば良いですか？,洗濯を一時停止した際、追加の衣類を入れるためにドアを開けることは可能ですか？その条件は何ですか？,0.5335921912874897
「ふんわりキープ」とはどのような機能ですか？,本体がぐらつきます。どうしたら良いですか？,0.5335738059911204
洗濯機に水が供給されないというエラーが表示されたのですが、どのような原因が考えられますか？自分でできる確認事項はありますか？,ドラムが動きません,0.5335673409552342
洗剤を手動で投入できますか？,「ふんわりキープ」とはどのような機能ですか？,0.5334641275529081
自動投入機能を使わずに、自分で洗剤を投入したいのですが、設定を教えてください？,すすぎ回数は変えられる？,0.5334457564974168
おすすめのコースを教えて？,洗濯時間は何分ですか？,0.5334004959939417
白い粉が残るのですが。,一般的な洗濯コースを選んだ場合、洗濯が完了するまでにおよそ何分くらいかかりますか？,0.5333906131728093
洗濯物が絡まります。どうしたらよいですか？,時間がない時に、短時間で洗濯を済ませられるようなコースはありますか？,0.5333771258743838
衣類のしわを伸ばしたり、気になるにおいを取り除いたりしたいのですが、スチーム機能はどのように使えば良いですか？,すすぎ回数は変えられる？,0.5333765734185295
変な音がするのですが。,洗濯機本体に触れると熱いのですが、これは異常ですか？特に乾燥運転中に熱くなることはありますか？,0.5333588482705466
深夜に運転しても大丈夫？,本体の揺れが気になる。,0.5333147745172497
洗剤を手動で投入できますか？,ドラムが回らない。,0.5332290029493904
乾燥なしで洗濯するには？,本体の揺れが気になる。,0.5332278098982558
洗濯物の種類によって脱水時間を調整したいのですが、何分まで設定できますか？,洗濯コースの選択肢が画面に表示されないのですが、これはどういう状況ですか？どのように対処すれば良いですか？,0.5331321147770688
衣類のしわを伸ばしたり、気になるにおいを取り除いたりしたいのですが、スチーム機能はどのように使えば良いですか？,使用する洗剤のブランドや種類を変更した場合、洗濯機側で何か設定を変更する必要はありますか？,0.5331267224231212
洗剤を手動で投入できますか？,お急ぎコースはありますか？,0.53312121943794
ジェット乾燥機能は、どのような仕組みで乾燥をするのですか？,水が出ないエラーが出た。,0.5331060457320345
脱水時間の調整はできる？,ドアが開かないのですが,0.5330644692875393
特に汚れがひどい洗濯物なので、2回続けて洗いたいのですが、そのような設定は可能ですか？,変な音がするのですが。,0.5330292568623652
自動投入機能の使い方を教えて？,すすぎや脱水はせずに、衣類を「洗い」の工程だけで済ませたいのですが、そのような設定はできますか？,0.533025156922019
洗濯時間は何分ですか？,ドラムが動きません,0.5330104925303513
洗濯中に急な用事ができた場合、途中で運転を一時停止させることはできますか？その操作方法を教えてください。,洗濯中に通常とは異なる音がするのですが、どのような原因が考えられますか？自分で確認できることはありますか？,0.5329825845376854
特に汚れがひどい洗濯物なので、2回続けて洗いたいのですが、そのような設定は可能ですか？,異音がします。どうしたらよいですか？,0.5329552295592972
洗濯をスタートする方法を教えて？,ドアが開かない原因は？,0.5329457530361056
再洗はできる？,洗濯後、衣類に白い粉状のものが付着しているのですが、何が原因ですか？どのように対処すれば改善されますか？,0.5328469612823539
「洗い」だけ行いたいのですが,羽毛布団は洗えますか？,0.53283145395326
ナノイーXの機能は？,省エネモードはありますか？,0.5328250313990786
チャイルドロックの設定をしたい,スニーカーは洗える？,0.5328227518039765
チャイルドロックの設定をしたい,洗濯機本体が不安定で揺れるのですが、どうすれば改善できますか？設置状況を確認する必要がありますか？,0.5328128364713901
洗濯物を保護するために、洗濯ネットを使用する必要はありますか？どのような種類の衣類に推奨されますか？,お急ぎコースはありますか？,0.5327746235345268
この洗濯機で靴を洗うことはできますか？もしできない場合、何か代わりの方法はありますか？,誤った設定をしてしまったので、洗濯機の設定をすべて初期状態に戻したいのですが、その方法を教えてください。,0.5327647560598338
ドアが開かないのですが,「排水できない」エラーが出ます,0.5326809022750347
2度洗いは出来ますか？,スニーカーは洗える？,0.5326540520962024
再洗はできる？,この洗濯機に最適な洗剤や柔軟剤はありますか？メーカーから推奨されている製品があれば教えてください。,0.5326365042289644
深夜運転は静か？,洗濯と乾燥の最大容量は？,0.5326148447560379
手動で洗剤を入れることはできますか？,衣類のしわを伸ばしたり、気になるにおいを取り除いたりしたいのですが、スチーム機能はどのように使えば良いですか？,0.5325934680084516
洗剤の種類で設定変更は必要？,水が出ないエラーが出た。,0.5325757189837053
羽毛布団は洗濯できる？,時間がない時に、短時間で洗濯を済ませられるようなコースはありますか？,0.5325688420301062
洗濯物の種類によって脱水時間を調整したいのですが、何分まで設定できますか？,遠隔で洗濯を開始できますか？,0.5325635218777942
洗剤を手動で投入できますか？,すすぎの設定を変更することは可能ですか？,0.5325197483273043
すすぎや脱水はせずに、衣類を「洗い」の工程だけで済ませたいのですが、そのような設定はできますか？,デリケートな衣類やおしゃれ着を優しく洗うための専用コースはありますか？,0.532515118757974
遠隔で洗濯を開始できますか？,一時停止したらドアは開く？,0.532514755405484
洗濯ネットは必要ですか？,洗濯時間は何分ですか？,0.5325033874365241
チャイルドロックの設定をしたい,洗濯終了時のお知らせ音を鳴らさないようにしたいのですが、その設定はどこで変更できますか？,0.5324727742153903
すすぎの設定を変更することは可能ですか？,夜遅い時間帯に洗濯機を運転しても、近隣に迷惑がかからないように静かに運転できるモードはありますか？,0.5323397627919608
自宅にいない時でも、スマートフォンなどを使って洗濯機を遠隔で操作し、洗濯を開始することはできますか？,設定を工場出荷時に戻せる？,0.5323380462880043
手動で個別に設定する事は可能ですか？,おすすめの洗剤・柔軟剤はありますか？,0.5323223339465707
自動投入機能の使い方を教えて？,ナノイーXの機能は？,0.5323128870737049
衣類のしわを伸ばしたり、気になるにおいを取り除いたりしたいのですが、スチーム機能はどのように使えば良いですか？,おすすめの洗剤・柔軟剤はありますか？,0.5321824192254156
衣類を洗うだけで、乾燥工程は行いたくない場合、どのコースを選択すれば良いですか？,変な音がするのですが。,0.5321593377190883
洗濯はせず、衣類を乾燥させる機能だけを使いたいのですが、どのように操作すれば良いですか？,深夜に運転しても大丈夫？,0.5321311412939941
個別の設定は可能ですか？,靴は洗えますか？,0.5320573120767187
チャイルドロックの設定をしたい,運転終了時にアラームを鳴らさないようにできますか？,0.5320230898940294
「ふんわりキープ」とはどのような機能ですか？,「排水できない」エラーが出ます,0.5319900952180204
すすぎや脱水はせずに、衣類を「洗い」の工程だけで済ませたいのですが、そのような設定はできますか？,遠隔で洗濯を開始できますか？,0.5319767458218745
洗濯物の種類によって脱水時間を調整したいのですが、何分まで設定できますか？,最大容量は？,0.5319555552254425
ふんわりキープの目的は？,洗濯の所要時間は？,0.5318958525301043
洗濯機が排水できないというエラーメッセージが表示されたのですが、原因は何でしょうか？自分で解決できる方法はありますか？,ドラムが回らない。,0.531895415295284
洗濯中に急な用事ができた場合、途中で運転を一時停止させることはできますか？その操作方法を教えてください。,靴は洗えますか？,0.5318835546335479
2度洗いは出来ますか？,洗濯の所要時間は？,0.5318743822548315
洗濯機を使い始めるにはどうすればいいですか？　手順を教えて下さい。,使用する洗剤のブランドや種類を変更した場合、洗濯機側で何か設定を変更する必要はありますか？,0.5318722528498762
洗濯後に衣類が絡まってしまうことが多いのですが、何か絡まりを防ぐための対処法はありますか？,洗濯物に白い粉が残っています。　どうしたらよいですか？,0.5318517656288881
洗濯物の種類や汚れ具合に関わらず、最もおすすめの洗濯コースは何ですか？そのコースではどのような設定が自動で行われますか？,洗濯の所要時間は？,0.5318438077686365
羽毛布団は洗濯できる？,省エネモードはありますか？,0.5318307167078966
洗濯の始め方は？,深夜に運転しても大丈夫？,0.5317827433736576
洗濯中に急な用事ができた場合、途中で運転を一時停止させることはできますか？その操作方法を教えてください。,一般的な洗濯コースを選んだ場合、洗濯が完了するまでにおよそ何分くらいかかりますか？,0.5317664368454762
ジェット乾燥機能は、どのような仕組みで乾燥をするのですか？,この洗濯機に最適な洗剤や柔軟剤はありますか？メーカーから推奨されている製品があれば教えてください。,0.5317641709053335
洗濯ネットは使うべき？,この洗濯機で靴を洗うことはできますか？もしできない場合、何か代わりの方法はありますか？,0.5317548281020008
一時停止したらドアは開く？,スニーカーは洗える？,0.5317158971339384
脱水時間の調整はできる？,予約機能の使い方をおしえて？,0.531691392176452
自動投入機能を使わずに、自分で洗剤を投入したいのですが、設定を教えてください？,洗濯機本体が不安定で揺れるのですが、どうすれば改善できますか？設置状況を確認する必要がありますか？,0.5316453136194561
自動投入機能の使い方を教えて？,脱水時間の変更は可能ですか？,0.5316298653964535
洗いのみは可能？,お急ぎコースはありますか？,0.5316293127392276
衣類のしわを伸ばしたり、気になるにおいを取り除いたりしたいのですが、スチーム機能はどのように使えば良いですか？,洗濯後に衣類が絡まってしまうことが多いのですが、何か絡まりを防ぐための対処法はありますか？,0.5316209223045452
ナノイーX機能について詳しく教えてください。どのような効果があり、どのコースで利用できますか？,すすぎや脱水はせずに、衣類を「洗い」の工程だけで済ませたいのですが、そのような設定はできますか？,0.5315975374904741
洗濯はせず、衣類を乾燥させる機能だけを使いたいのですが、どのように操作すれば良いですか？,洗濯機が排水できないというエラーメッセージが表示されたのですが、原因は何でしょうか？自分で解決できる方法はありますか？,0.5315227654261044
特に汚れがひどい洗濯物なので、2回続けて洗いたいのですが、そのような設定は可能ですか？,ドアが閉まらない時は？,0.5315194835328849
おすすめのコースを教えて？,洗濯コースの選択肢が画面に表示されないのですが、これはどういう状況ですか？どのように対処すれば良いですか？,0.5315187359498225
洗濯の各工程（洗い、すすぎ、脱水、乾燥）について、自分の好みに合わせて時間を設定したり、回数を変更したりすることはできますか？,特に汚れがひどい洗濯物なので、2回続けて洗いたいのですが、そのような設定は可能ですか？,0.5315184643822546
再洗はできる？,この洗濯機で一度に洗濯できる衣類の最大量と、乾燥できる衣類の最大量はそれぞれ何キログラムですか？,0.5315029355462942
最適なコースは？,電気代や水道代を節約できるような省エネ運転モードは搭載されていますか？,0.5314885373972036
洗濯ネットは使うべき？,おすすめの洗剤・柔軟剤はありますか？,0.5314798227103548
洗濯をスタートする方法を教えて？,洗濯のすすぎ回数を自分の希望に合わせて変更したいのですが、何回から何回まで選べますか？,0.5314544421244748
乾燥のみの運転は可能ですか？,水が出ないエラーが出た。,0.5314279780722374
羽毛布団は洗えますか？,省エネ機能はある？,0.5313904400899563
自宅にいない時でも、スマートフォンなどを使って洗濯機を遠隔で操作し、洗濯を開始することはできますか？,本体の揺れが気になる。,0.5313887295960473
手動で個別に設定する事は可能ですか？,この洗濯機で一度に洗濯できる衣類の最大量と、乾燥できる衣類の最大量はそれぞれ何キログラムですか？,0.5313809641923638
自動投入機能はどう使うの？,洗濯機に水が供給されないというエラーが表示されたのですが、どのような原因が考えられますか？自分でできる確認事項はありますか？,0.5313263668612122
自宅にいない時でも、スマートフォンなどを使って洗濯機を遠隔で操作し、洗濯を開始することはできますか？,洗濯と乾燥の最大容量は？,0.5313053819429471
洗濯終了時のお知らせ音を鳴らさないようにしたいのですが、その設定はどこで変更できますか？,おしゃれ着コースはありますか？,0.5312945931048656
2度洗いは出来ますか？,お急ぎコースはありますか？,0.5312615237776626
洗濯物の絡まりを防ぐには？,時間がない時に、短時間で洗濯を済ませられるようなコースはありますか？,0.5312409334805429
ドアが開かないのですが,深夜に運転しても大丈夫？,0.5312356995264078
ジェット乾燥機能は、どのような仕組みで乾燥をするのですか？,洗濯後に衣類が絡まってしまうことが多いのですが、何か絡まりを防ぐための対処法はありますか？,0.5312162563952947
おしゃれ着は洗える？,誤った設定をしてしまったので、洗濯機の設定をすべて初期状態に戻したいのですが、その方法を教えてください。,0.5311364675907856
ドアが完全に閉まりません,この洗濯機で一度に洗濯できる衣類の最大量と、乾燥できる衣類の最大量はそれぞれ何キログラムですか？,0.5311175841247702
洗濯物を保護するために、洗濯ネットを使用する必要はありますか？どのような種類の衣類に推奨されますか？,ドアが完全に閉まりません,0.5311149015408057
靴は洗えますか？,「水が出ない」エラーが出ます,0.5310617584564657
洗剤を手動で投入できますか？,急いで洗濯したい時は？,0.531033113356226
2度洗いは出来ますか？,時間がない時に、短時間で洗濯を済ませられるようなコースはありますか？,0.5310196870968316
この洗濯機で靴を洗うことはできますか？もしできない場合、何か代わりの方法はありますか？,設定の初期化はできますか？,0.5309971204219385
自動投入機能はどう使うの？,一般的な洗濯コースを選んだ場合、洗濯が完了するまでにおよそ何分くらいかかりますか？,0.5309962984932098
洗濯終了時のお知らせ音を鳴らさないようにしたいのですが、その設定はどこで変更できますか？,ドアが閉まらない時は？,0.5309291814294592
特に汚れがひどい洗濯物なので、2回続けて洗いたいのですが、そのような設定は可能ですか？,洗濯中に通常とは異なる音がするのですが、どのような原因が考えられますか？自分で確認できることはありますか？,0.5308999947155542
羽毛布団は洗濯できる？,洗濯と乾燥の最大容量は？,0.5308987204962038
ナノイーXの機能は？,ドアが完全に閉まりません,0.5308938412506354
自宅の洗濯機で毛布を洗うことはできますか？もし洗える場合、何か特別な条件やコースがありますか？,ドアが完全に閉まりません,0.5308683988687468
「洗い」だけ行いたいのですが,おすすめの洗剤・柔軟剤はありますか？,0.5308673012167078
ジェット乾燥って何？,洗濯と乾燥の最大容量は？,0.5308001509145069
洗濯をスタートする方法を教えて？,水が出ないエラーが出た。,0.5307970615172399
ナノイーXの機能は？,水漏れの原因は？,0.5307887660557995
ドアが開かない原因は？,白い粉が残るのですが。,0.5307876541111952
再洗はできる？,洗濯中に通常とは異なる音がするのですが、どのような原因が考えられますか？自分で確認できることはありますか？,0.530785277348594
洗剤を手動で投入できますか？,スチーム機能は何に使うの？,0.5307822774567799
洗濯ネットは必要ですか？,この洗濯機で靴を洗うことはできますか？もしできない場合、何か代わりの方法はありますか？,0.5307194584262223
おしゃれ着は洗える？,ドアが完全に閉まりません,0.5307005014342292
洗濯機を使い始めるにはどうすればいいですか？　手順を教えて下さい。,個別の設定は可能ですか？,0.5306766681665718
おすすめのコースを教えて？,ナノイーXとは何ですか？,0.5306718688730143
再洗はできる？,白い粉が残るのですが。,0.530666421379761
洗剤や柔軟剤を計る手間を省きたいのですが、自動投入機能はどのように設定して使用するのですか？,洗濯物の絡まりを防ぐには？,0.5306544316017248
個別の設定は可能ですか？,羽毛布団を洗濯機で洗いたいのですが、対応していますか？また、洗う際の注意点があれば教えてください。,0.5306469399652178
本体の揺れが気になる。,この洗濯機で一度に洗濯できる衣類の最大量と、乾燥できる衣類の最大量はそれぞれ何キログラムですか？,0.5306320231937389
時間がない時に、短時間で洗濯を済ませられるようなコースはありますか？,ドラムが回らない。,0.5306032716501562
毛布の洗濯は可能？,「排水できない」エラーが出ます,0.5306029749384057
自宅の洗濯機で毛布を洗うことはできますか？もし洗える場合、何か特別な条件やコースがありますか？,本体の揺れが気になる。,0.5305452247824352
洗いのみは可能？,洗濯物に白い粉が残っています。　どうしたらよいですか？,0.5305255284096748
ジェット乾燥とは何ですか？,「わが家流」設定とは何ですか？,0.5305212809378379
洗濯はせず、衣類を乾燥させる機能だけを使いたいのですが、どのように操作すれば良いですか？,洗濯と乾燥の最大容量は？,0.530500844226123
洗濯後に衣類が絡まってしまうことが多いのですが、何か絡まりを防ぐための対処法はありますか？,誤った設定をしてしまったので、洗濯機の設定をすべて初期状態に戻したいのですが、その方法を教えてください。,0.5304960165288646
ナノイーXの機能は？,洗濯時間は何分ですか？,0.530493661169902
再洗はできる？,洗濯機が排水できないというエラーメッセージが表示されたのですが、原因は何でしょうか？自分で解決できる方法はありますか？,0.5304496730375801
再洗はできる？,洗濯機に水が供給されないというエラーが表示されたのですが、どのような原因が考えられますか？自分でできる確認事項はありますか？,0.5304478645684549
手動で個別に設定する事は可能ですか？,毛布は洗えますか？,0.5304313729842296
羽毛布団は洗えますか？,省エネモードはありますか？,0.5304200715236684
終了音を消すには？,ドアが閉まらない時は？,0.5304066300917706
衣類のしわを伸ばしたり、気になるにおいを取り除いたりしたいのですが、スチーム機能はどのように使えば良いですか？,一般的な洗濯コースを選んだ場合、洗濯が完了するまでにおよそ何分くらいかかりますか？,0.5304034309176566
ドアが開かない原因は？,自宅の洗濯機で毛布を洗うことはできますか？もし洗える場合、何か特別な条件やコースがありますか？,0.5303872959823068
ふんわりキープの目的は？,水漏れしています。どうしたらよいですか？,0.5303840948582292
ナノイーX機能について詳しく教えてください。どのような効果があり、どのコースで利用できますか？,ドアが閉まらない時は？,0.5303694991568422
個別の設定は可能ですか？,頻繁に使う洗濯設定を保存しておきたいのですが、「わが家流」設定とは具体的にどのような機能ですか？,0.530353574944486
2度洗いは出来ますか？,遠隔で洗濯を開始できますか？,0.5303194775266922
異音がします。どうしたらよいですか？,時間がない時に、短時間で洗濯を済ませられるようなコースはありますか？,0.5303054778245656
スチーム機能は何に使うの？,洗濯機が排水できないというエラーメッセージが表示されたのですが、原因は何でしょうか？自分で解決できる方法はありますか？,0.5302677932018471
最適なコースは？,羽毛布団は洗えますか？,0.5302157041556286
洗濯機を使い始めるにはどうすればいいですか？　手順を教えて下さい。,この洗濯機に最適な洗剤や柔軟剤はありますか？メーカーから推奨されている製品があれば教えてください。,0.53018342852257
洗濯物の絡まりを防ぐには？,洗剤の種類によって設定は変わりますか？,0.5301713072078378
洗濯後、衣類に白い粉状のものが付着しているのですが、何が原因ですか？どのように対処すれば改善されますか？,ドアが完全に閉まりません,0.5301453454363814
急いで洗濯したい時は？,ドアが閉まらない時は？,0.5301287255699745
2度洗いは出来ますか？,本体がぐらつきます。どうしたら良いですか？,0.5301260956507761
使用する洗剤のブランドや種類を変更した場合、洗濯機側で何か設定を変更する必要はありますか？,ドラムが動きません,0.5301233900522253
洗濯の所要時間は？,ドラムが回らない。,0.5301233807298533
「わが家流」設定とは何ですか？,洗濯の開始時刻を事前に設定しておきたいのですが、予約機能はどのように使えば良いですか？,0.530117940356988
「洗い」だけ行いたいのですが,洗濯を一時停止した際、追加の衣類を入れるためにドアを開けることは可能ですか？その条件は何ですか？,0.5300690229420221
衣類のしわを伸ばしたり、気になるにおいを取り除いたりしたいのですが、スチーム機能はどのように使えば良いですか？,毛布は洗えますか？,0.5300584507168663
ドアが完全に閉まりません,洗濯の開始時刻を事前に設定しておきたいのですが、予約機能はどのように使えば良いですか？,0.5300071761620941
深夜に運転しても大丈夫？,洗濯中に通常とは異なる音がするのですが、どのような原因が考えられますか？自分で確認できることはありますか？,0.5299931081634304
ジェット乾燥って何？,洗濯が終わったのにドアがロックされて開かないのですが、これは故障ですか？どのくらい時間が経てば開くようになりますか？,0.5299704570676588
衣類のしわを伸ばしたり、気になるにおいを取り除いたりしたいのですが、スチーム機能はどのように使えば良いですか？,この洗濯機で靴を洗うことはできますか？もしできない場合、何か代わりの方法はありますか？,0.5298700384460485
ナノイーXの機能は？,洗濯機が排水できないというエラーメッセージが表示されたのですが、原因は何でしょうか？自分で解決できる方法はありますか？,0.5298691916892658
洗いのみは可能？,一般的な洗濯コースを選んだ場合、洗濯が完了するまでにおよそ何分くらいかかりますか？,0.529791992870996
一般的な洗濯コースを選んだ場合、洗濯が完了するまでにおよそ何分くらいかかりますか？,ドラムが回らない。,0.5297741666766096
手動で個別に設定する事は可能ですか？,2度洗いは出来ますか？,0.5297713569653673
洗濯の所要時間は？,ドラムが動きません,0.5297586309266336
洗濯が終わったのにドアがロックされて開かないのですが、これは故障ですか？どのくらい時間が経てば開くようになりますか？,洗濯と乾燥の最大容量は？,0.5297504434393473
ナノイーXとは何ですか？,ドアが開かないのですが,0.5297447989105843
洗濯機の下から水が漏れているのですが、どのような原因が考えられますか？自分で確認できる対処法はありますか？,本体が熱い。,0.5297347004988013
乾燥だけで使用出来ますか？,誤った設定をしてしまったので、洗濯機の設定をすべて初期状態に戻したいのですが、その方法を教えてください。,0.5296791651068841
個別の設定は可能ですか？,運転終了時にアラームを鳴らさないようにできますか？,0.5296598159786288
羽毛布団は洗濯できる？,「わが家流」設定って何？,0.5296516389643295
洗濯と乾燥の最大容量は？,ドラムが動きません,0.5296507909598964
洗濯を一時停止した際、追加の衣類を入れるためにドアを開けることは可能ですか？その条件は何ですか？,この洗濯機で一度に洗濯できる衣類の最大量と、乾燥できる衣類の最大量はそれぞれ何キログラムですか？,0.5296349210998428
ドアが完全に閉まりません,「排水できない」エラーが出ます,0.529599140240819
洗濯機に水が供給されないというエラーが表示されたのですが、どのような原因が考えられますか？自分でできる確認事項はありますか？,推奨の洗剤・柔軟剤は？,0.5295915911142939
洗いのみは可能？,本体の揺れが気になる。,0.5294969831853615
手動で個別に設定する事は可能ですか？,最大容量は？,0.529476096013388
洗濯ネットは必要ですか？,羽毛布団を洗濯機で洗いたいのですが、対応していますか？また、洗う際の注意点があれば教えてください。,0.5294682721610874
羽毛布団は洗濯できる？,最大容量は？,0.5294583326538767
再洗はできる？,洗濯後に衣類が絡まってしまうことが多いのですが、何か絡まりを防ぐための対処法はありますか？,0.5294557336677843
洗濯機を使い始めるにはどうすればいいですか？　手順を教えて下さい。,自宅の洗濯機で毛布を洗うことはできますか？もし洗える場合、何か特別な条件やコースがありますか？,0.5293899156018944
洗濯終了時のお知らせ音を鳴らさないようにしたいのですが、その設定はどこで変更できますか？,羽毛布団は洗えますか？,0.5293496555889017
洗濯ネットは必要ですか？,洗濯後、衣類に白い粉状のものが付着しているのですが、何が原因ですか？どのように対処すれば改善されますか？,0.5293159043739736
洗濯の各工程（洗い、すすぎ、脱水、乾燥）について、自分の好みに合わせて時間を設定したり、回数を変更したりすることはできますか？,夜遅い時間帯に洗濯機を運転しても、近隣に迷惑がかからないように静かに運転できるモードはありますか？,0.529305552687531
おすすめのコースを教えて？,洗濯機のドアが最後まで閉まらないのですが、何を確認すれば良いですか？,0.5292995287784537
おしゃれ着コースはありますか？,設定を工場出荷時に戻せる？,0.5292732217786744
手動で個別に設定する事は可能ですか？,「水が出ない」エラーが出ます,0.5292675713701236
衣類のしわを伸ばしたり、気になるにおいを取り除いたりしたいのですが、スチーム機能はどのように使えば良いですか？,水漏れの原因は？,0.5292227701830762
夜遅い時間帯に洗濯機を運転しても、近隣に迷惑がかからないように静かに運転できるモードはありますか？,靴は洗えますか？,0.5292226861827725
洗濯を一時停止した際、追加の衣類を入れるためにドアを開けることは可能ですか？その条件は何ですか？,「わが家流」設定って何？,0.5292216845151239
再洗はできる？,洗濯の所要時間は？,0.5292151219181662
洗濯ネットは必要ですか？,時間がない時に、短時間で洗濯を済ませられるようなコースはありますか？,0.529208982022364
洗濯物の種類によって脱水時間を調整したいのですが、何分まで設定できますか？,コースが表示されない。,0.5291659636629575
洗濯を一時停止した際、追加の衣類を入れるためにドアを開けることは可能ですか？その条件は何ですか？,この洗濯機で靴を洗うことはできますか？もしできない場合、何か代わりの方法はありますか？,0.5291360460236371
最大容量は？,この洗濯機に最適な洗剤や柔軟剤はありますか？メーカーから推奨されている製品があれば教えてください。,0.5291292508932386
一時停止したらドアは開く？,毛布は洗えますか？,0.5290967743421924
2度洗いは出来ますか？,「排水できない」エラーが出ます,0.5290882530633385
白い粉が残るのですが。,予約機能の使い方をおしえて？,0.5290809793678354
洗濯はせず、衣類を乾燥させる機能だけを使いたいのですが、どのように操作すれば良いですか？,脱水時間の変更は可能ですか？,0.5290340642381601
手動で洗剤を入れることはできますか？,推奨の洗剤・柔軟剤は？,0.5290185499515437
自宅の洗濯機で毛布を洗うことはできますか？もし洗える場合、何か特別な条件やコースがありますか？,洗濯の所要時間は？,0.5290151039446093
水漏れしています。どうしたらよいですか？,洗濯機本体に触れると熱いのですが、これは異常ですか？特に乾燥運転中に熱くなることはありますか？,0.5290115532953752
子供が誤って操作しないように、チャイルドロックを設定したいのですが、その方法と解除方法を教えてください。,衣類のしわを伸ばしたり、気になるにおいを取り除いたりしたいのですが、スチーム機能はどのように使えば良いですか？,0.5289741810847655
手動で個別に設定する事は可能ですか？,一時停止したらドアは開く？,0.5288904685146785
洗濯物の種類によって脱水時間を調整したいのですが、何分まで設定できますか？,おすすめの洗剤・柔軟剤はありますか？,0.5288899958003985
洗剤を手動で投入できますか？,洗濯のすすぎ回数を自分の希望に合わせて変更したいのですが、何回から何回まで選べますか？,0.5288555243040183
スチーム機能の使い方を教えて？,推奨の洗剤・柔軟剤は？,0.5288431421730675
最適なコースは？,おすすめの洗剤・柔軟剤はありますか？,0.5288108235728182
「洗い」だけ行いたいのですが,「排水できない」エラーが出ます,0.528808202315955
ジェット乾燥とは何ですか？,洗濯後、衣類に白い粉状のものが付着しているのですが、何が原因ですか？どのように対処すれば改善されますか？,0.5288043547073041
自動投入機能の使い方を教えて？,衣類のしわを伸ばしたり、気になるにおいを取り除いたりしたいのですが、スチーム機能はどのように使えば良いですか？,0.5287493044169052
毛布は洗えますか？,本体が熱い。,0.5287183899499095
デリケートな衣類やおしゃれ着を優しく洗うための専用コースはありますか？,洗濯機に水が供給されないというエラーが表示されたのですが、どのような原因が考えられますか？自分でできる確認事項はありますか？,0.5287149393815915
深夜運転は静か？,本体が熱い。,0.5287068358712711
スチーム機能の使い方を教えて？,洗濯中に急な用事ができた場合、途中で運転を一時停止させることはできますか？その操作方法を教えてください。,0.5286891401255444
「水が出ない」エラーが出ます,ドラムが動きません,0.5286878154530222
洗濯中に急な用事ができた場合、途中で運転を一時停止させることはできますか？その操作方法を教えてください。,洗濯機のドアが最後まで閉まらないのですが、何を確認すれば良いですか？,0.5286728106137631
「わが家流」設定とは何ですか？,排水エラーが出た。,0.52867134970231
手動で洗剤を入れることはできますか？,深夜運転は静か？,0.5286391680559642
衣類のしわを伸ばしたり、気になるにおいを取り除いたりしたいのですが、スチーム機能はどのように使えば良いですか？,誤った設定をしてしまったので、洗濯機の設定をすべて初期状態に戻したいのですが、その方法を教えてください。,0.5286371235553399
洗いのみは可能？,ドアが開かないのですが,0.5286358830310599
洗濯物の種類や汚れ具合に関わらず、最もおすすめの洗濯コースは何ですか？そのコースではどのような設定が自動で行われますか？,「わが家流」設定って何？,0.5286210704771085
洗濯後に衣類が絡まってしまうことが多いのですが、何か絡まりを防ぐための対処法はありますか？,予約の仕方は？,0.5285876864558756
自動投入機能の使い方を教えて？,ナノイーX機能について詳しく教えてください。どのような効果があり、どのコースで利用できますか？,0.5285693602361624
洗濯機が排水できないというエラーメッセージが表示されたのですが、原因は何でしょうか？自分で解決できる方法はありますか？,推奨の洗剤・柔軟剤は？,0.5285343971791927
手動で個別に設定する事は可能ですか？,水が出ないエラーが出た。,0.5285327368957543
洗濯ネットは必要ですか？,洗濯の所要時間は？,0.5284999172435662
洗濯コースの選択肢が画面に表示されないのですが、これはどういう状況ですか？どのように対処すれば良いですか？,誤った設定をしてしまったので、洗濯機の設定をすべて初期状態に戻したいのですが、その方法を教えてください。,0.5284673619220377
使用する洗剤のブランドや種類を変更した場合、洗濯機側で何か設定を変更する必要はありますか？,ドアが完全に閉まりません,0.5284658439203234
衣類を洗うだけで、乾燥工程は行いたくない場合、どのコースを選択すれば良いですか？,ドアが開かない原因は？,0.5284598511647144
ジェット乾燥って何？,水漏れしています。どうしたらよいですか？,0.5284268795127715
一時停止したらドアは開く？,深夜に運転しても大丈夫？,0.5284094324922066
自動投入機能を使わずに、自分で洗剤を投入したいのですが、設定を教えてください？,ふんわりキープの目的は？,0.5284068090277297
洗濯コースの選択肢が画面に表示されないのですが、これはどういう状況ですか？どのように対処すれば良いですか？,設定を工場出荷時に戻せる？,0.5283893141076444
子供が誤って操作しないように、チャイルドロックを設定したいのですが、その方法と解除方法を教えてください。,洗濯機の下から水が漏れているのですが、どのような原因が考えられますか？自分で確認できる対処法はありますか？,0.528387844512556
自動投入機能を使わずに、自分で洗剤を投入したいのですが、設定を教えてください？,「ふんわりキープ」とはどのような機能ですか？,0.52838625128151
ドアが開かない原因は？,水漏れしています。どうしたらよいですか？,0.5283239748617815
洗剤や柔軟剤を計る手間を省きたいのですが、自動投入機能はどのように設定して使用するのですか？,2度洗いは出来ますか？,0.5282833381381926
2度洗いは出来ますか？,ドアが開かないのですが,0.5281978458895118
夜遅い時間帯に洗濯機を運転しても、近隣に迷惑がかからないように静かに運転できるモードはありますか？,設定の初期化はできますか？,0.528178957984561
洗濯終了時のお知らせ音を鳴らさないようにしたいのですが、その設定はどこで変更できますか？,ドラムが動きません,0.5280647318836486
洗剤や柔軟剤を計る手間を省きたいのですが、自動投入機能はどのように設定して使用するのですか？,変な音がするのですが。,0.5280596631496373
2度洗いは出来ますか？,洗濯が終わったのにドアがロックされて開かないのですが、これは故障ですか？どのくらい時間が経てば開くようになりますか？,0.5280552994814505
ドアが開かない原因は？,洗濯機本体に触れると熱いのですが、これは異常ですか？特に乾燥運転中に熱くなることはありますか？,0.5280502247576171
一時停止中にドアは開きますか？,洗濯機本体に触れると熱いのですが、これは異常ですか？特に乾燥運転中に熱くなることはありますか？,0.5280425507205784
乾燥なしで洗濯するには？,ドアが開かないのですが,0.5280370639017623
洗濯だけする方法を教えて？,洗濯機に水が供給されないというエラーが表示されたのですが、どのような原因が考えられますか？自分でできる確認事項はありますか？,0.5279871557421194
洗濯の各工程（洗い、すすぎ、脱水、乾燥）について、自分の好みに合わせて時間を設定したり、回数を変更したりすることはできますか？,洗濯を一時停止した際、追加の衣類を入れるためにドアを開けることは可能ですか？その条件は何ですか？,0.5279842629384915
ナノイーXとは何ですか？,すすぎ回数は変えられる？,0.5279743507284
一般的な洗濯コースを選んだ場合、洗濯が完了するまでにおよそ何分くらいかかりますか？,洗濯機本体に触れると熱いのですが、これは異常ですか？特に乾燥運転中に熱くなることはありますか？,0.5279684574968657
洗濯物が絡まります。どうしたらよいですか？,コースが表示されない。,0.5279550894404517
ふんわりキープの目的は？,一般的な洗濯コースを選んだ場合、洗濯が完了するまでにおよそ何分くらいかかりますか？,0.5279522120271062
ジェット乾燥って何？,洗濯時間は何分ですか？,0.5279479671958023
脱水時間の調整はできる？,ドアが開かない原因は？,0.5279468807500437
ドアが閉まらない時は？,洗濯と乾燥の最大容量は？,0.527883824234029
洗剤を手動で投入できますか？,ドラムが動きません,0.5278396652750197
おすすめのコースを教えて？,省エネ機能はある？,0.5278367790289987
外出先から洗濯を開始できますか？,洗濯中に通常とは異なる音がするのですが、どのような原因が考えられますか？自分で確認できることはありますか？,0.5278193262729698
洗濯機を使い始めるにはどうすればいいですか？　手順を教えて下さい。,洗濯時間は何分ですか？,0.5278107312846878
子供が誤って操作しないように、チャイルドロックを設定したいのですが、その方法と解除方法を教えてください。,洗濯が終わったのにドアがロックされて開かないのですが、これは故障ですか？どのくらい時間が経てば開くようになりますか？,0.5278072601755615
洗濯後に衣類が絡まってしまうことが多いのですが、何か絡まりを防ぐための対処法はありますか？,予約機能の使い方をおしえて？,0.5277810785078614
夜遅い時間帯に洗濯機を運転しても、近隣に迷惑がかからないように静かに運転できるモードはありますか？,ドラムが動きません,0.5277725719450083
洗濯物の種類や汚れ具合に関わらず、最もおすすめの洗濯コースは何ですか？そのコースではどのような設定が自動で行われますか？,スニーカーは洗える？,0.5277705060933565
おしゃれ着コースはありますか？,本体の揺れが気になる。,0.5277655395922987
ナノイーX機能について詳しく教えてください。どのような効果があり、どのコースで利用できますか？,洗濯機の下から水が漏れているのですが、どのような原因が考えられますか？自分で確認できる対処法はありますか？,0.527762037032868
ジェット乾燥とは何ですか？,脱水時間の変更は可能ですか？,0.5277152641886937
洗濯時間は何分ですか？,ドラムが回らない。,0.5277148123074084
洗濯物を保護するために、洗濯ネットを使用する必要はありますか？どのような種類の衣類に推奨されますか？,白い粉が残るのですが。,0.5277016367474627
衣類のしわを伸ばしたり、気になるにおいを取り除いたりしたいのですが、スチーム機能はどのように使えば良いですか？,自宅の洗濯機で毛布を洗うことはできますか？もし洗える場合、何か特別な条件やコースがありますか？,0.5276910425743166
夜遅い時間帯に洗濯機を運転しても、近隣に迷惑がかからないように静かに運転できるモードはありますか？,スニーカーは洗える？,0.5276517139830805
ふんわりキープの目的は？,洗濯時間は何分ですか？,0.5276368428778513
ドアが開かない原因は？,深夜に運転しても大丈夫？,0.5276021834498219
すすぎの設定を変更することは可能ですか？,洗濯物が絡まります。どうしたらよいですか？,0.5275661356703101
夜遅い時間帯に洗濯機を運転しても、近隣に迷惑がかからないように静かに運転できるモードはありますか？,ドラムが回らない。,0.5275622677688405
本体がぐらつきます。どうしたら良いですか？,本体が熱い。,0.5275582378547703
チャイルドロックはどこで設定する？,本体がぐらつきます。どうしたら良いですか？,0.5275482067557415
深夜に運転しても大丈夫？,洗濯後、衣類に白い粉状のものが付着しているのですが、何が原因ですか？どのように対処すれば改善されますか？,0.5275430163013262
再洗はできる？,排水エラーが出た。,0.5275167078491421
衣類を洗うだけで、乾燥工程は行いたくない場合、どのコースを選択すれば良いですか？,洗濯機が排水できないというエラーメッセージが表示されたのですが、原因は何でしょうか？自分で解決できる方法はありますか？,0.5274716688249894
特に汚れがひどい洗濯物なので、2回続けて洗いたいのですが、そのような設定は可能ですか？,白い粉が残るのですが。,0.527465857542232
羽毛布団は洗濯できる？,「水が出ない」エラーが出ます,0.5274653724857191
洗濯をスタートする方法を教えて？,洗剤の種類によって設定は変わりますか？,0.5274121412373037
洗濯機の下から水が漏れているのですが、どのような原因が考えられますか？自分で確認できる対処法はありますか？,おすすめの洗剤・柔軟剤はありますか？,0.5274011671134982
子供が誤って操作しないように、チャイルドロックを設定したいのですが、その方法と解除方法を教えてください。,誤った設定をしてしまったので、洗濯機の設定をすべて初期状態に戻したいのですが、その方法を教えてください。,0.5273268589633227
「わが家流」設定って何？,洗濯機の下から水が漏れているのですが、どのような原因が考えられますか？自分で確認できる対処法はありますか？,0.5272498034200779
深夜に運転しても大丈夫？,洗濯機本体が不安定で揺れるのですが、どうすれば改善できますか？設置状況を確認する必要がありますか？,0.5272322563395497
ナノイーXとは何ですか？,水漏れしています。どうしたらよいですか？,0.5272233302460805
洗濯が終わったのにドアがロックされて開かないのですが、これは故障ですか？どのくらい時間が経てば開くようになりますか？,洗濯中に急な用事ができた場合、途中で運転を一時停止させることはできますか？その操作方法を教えてください。,0.5272105714361772
ナノイーXの機能は？,洗濯中に通常とは異なる音がするのですが、どのような原因が考えられますか？自分で確認できることはありますか？,0.5271870693821089
自宅にいない時でも、スマートフォンなどを使って洗濯機を遠隔で操作し、洗濯を開始することはできますか？,水漏れの原因は？,0.5271784536807733
洗濯物の種類によって脱水時間を調整したいのですが、何分まで設定できますか？,お急ぎコースはありますか？,0.5270502633670165
手動で個別に設定する事は可能ですか？,「わが家流」設定とは何ですか？,0.5270325190620606
羽毛布団は洗えますか？,洗濯物の絡まりを防ぐには？,0.5270090010695978
「わが家流」設定って何？,この洗濯機に最適な洗剤や柔軟剤はありますか？メーカーから推奨されている製品があれば教えてください。,0.5269980642320394
洗濯時間は何分ですか？,洗濯を開始しようとしてもドラムが回転しないのですが、何が原因として考えられますか？安全装置が作動している可能性はありますか？,0.5269965511917951
自動投入機能の使い方を教えて？,夜遅い時間帯に洗濯機を運転しても、近隣に迷惑がかからないように静かに運転できるモードはありますか？,0.5269817235055572
手動で洗剤を入れることはできますか？,洗濯物を保護するために、洗濯ネットを使用する必要はありますか？どのような種類の衣類に推奨されますか？,0.5269679773964803
スチーム機能の使い方を教えて？,ナノイーXの機能は？,0.5269579675368041
洗濯機が排水できないというエラーメッセージが表示されたのですが、原因は何でしょうか？自分で解決できる方法はありますか？,予約機能の使い方をおしえて？,0.5269240914591062
チャイルドロックはどこで設定する？,洗濯後、衣類に白い粉状のものが付着しているのですが、何が原因ですか？どのように対処すれば改善されますか？,0.5268881415598734
白い粉が残るのですが。,最大容量は？,0.5268821251604173
夜遅い時間帯に洗濯機を運転しても、近隣に迷惑がかからないように静かに運転できるモードはありますか？,白い粉が残るのですが。,0.5268758708530248
毛布は洗えますか？,設定を工場出荷時に戻せる？,0.5268596812123403
洗剤や柔軟剤を計る手間を省きたいのですが、自動投入機能はどのように設定して使用するのですか？,一時停止したらドアは開く？,0.5268355327539529
ナノイーX機能について詳しく教えてください。どのような効果があり、どのコースで利用できますか？,洗濯ネットは使うべき？,0.5267564580002608
「洗い」だけ行いたいのですが,遠隔で洗濯を開始できますか？,0.5266611221297223
洗濯物の種類によって脱水時間を調整したいのですが、何分まで設定できますか？,自宅の洗濯機で毛布を洗うことはできますか？もし洗える場合、何か特別な条件やコースがありますか？,0.526630425118
特に汚れがひどい洗濯物なので、2回続けて洗いたいのですが、そのような設定は可能ですか？,洗濯機が排水できないというエラーメッセージが表示されたのですが、原因は何でしょうか？自分で解決できる方法はありますか？,0.5266155608088272
一般的な洗濯コースを選んだ場合、洗濯が完了するまでにおよそ何分くらいかかりますか？,本体が熱くなります,0.5266059160615328
洗濯の途中で一時停止できますか？,「排水できない」エラーが出ます,0.5266007204641857
排水エラーが出た。,この洗濯機に最適な洗剤や柔軟剤はありますか？メーカーから推奨されている製品があれば教えてください。,0.5265890756929132
電気代や水道代を節約できるような省エネ運転モードは搭載されていますか？,「わが家流」設定って何？,0.5265553355735824
急いで洗濯したい時は？,洗濯を開始しようとしてもドラムが回転しないのですが、何が原因として考えられますか？安全装置が作動している可能性はありますか？,0.5265447506926424
洗濯中に通常とは異なる音がするのですが、どのような原因が考えられますか？自分で確認できることはありますか？,おすすめの洗剤・柔軟剤はありますか？,0.526532079178466
急いで洗濯したい時は？,おすすめの洗剤・柔軟剤はありますか？,0.5265237434232414
洗濯の各工程（洗い、すすぎ、脱水、乾燥）について、自分の好みに合わせて時間を設定したり、回数を変更したりすることはできますか？,変な音がするのですが。,0.5265157046524527
洗剤の種類で設定変更は必要？,本体が熱い。,0.5265125981136662
チャイルドロックの設定をしたい,羽毛布団を洗濯機で洗いたいのですが、対応していますか？また、洗う際の注意点があれば教えてください。,0.5264957453838892
洗濯後に衣類が絡まってしまうことが多いのですが、何か絡まりを防ぐための対処法はありますか？,洗濯機が排水できないというエラーメッセージが表示されたのですが、原因は何でしょうか？自分で解決できる方法はありますか？,0.5264819312142694
再洗はできる？,洗濯ネットは使うべき？,0.5264547626677836
洗濯後、衣類に白い粉状のものが付着しているのですが、何が原因ですか？どのように対処すれば改善されますか？,ドアが閉まらない時は？,0.5264456822183501
子供が誤って操作しないように、チャイルドロックを設定したいのですが、その方法と解除方法を教えてください。,靴は洗えますか？,0.526437183515806
運転終了時にアラームを鳴らさないようにできますか？,夜遅い時間帯に洗濯機を運転しても、近隣に迷惑がかからないように静かに運転できるモードはありますか？,0.5264337785191052
スチーム機能の使い方を教えて？,洗濯を一時停止した際、追加の衣類を入れるためにドアを開けることは可能ですか？その条件は何ですか？,0.5264253670222054
洗濯の始め方は？,洗剤や柔軟剤を計る手間を省きたいのですが、自動投入機能はどのように設定して使用するのですか？,0.526398649670148
チャイルドロックの設定をしたい,ドラムが動きません,0.5263946639022126
コースが表示されない。,本体が熱い。,0.5263889732295941
すすぎや脱水はせずに、衣類を「洗い」の工程だけで済ませたいのですが、そのような設定はできますか？,毛布の洗濯は可能？,0.5263667870658089
洗濯をスタートする方法を教えて？,運転終了時にアラームを鳴らさないようにできますか？,0.526336781285342
深夜運転は静か？,本体の揺れが気になる。,0.5263166836468665
ナノイーXの機能は？,洗濯後、衣類に白い粉状のものが付着しているのですが、何が原因ですか？どのように対処すれば改善されますか？,0.5262985490963696
子供が誤って操作しないように、チャイルドロックを設定したいのですが、その方法と解除方法を教えてください。,洗濯のすすぎ回数を自分の希望に合わせて変更したいのですが、何回から何回まで選べますか？,0.5262791385674725
最適なコースは？,「わが家流」設定って何？,0.526255088965735
洗濯機を使い始めるにはどうすればいいですか？　手順を教えて下さい。,ドアが閉まらない時は？,0.5262381661699678
衣類を洗うだけで、乾燥工程は行いたくない場合、どのコースを選択すれば良いですか？,洗濯機本体に触れると熱いのですが、これは異常ですか？特に乾燥運転中に熱くなることはありますか？,0.5262311793993241
ふんわりキープの目的は？,洗濯機に水が供給されないというエラーが表示されたのですが、どのような原因が考えられますか？自分でできる確認事項はありますか？,0.5262222146272163
深夜に運転しても大丈夫？,洗濯物に白い粉が残っています。　どうしたらよいですか？,0.526180609369386
すすぎ回数は変えられる？,「排水できない」エラーが出ます,0.5261518466473301
衣類を洗うだけで、乾燥工程は行いたくない場合、どのコースを選択すれば良いですか？,「わが家流」設定って何？,0.5261448226877745
個別の設定は可能ですか？,この洗濯機で靴を洗うことはできますか？もしできない場合、何か代わりの方法はありますか？,0.5261358848138592
洗濯機を使い始めるにはどうすればいいですか？　手順を教えて下さい。,深夜に運転しても大丈夫？,0.5261348772045227
個別の設定は可能ですか？,自宅にいない時でも、スマートフォンなどを使って洗濯機を遠隔で操作し、洗濯を開始することはできますか？,0.5261291675845744
洗濯の始め方は？,おしゃれ着コースはありますか？,0.5261204470251285
衣類を洗うだけで、乾燥工程は行いたくない場合、どのコースを選択すれば良いですか？,ドアが閉まらない時は？,0.5261183626084566
毛布は洗えますか？,「排水できない」エラーが出ます,0.5260880307686603
チャイルドロックはどこで設定する？,洗濯を一時停止した際、追加の衣類を入れるためにドアを開けることは可能ですか？その条件は何ですか？,0.5260839213844839
洗濯ネットは使うべき？,異音がします。どうしたらよいですか？,0.5260759859547193
脱水時間の調整はできる？,夜遅い時間帯に洗濯機を運転しても、近隣に迷惑がかからないように静かに運転できるモードはありますか？,0.525996545663078
子供が誤って操作しないように、チャイルドロックを設定したいのですが、その方法と解除方法を教えてください。,洗濯中に通常とは異なる音がするのですが、どのような原因が考えられますか？自分で確認できることはありますか？,0.5259764964404071
再洗はできる？,一般的な洗濯コースを選んだ場合、洗濯が完了するまでにおよそ何分くらいかかりますか？,0.5259759173738745
最適なコースは？,使用する洗剤のブランドや種類を変更した場合、洗濯機側で何か設定を変更する必要はありますか？,0.5259452007418333
洗濯の始め方は？,この洗濯機で靴を洗うことはできますか？もしできない場合、何か代わりの方法はありますか？,0.5258914931999971
洗濯機を使い始めるにはどうすればいいですか？　手順を教えて下さい。,「水が出ない」エラーが出ます,0.5258632102143961
すすぎや脱水はせずに、衣類を「洗い」の工程だけで済ませたいのですが、そのような設定はできますか？,洗濯時間は何分ですか？,0.525861234866639
脱水時間の調整はできる？,「わが家流」設定って何？,0.52585582988185
すすぎや脱水はせずに、衣類を「洗い」の工程だけで済ませたいのですが、そのような設定はできますか？,洗濯の所要時間は？,0.5258375151324306
運転終了時にアラームを鳴らさないようにできますか？,洗濯コースの選択肢が画面に表示されないのですが、これはどういう状況ですか？どのように対処すれば良いですか？,0.5258359591570791
洗濯はせず、衣類を乾燥させる機能だけを使いたいのですが、どのように操作すれば良いですか？,洗濯中に急な用事ができた場合、途中で運転を一時停止させることはできますか？その操作方法を教えてください。,0.5258219042980696
終了音を消すには？,羽毛布団は洗濯できる？,0.5257971150001528
洗濯を一時停止した際、追加の衣類を入れるためにドアを開けることは可能ですか？その条件は何ですか？,一般的な洗濯コースを選んだ場合、洗濯が完了するまでにおよそ何分くらいかかりますか？,0.5257844360181141
「わが家流」設定って何？,本体がぐらつきます。どうしたら良いですか？,0.5257744236254975
すすぎの設定を変更することは可能ですか？,設定を工場出荷時に戻せる？,0.5257255031702146
洗剤を手動で投入できますか？,ナノイーX機能について詳しく教えてください。どのような効果があり、どのコースで利用できますか？,0.5257073040077183
外出先から洗濯を開始できますか？,最大容量は？,0.5257042346230165
洗濯機に水が供給されないというエラーが表示されたのですが、どのような原因が考えられますか？自分でできる確認事項はありますか？,予約の仕方は？,0.525700238470837
脱水時間の変更は可能ですか？,洗濯機のドアが最後まで閉まらないのですが、何を確認すれば良いですか？,0.5256976347117924
急いで洗濯したい時は？,水が出ないエラーが出た。,0.5255946580180357
手動で個別に設定する事は可能ですか？,この洗濯機に最適な洗剤や柔軟剤はありますか？メーカーから推奨されている製品があれば教えてください。,0.5255384887127643
深夜運転は静か？,本体がぐらつきます。どうしたら良いですか？,0.5255037775357136
ナノイーXの機能は？,ドアが閉まらない時は？,0.5255015304735284
ふんわりキープとは何ですか？,設定の初期化はできますか？,0.525488290426366
最適なコースは？,洗濯と乾燥の最大容量は？,0.5254377123326635
洗濯物の種類や汚れ具合に関わらず、最もおすすめの洗濯コースは何ですか？そのコースではどのような設定が自動で行われますか？,羽毛布団は洗濯できる？,0.5254376413857856
2度洗いは出来ますか？,洗濯物の絡まりを防ぐには？,0.5254298885221234
洗濯物の種類や汚れ具合に関わらず、最もおすすめの洗濯コースは何ですか？そのコースではどのような設定が自動で行われますか？,2度洗いは出来ますか？,0.5254043118361651
自動投入機能はどう使うの？,洗濯時間は何分ですか？,0.5253454422601924
洗剤の種類によって設定は変わりますか？,お急ぎコースはありますか？,0.5253452115413617
洗濯をスタートする方法を教えて？,洗濯後に衣類が絡まってしまうことが多いのですが、何か絡まりを防ぐための対処法はありますか？,0.5253016738584346
洗濯のすすぎ回数を自分の希望に合わせて変更したいのですが、何回から何回まで選べますか？,深夜に運転しても大丈夫？,0.5252985433346103
洗剤や柔軟剤を計る手間を省きたいのですが、自動投入機能はどのように設定して使用するのですか？,ナノイーXとは何ですか？,0.5252975594830726
自動投入機能はどう使うの？,変な音がするのですが。,0.5252949459846001
一時停止したらドアは開く？,「わが家流」設定って何？,0.5252575203458134
自宅の洗濯機で毛布を洗うことはできますか？もし洗える場合、何か特別な条件やコースがありますか？,設定を工場出荷時に戻せる？,0.5252412108191702
洗濯中に一時停止は可能？,深夜運転は静か？,0.52523350299898
脱水時間の変更は可能ですか？,省エネモードはありますか？,0.5252023060646458
自動投入機能はどう使うの？,ドアが完全に閉まりません,0.5251516045492934
衣類のしわを伸ばしたり、気になるにおいを取り除いたりしたいのですが、スチーム機能はどのように使えば良いですか？,本体がぐらつきます。どうしたら良いですか？,0.5250828962800982
洗濯物の絡まりを防ぐには？,おすすめの洗剤・柔軟剤はありますか？,0.5250747081962275
2度洗いは出来ますか？,洗濯ネットは必要ですか？,0.5250331580222048
洗濯をスタートする方法を教えて？,洗濯時間は何分ですか？,0.5249653889171794
ドアが完全に閉まりません,洗濯機に水が供給されないというエラーが表示されたのですが、どのような原因が考えられますか？自分でできる確認事項はありますか？,0.524939233591335
深夜運転は静か？,この洗濯機で一度に洗濯できる衣類の最大量と、乾燥できる衣類の最大量はそれぞれ何キログラムですか？,0.5249261631481685
チャイルドロックの設定をしたい,排水エラーが出た。,0.5249217653234373
ナノイーXの機能は？,洗濯機のドアが最後まで閉まらないのですが、何を確認すれば良いですか？,0.524913664006881
自宅にいない時でも、スマートフォンなどを使って洗濯機を遠隔で操作し、洗濯を開始することはできますか？,「排水できない」エラーが出ます,0.5248934136143373
使用する洗剤のブランドや種類を変更した場合、洗濯機側で何か設定を変更する必要はありますか？,最大容量は？,0.5248635387421078
自動投入機能の使い方を教えて？,一般的な洗濯コースを選んだ場合、洗濯が完了するまでにおよそ何分くらいかかりますか？,0.5248449775575074
ナノイーX機能について詳しく教えてください。どのような効果があり、どのコースで利用できますか？,ドラムが回らない。,0.5247438469065249
おすすめのコースを教えて？,洗濯の所要時間は？,0.5246590022172863
洗濯物の絡まりを防ぐには？,推奨の洗剤・柔軟剤は？,0.5246584816601325
洗濯だけする方法を教えて？,「排水できない」エラーが出ます,0.5246370347853244
洗いのみは可能？,一時停止中にドアは開きますか？,0.5246333871757285
ジェット乾燥って何？,一般的な洗濯コースを選んだ場合、洗濯が完了するまでにおよそ何分くらいかかりますか？,0.5246030226699615
洗濯ネットは使うべき？,使用する洗剤のブランドや種類を変更した場合、洗濯機側で何か設定を変更する必要はありますか？,0.5245908439572449
洗濯中に急な用事ができた場合、途中で運転を一時停止させることはできますか？その操作方法を教えてください。,洗濯機本体が不安定で揺れるのですが、どうすれば改善できますか？設置状況を確認する必要がありますか？,0.5245798969445605
おすすめのコースを教えて？,チャイルドロックはどこで設定する？,0.524548830829346
洗濯物の種類によって脱水時間を調整したいのですが、何分まで設定できますか？,「わが家流」設定とは何ですか？,0.5245338270060341
脱水時間の変更は可能ですか？,使用する洗剤のブランドや種類を変更した場合、洗濯機側で何か設定を変更する必要はありますか？,0.524531526775811
2度洗いは出来ますか？,洗濯時間は何分ですか？,0.5244839543251663
特に汚れがひどい洗濯物なので、2回続けて洗いたいのですが、そのような設定は可能ですか？,ドラムが動きません,0.5244569672955104
洗濯ネットは使うべき？,羽毛布団は洗えますか？,0.524442276033275
終了音を消すには？,時間がない時に、短時間で洗濯を済ませられるようなコースはありますか？,0.5244338629025292
ふんわりキープとは何ですか？,洗濯物の種類によって脱水時間を調整したいのですが、何分まで設定できますか？,0.5243760367104726
深夜に運転しても大丈夫？,洗濯を開始しようとしてもドラムが回転しないのですが、何が原因として考えられますか？安全装置が作動している可能性はありますか？,0.5243735675823393
洗濯はせず、衣類を乾燥させる機能だけを使いたいのですが、どのように操作すれば良いですか？,洗濯ネットは使うべき？,0.5243155187325651
特に汚れがひどい洗濯物なので、2回続けて洗いたいのですが、そのような設定は可能ですか？,洗濯後に衣類が絡まってしまうことが多いのですが、何か絡まりを防ぐための対処法はありますか？,0.5242668357225828
ドアが閉まらない時は？,水が出ないエラーが出た。,0.5242661677966969
すすぎ回数は変えられる？,時間がない時に、短時間で洗濯を済ませられるようなコースはありますか？,0.5242468766868931
スチーム機能の使い方を教えて？,「排水できない」エラーが出ます,0.5242192081541475
洗濯物が絡まります。どうしたらよいですか？,洗剤の種類によって設定は変わりますか？,0.5241962701631382
「洗い」だけ行いたいのですが,デリケートな衣類やおしゃれ着を優しく洗うための専用コースはありますか？,0.5241601951931014
衣類のしわを伸ばしたり、気になるにおいを取り除いたりしたいのですが、スチーム機能はどのように使えば良いですか？,予約の仕方は？,0.5241321803415686
急いで洗濯したい時は？,誤った設定をしてしまったので、洗濯機の設定をすべて初期状態に戻したいのですが、その方法を教えてください。,0.5240623217425625
コースが表示されないのですが,本体が熱い。,0.5240481987838455
おすすめのコースを教えて？,遠隔で洗濯を開始できますか？,0.5240194817096495
洗濯の開始時刻を事前に設定しておきたいのですが、予約機能はどのように使えば良いですか？,洗濯機本体に触れると熱いのですが、これは異常ですか？特に乾燥運転中に熱くなることはありますか？,0.5240157205775177
ナノイーXとは何ですか？,すすぎの設定を変更することは可能ですか？,0.52401181992473
洗剤を手動で投入できますか？,この洗濯機で一度に洗濯できる衣類の最大量と、乾燥できる衣類の最大量はそれぞれ何キログラムですか？,0.5239818240799876
「ふんわりキープ」とはどのような機能ですか？,洗濯機本体に触れると熱いのですが、これは異常ですか？特に乾燥運転中に熱くなることはありますか？,0.523936585190308
子供が誤って操作しないように、チャイルドロックを設定したいのですが、その方法と解除方法を教えてください。,羽毛布団は洗えますか？,0.5239286394094483
スチーム機能は何に使うの？,「排水できない」エラーが出ます,0.5239070191465616
遠隔で洗濯を開始できますか？,洗濯物が絡まります。どうしたらよいですか？,0.5238451320077919
子供が誤って操作しないように、チャイルドロックを設定したいのですが、その方法と解除方法を教えてください。,ドアが開かない原因は？,0.5238360746776776
深夜運転は静か？,本体が熱くなります,0.5238254031652451
洗濯の各工程（洗い、すすぎ、脱水、乾燥）について、自分の好みに合わせて時間を設定したり、回数を変更したりすることはできますか？,すすぎ回数は変えられる？,0.523825099202334
ドアが完全に閉まりません,洗濯と乾燥の最大容量は？,0.5237883382457578
自宅の洗濯機で毛布を洗うことはできますか？もし洗える場合、何か特別な条件やコースがありますか？,洗濯時間は何分ですか？,0.52377783440485
ナノイーXとは何ですか？,運転終了時にアラームを鳴らさないようにできますか？,0.5237643878188113
洗剤の種類で設定変更は必要？,排水エラーが出た。,0.523742972984911
洗濯物の絡まりを防ぐには？,洗濯コースの選択肢が画面に表示されないのですが、これはどういう状況ですか？どのように対処すれば良いですか？,0.5237403659596636
個別の設定は可能ですか？,この洗濯機に最適な洗剤や柔軟剤はありますか？メーカーから推奨されている製品があれば教えてください。,0.5236769656312377
ジェット乾燥機能は、どのような仕組みで乾燥をするのですか？,洗濯物の絡まりを防ぐには？,0.5236729936430468
ナノイーXとは何ですか？,「わが家流」設定って何？,0.5236681713464364
洗濯と乾燥の最大容量は？,水漏れしています。どうしたらよいですか？,0.5236288931648256
遠隔で洗濯を開始できますか？,洗濯機本体に触れると熱いのですが、これは異常ですか？特に乾燥運転中に熱くなることはありますか？,0.5236017789077472
一時停止中にドアは開きますか？,デリケートな衣類やおしゃれ着を優しく洗うための専用コースはありますか？,0.5236015562539263
ドアが開かないのですが,「水が出ない」エラーが出ます,0.5235309904834742
洗濯終了時のお知らせ音を鳴らさないようにしたいのですが、その設定はどこで変更できますか？,洗濯機が排水できないというエラーメッセージが表示されたのですが、原因は何でしょうか？自分で解決できる方法はありますか？,0.5235165786262563
衣類のしわを伸ばしたり、気になるにおいを取り除いたりしたいのですが、スチーム機能はどのように使えば良いですか？,深夜に運転しても大丈夫？,0.5235146588901549
脱水時間の変更は可能ですか？,急いで洗濯したい時は？,0.5234599056738607
ドアが開かない原因は？,洗濯物に白い粉が残っています。　どうしたらよいですか？,0.5234382543763492
洗剤の種類によって設定は変わりますか？,本体が熱い。,0.5234325404109832
洗濯ネットは使うべき？,靴は洗えますか？,0.5233888965665389
変な音がするのですが。,おすすめの洗剤・柔軟剤はありますか？,0.5233465131937876
すすぎや脱水はせずに、衣類を「洗い」の工程だけで済ませたいのですが、そのような設定はできますか？,省エネモードはありますか？,0.5232862113977044
洗濯物の種類や汚れ具合に関わらず、最もおすすめの洗濯コースは何ですか？そのコースではどのような設定が自動で行われますか？,チャイルドロックはどこで設定する？,0.523266995665996
最適なコースは？,洗濯機のドアが最後まで閉まらないのですが、何を確認すれば良いですか？,0.5232518687544049
ジェット乾燥機能は、どのような仕組みで乾燥をするのですか？,設定を工場出荷時に戻せる？,0.5232505401932633
省エネモードはありますか？,「わが家流」設定とは何ですか？,0.5232457934039394
時間がない時に、短時間で洗濯を済ませられるようなコースはありますか？,本体の揺れが気になる。,0.5232454249402994
洗濯中に急な用事ができた場合、途中で運転を一時停止させることはできますか？その操作方法を教えてください。,本体がぐらつきます。どうしたら良いですか？,0.5232179986617653
洗濯をスタートする方法を教えて？,この洗濯機に最適な洗剤や柔軟剤はありますか？メーカーから推奨されている製品があれば教えてください。,0.5231658735953411
自動投入機能はどう使うの？,スチーム機能は何に使うの？,0.523149376225132
洗濯はせず、衣類を乾燥させる機能だけを使いたいのですが、どのように操作すれば良いですか？,変な音がするのですが。,0.5231269557051725
手動で洗剤を入れることはできますか？,ドアが閉まらない時は？,0.5231022998030388
洗濯後に衣類が絡まってしまうことが多いのですが、何か絡まりを防ぐための対処法はありますか？,おしゃれ着は洗える？,0.5231012257970689
毛布は洗えますか？,水漏れの原因は？,0.5230862463977367
洗剤の種類によって設定は変わりますか？,排水エラーが出た。,0.5230576381197864
ドアが開かないのですが,急いで洗濯したい時は？,0.5230453542812988
子供が誤って操作しないように、チャイルドロックを設定したいのですが、その方法と解除方法を教えてください。,本体の揺れが気になる。,0.5230324645250892
手動で洗剤を入れることはできますか？,ジェット乾燥とは何ですか？,0.5230048583196439
洗濯物を保護するために、洗濯ネットを使用する必要はありますか？どのような種類の衣類に推奨されますか？,おしゃれ着コースはありますか？,0.5229688866311089
ジェット乾燥とは何ですか？,洗濯のすすぎ回数を自分の希望に合わせて変更したいのですが、何回から何回まで選べますか？,0.522965695744737
スチーム機能は何に使うの？,夜遅い時間帯に洗濯機を運転しても、近隣に迷惑がかからないように静かに運転できるモードはありますか？,0.522962931924853
ナノイーXとは何ですか？,省エネモードはありますか？,0.5229484358085452
脱水時間の調整はできる？,一般的な洗濯コースを選んだ場合、洗濯が完了するまでにおよそ何分くらいかかりますか？,0.5229484239399469
洗濯物を保護するために、洗濯ネットを使用する必要はありますか？どのような種類の衣類に推奨されますか？,ドアが閉まらない時は？,0.5229132645001164
洗濯中に通常とは異なる音がするのですが、どのような原因が考えられますか？自分で確認できることはありますか？,予約機能の使い方をおしえて？,0.5229059350528679
ナノイーXの機能は？,すすぎ回数は変えられる？,0.5228085293473731
洗濯ネットは必要ですか？,最大容量は？,0.5227976196847689
洗濯の所要時間は？,洗濯を開始しようとしてもドラムが回転しないのですが、何が原因として考えられますか？安全装置が作動している可能性はありますか？,0.5227778751280635
すすぎ回数は変えられる？,ドアが閉まらない時は？,0.522774139055441
羽毛布団を洗濯機で洗いたいのですが、対応していますか？また、洗う際の注意点があれば教えてください。,洗濯時間は何分ですか？,0.5227737440924229
毛布は洗えますか？,水が出ないエラーが出た。,0.5227471902578819
洗濯を一時停止した際、追加の衣類を入れるためにドアを開けることは可能ですか？その条件は何ですか？,深夜に運転しても大丈夫？,0.5226938500510949
洗濯物の種類や汚れ具合に関わらず、最もおすすめの洗濯コースは何ですか？そのコースではどのような設定が自動で行われますか？,再洗はできる？,0.5226843028919268
洗濯のすすぎ回数を自分の希望に合わせて変更したいのですが、何回から何回まで選べますか？,スニーカーは洗える？,0.5226832614117232
洗濯の途中で一時停止できますか？,排水エラーが出た。,0.5226621059848073
洗濯の始め方は？,ドラムが回らない。,0.5226229308525272
洗濯をスタートする方法を教えて？,誤った設定をしてしまったので、洗濯機の設定をすべて初期状態に戻したいのですが、その方法を教えてください。,0.5225995097483829
「排水できない」エラーが出ます,予約機能の使い方をおしえて？,0.5225891997527549
洗濯ネットは必要ですか？,この洗濯機で一度に洗濯できる衣類の最大量と、乾燥できる衣類の最大量はそれぞれ何キログラムですか？,0.5225850565682975
一時停止中にドアは開きますか？,「わが家流」設定って何？,0.5225762322745041
「洗い」だけ行いたいのですが,本体がぐらつきます。どうしたら良いですか？,0.5225304610119614
手動で個別に設定する事は可能ですか？,ジェット乾燥って何？,0.5225248514452371
自宅の洗濯機で毛布を洗うことはできますか？もし洗える場合、何か特別な条件やコースがありますか？,ドアが閉まらない時は？,0.5225019274138075
予約機能の使い方をおしえて？,洗濯機の下から水が漏れているのですが、どのような原因が考えられますか？自分で確認できる対処法はありますか？,0.5224968638434393
運転終了時にアラームを鳴らさないようにできますか？,推奨の洗剤・柔軟剤は？,0.5224895469194492
2度洗いは出来ますか？,洗濯後に衣類が絡まってしまうことが多いのですが、何か絡まりを防ぐための対処法はありますか？,0.5224784022614115
洗濯はせず、衣類を乾燥させる機能だけを使いたいのですが、どのように操作すれば良いですか？,スニーカーは洗える？,0.5224691379240158
一時停止中にドアは開きますか？,深夜に運転しても大丈夫？,0.5224446816157086
おすすめのコースを教えて？,最大容量は？,0.5224082520317495
洗濯機を使い始めるにはどうすればいいですか？　手順を教えて下さい。,終了音を消すには？,0.5224057064020035
この洗濯機で靴を洗うことはできますか？もしできない場合、何か代わりの方法はありますか？,本体の揺れが気になる。,0.5223897848572574
洗いのみは可能？,設定を工場出荷時に戻せる？,0.5223592282890669
洗濯物の種類によって脱水時間を調整したいのですが、何分まで設定できますか？,デリケートな衣類やおしゃれ着を優しく洗うための専用コースはありますか？,0.522311326320392
深夜運転は静か？,洗濯機の下から水が漏れているのですが、どのような原因が考えられますか？自分で確認できる対処法はありますか？,0.5222889451969444
すすぎの設定を変更することは可能ですか？,一時停止したらドアは開く？,0.5222647857491158
異音がします。どうしたらよいですか？,急いで洗濯したい時は？,0.5222436725886694
洗濯後に衣類が絡まってしまうことが多いのですが、何か絡まりを防ぐための対処法はありますか？,水漏れの原因は？,0.5222254971023891
「洗い」だけ行いたいのですが,使用する洗剤のブランドや種類を変更した場合、洗濯機側で何か設定を変更する必要はありますか？,0.5222165952886995
「わが家流」設定って何？,洗濯物に白い粉が残っています。　どうしたらよいですか？,0.5222008626858741
コースが表示されないのですが,本体が熱くなります,0.5221929105707053
脱水時間の変更は可能ですか？,この洗濯機で一度に洗濯できる衣類の最大量と、乾燥できる衣類の最大量はそれぞれ何キログラムですか？,0.522188338812873
洗濯終了時のお知らせ音を鳴らさないようにしたいのですが、その設定はどこで変更できますか？,外出先から洗濯を開始できますか？,0.5221703228980689
最適なコースは？,洗剤や柔軟剤を計る手間を省きたいのですが、自動投入機能はどのように設定して使用するのですか？,0.5221691698870902
スチーム機能の使い方を教えて？,洗いのみは可能？,0.5221345401982285
洗濯の始め方は？,自宅にいない時でも、スマートフォンなどを使って洗濯機を遠隔で操作し、洗濯を開始することはできますか？,0.5221170960248365
洗濯ネットは必要ですか？,水が出ないエラーが出た。,0.5221116848455671
洗濯だけする方法を教えて？,「わが家流」設定って何？,0.522110215282475
洗剤や柔軟剤を計る手間を省きたいのですが、自動投入機能はどのように設定して使用するのですか？,ドアが閉まらない時は？,0.5221088427317686
洗濯中に一時停止は可能？,お急ぎコースはありますか？,0.5220919776052321
洗濯中に一時停止は可能？,羽毛布団は洗濯できる？,0.5220804945872841
すすぎや脱水はせずに、衣類を「洗い」の工程だけで済ませたいのですが、そのような設定はできますか？,スニーカーは洗える？,0.5220278653994954
洗濯後に衣類が絡まってしまうことが多いのですが、何か絡まりを防ぐための対処法はありますか？,洗濯後、衣類に白い粉状のものが付着しているのですが、何が原因ですか？どのように対処すれば改善されますか？,0.5219905291092457
再洗はできる？,ドアが開かない原因は？,0.5219708148930586
「わが家流」設定とは何ですか？,予約の仕方は？,0.5219080463030377
毛布の洗濯は可能？,「わが家流」設定って何？,0.5219000964737862
最適なコースは？,ジェット乾燥って何？,0.5218959910924164
ジェット乾燥機能は、どのような仕組みで乾燥をするのですか？,「わが家流」設定とは何ですか？,0.5218711053898878
「洗い」だけ行いたいのですが,コースが表示されないのですが,0.5218303285824022
スチーム機能の使い方を教えて？,終了音を消すには？,0.5217945806970741
洗濯のすすぎ回数を自分の希望に合わせて変更したいのですが、何回から何回まで選べますか？,誤った設定をしてしまったので、洗濯機の設定をすべて初期状態に戻したいのですが、その方法を教えてください。,0.5217919468934903
水が出ないエラーが出た。,洗濯の開始時刻を事前に設定しておきたいのですが、予約機能はどのように使えば良いですか？,0.5217716134429242
すすぎの設定を変更することは可能ですか？,最大容量は？,0.5217066408158277
洗濯後に衣類が絡まってしまうことが多いのですが、何か絡まりを防ぐための対処法はありますか？,洗剤の種類で設定変更は必要？,0.52169184222986
洗濯だけする方法を教えて？,省エネモードはありますか？,0.5216491232257376
手動で洗剤を入れることはできますか？,ジェット乾燥って何？,0.5216207240889763
自動投入機能の使い方を教えて？,排水エラーが出た。,0.5215148422100588
羽毛布団は洗えますか？,「わが家流」設定って何？,0.5215115374366138
ナノイーXとは何ですか？,ドアが完全に閉まりません,0.5214963274567658
洗濯物が絡まります。どうしたらよいですか？,水が出ないエラーが出た。,0.5214912194146945
ドアが開かない原因は？,おしゃれ着コースはありますか？,0.5214555233618205
ドアが開かないのですが,使用する洗剤のブランドや種類を変更した場合、洗濯機側で何か設定を変更する必要はありますか？,0.5214198825922732
脱水時間の変更は可能ですか？,夜遅い時間帯に洗濯機を運転しても、近隣に迷惑がかからないように静かに運転できるモードはありますか？,0.5214194152632714
ジェット乾燥とは何ですか？,洗濯コースの選択肢が画面に表示されないのですが、これはどういう状況ですか？どのように対処すれば良いですか？,0.5214172015493272
夜遅い時間帯に洗濯機を運転しても、近隣に迷惑がかからないように静かに運転できるモードはありますか？,洗濯機の下から水が漏れているのですが、どのような原因が考えられますか？自分で確認できる対処法はありますか？,0.5214166322529413
乾燥なしで洗濯するには？,洗濯が終わったのにドアがロックされて開かないのですが、これは故障ですか？どのくらい時間が経てば開くようになりますか？,0.5214134226628244
洗濯終了時のお知らせ音を鳴らさないようにしたいのですが、その設定はどこで変更できますか？,羽毛布団は洗濯できる？,0.5214077740815
乾燥なしで洗濯するには？,洗濯中に通常とは異なる音がするのですが、どのような原因が考えられますか？自分で確認できることはありますか？,0.5213799811248572
洗剤の種類で設定変更は必要？,お急ぎコースはありますか？,0.5213700851988206
洗濯と乾燥の最大容量は？,ドラムが回らない。,0.5213479913222205
ナノイーXの機能は？,洗濯を一時停止した際、追加の衣類を入れるためにドアを開けることは可能ですか？その条件は何ですか？,0.5213095087607591
羽毛布団は洗えますか？,夜遅い時間帯に洗濯機を運転しても、近隣に迷惑がかからないように静かに運転できるモードはありますか？,0.521304019543499
乾燥なしで洗濯するには？,洗濯終了時のお知らせ音を鳴らさないようにしたいのですが、その設定はどこで変更できますか？,0.5212561496500461
ふんわりキープの目的は？,「排水できない」エラーが出ます,0.5211764117585864
外出先から洗濯を開始できますか？,ドアが完全に閉まりません,0.5211601874116574
特に汚れがひどい洗濯物なので、2回続けて洗いたいのですが、そのような設定は可能ですか？,ふんわりキープの目的は？,0.5211390951724774
洗濯物の種類によって脱水時間を調整したいのですが、何分まで設定できますか？,洗濯と乾燥の最大容量は？,0.5211285280849396
ジェット乾燥とは何ですか？,すすぎや脱水はせずに、衣類を「洗い」の工程だけで済ませたいのですが、そのような設定はできますか？,0.5210974991654218
手動で個別に設定する事は可能ですか？,洗濯中に急な用事ができた場合、途中で運転を一時停止させることはできますか？その操作方法を教えてください。,0.5210334876091292
時間がない時に、短時間で洗濯を済ませられるようなコースはありますか？,排水エラーが出た。,0.5210057873190693
ナノイーXとは何ですか？,一時停止したらドアは開く？,0.5209654670665154
ナノイーXの機能は？,省エネ機能はある？,0.5209470055399059
自動投入機能を使わずに、自分で洗剤を投入したいのですが、設定を教えてください？,急いで洗濯したい時は？,0.520942350709232
特に汚れがひどい洗濯物なので、2回続けて洗いたいのですが、そのような設定は可能ですか？,「排水できない」エラーが出ます,0.5209375021827478
遠隔で洗濯を開始できますか？,洗濯中に通常とは異なる音がするのですが、どのような原因が考えられますか？自分で確認できることはありますか？,0.5209345114590496
スチーム機能の使い方を教えて？,洗濯の途中で一時停止できますか？,0.5209219087905139
洗濯物の絡まりを防ぐには？,洗濯を開始しようとしてもドラムが回転しないのですが、何が原因として考えられますか？安全装置が作動している可能性はありますか？,0.5209058146111729
手動で洗剤を入れることはできますか？,ジェット乾燥機能は、どのような仕組みで乾燥をするのですか？,0.5208913928265333
洗濯の各工程（洗い、すすぎ、脱水、乾燥）について、自分の好みに合わせて時間を設定したり、回数を変更したりすることはできますか？,衣類を洗うだけで、乾燥工程は行いたくない場合、どのコースを選択すれば良いですか？,0.520862236324063
ふんわりキープとは何ですか？,洗濯中に急な用事ができた場合、途中で運転を一時停止させることはできますか？その操作方法を教えてください。,0.5208590510779825
洗濯機に水が供給されないというエラーが表示されたのですが、どのような原因が考えられますか？自分でできる確認事項はありますか？,この洗濯機で一度に洗濯できる衣類の最大量と、乾燥できる衣類の最大量はそれぞれ何キログラムですか？,0.5208331482348254
洗濯機を使い始めるにはどうすればいいですか？　手順を教えて下さい。,夜遅い時間帯に洗濯機を運転しても、近隣に迷惑がかからないように静かに運転できるモードはありますか？,0.5208188677213457
時間がない時に、短時間で洗濯を済ませられるようなコースはありますか？,本体がぐらつきます。どうしたら良いですか？,0.5208163824820577
洗濯ネットは必要ですか？,洗濯機本体に触れると熱いのですが、これは異常ですか？特に乾燥運転中に熱くなることはありますか？,0.5207978538125297
衣類のしわを伸ばしたり、気になるにおいを取り除いたりしたいのですが、スチーム機能はどのように使えば良いですか？,夜遅い時間帯に洗濯機を運転しても、近隣に迷惑がかからないように静かに運転できるモードはありますか？,0.52079130418196
最適なコースは？,時間がない時に、短時間で洗濯を済ませられるようなコースはありますか？,0.5207822484454672
ふんわりキープの目的は？,設定を工場出荷時に戻せる？,0.5207529767762419
洗濯のすすぎ回数を自分の希望に合わせて変更したいのですが、何回から何回まで選べますか？,洗濯ネットは使うべき？,0.5207520002668456
洗濯を開始しようとしてもドラムが回転しないのですが、何が原因として考えられますか？安全装置が作動している可能性はありますか？,設定の初期化はできますか？,0.5207304772436543
洗濯を開始しようとしてもドラムが回転しないのですが、何が原因として考えられますか？安全装置が作動している可能性はありますか？,本体が熱い。,0.5206677971739414
スチーム機能は何に使うの？,誤った設定をしてしまったので、洗濯機の設定をすべて初期状態に戻したいのですが、その方法を教えてください。,0.5206202474474261
洗濯物の種類や汚れ具合に関わらず、最もおすすめの洗濯コースは何ですか？そのコースではどのような設定が自動で行われますか？,ジェット乾燥とは何ですか？,0.5206044274505746
洗濯後に衣類が絡まってしまうことが多いのですが、何か絡まりを防ぐための対処法はありますか？,ドラムが回らない。,0.5205763396312058
「洗い」だけ行いたいのですが,洗濯機が排水できないというエラーメッセージが表示されたのですが、原因は何でしょうか？自分で解決できる方法はありますか？,0.5205642675081904
個別の設定は可能ですか？,この洗濯機で一度に洗濯できる衣類の最大量と、乾燥できる衣類の最大量はそれぞれ何キログラムですか？,0.52055990447589
チャイルドロックの設定をしたい,洗剤や柔軟剤を計る手間を省きたいのですが、自動投入機能はどのように設定して使用するのですか？,0.5205328766231043
スチーム機能は何に使うの？,羽毛布団を洗濯機で洗いたいのですが、対応していますか？また、洗う際の注意点があれば教えてください。,0.5205047731426322
衣類のしわを伸ばしたり、気になるにおいを取り除いたりしたいのですが、スチーム機能はどのように使えば良いですか？,ジェット乾燥って何？,0.5204731107282181
洗濯ネットは使うべき？,白い粉が残るのですが。,0.5204718479849479
羽毛布団を洗濯機で洗いたいのですが、対応していますか？また、洗う際の注意点があれば教えてください。,「排水できない」エラーが出ます,0.5204502492459369
衣類を洗うだけで、乾燥工程は行いたくない場合、どのコースを選択すれば良いですか？,洗濯物の種類によって脱水時間を調整したいのですが、何分まで設定できますか？,0.5204407169325546
洗濯はせず、衣類を乾燥させる機能だけを使いたいのですが、どのように操作すれば良いですか？,洗濯機本体に触れると熱いのですが、これは異常ですか？特に乾燥運転中に熱くなることはありますか？,0.5204333852637932
洗濯物の絡まりを防ぐには？,最大容量は？,0.5203853485837076
洗いのみは可能？,この洗濯機に最適な洗剤や柔軟剤はありますか？メーカーから推奨されている製品があれば教えてください。,0.5203615996449669
手動で洗剤を入れることはできますか？,洗濯機のドアが最後まで閉まらないのですが、何を確認すれば良いですか？,0.5203587498382646
水漏れの原因は？,洗濯機本体に触れると熱いのですが、これは異常ですか？特に乾燥運転中に熱くなることはありますか？,0.5203565848647366
ジェット乾燥機能は、どのような仕組みで乾燥をするのですか？,運転終了時にアラームを鳴らさないようにできますか？,0.5202930452886776
洗濯中に一時停止は可能？,洗濯機のドアが最後まで閉まらないのですが、何を確認すれば良いですか？,0.520279694113484
子供が誤って操作しないように、チャイルドロックを設定したいのですが、その方法と解除方法を教えてください。,すすぎ回数は変えられる？,0.5202677264750207
チャイルドロックの設定をしたい,靴は洗えますか？,0.520239942625152
羽毛布団は洗えますか？,時間がない時に、短時間で洗濯を済ませられるようなコースはありますか？,0.5202044934171561
洗濯の始め方は？,水漏れしています。どうしたらよいですか？,0.5201687978587268
再洗はできる？,洗濯物の種類によって脱水時間を調整したいのですが、何分まで設定できますか？,0.5201123191267479
ナノイーX機能について詳しく教えてください。どのような効果があり、どのコースで利用できますか？,ドラムが動きません,0.5200990910766046
衣類のしわを伸ばしたり、気になるにおいを取り除いたりしたいのですが、スチーム機能はどのように使えば良いですか？,すすぎや脱水はせずに、衣類を「洗い」の工程だけで済ませたいのですが、そのような設定はできますか？,0.5200944793477096
急いで洗濯したい時は？,ドラムが動きません,0.5200627517139536
ナノイーXの機能は？,一時停止したらドアは開く？,0.5200565625226187
すすぎの設定を変更することは可能ですか？,誤った設定をしてしまったので、洗濯機の設定をすべて初期状態に戻したいのですが、その方法を教えてください。,0.5200541428581216
個別の設定は可能ですか？,ドアが開かない原因は？,0.5200395697593968
乾燥なしで洗濯するには？,本体がぐらつきます。どうしたら良いですか？,0.5200182760440688
手動で洗剤を入れることはできますか？,洗濯機本体に触れると熱いのですが、これは異常ですか？特に乾燥運転中に熱くなることはありますか？,0.5199835071633448
洗剤や柔軟剤を計る手間を省きたいのですが、自動投入機能はどのように設定して使用するのですか？,省エネモードはありますか？,0.5199538864368723
手動で個別に設定する事は可能ですか？,毛布の洗濯は可能？,0.5199499657108
毛布の洗濯は可能？,本体が熱い。,0.5199223951750651
チャイルドロックの設定をしたい,スチーム機能は何に使うの？,0.5198780988516414
頻繁に使う洗濯設定を保存しておきたいのですが、「わが家流」設定とは具体的にどのような機能ですか？,使用する洗剤のブランドや種類を変更した場合、洗濯機側で何か設定を変更する必要はありますか？,0.51987155240987
子供が誤って操作しないように、チャイルドロックを設定したいのですが、その方法と解除方法を教えてください。,スニーカーは洗える？,0.5198369635627987
洗濯物の絡まりを防ぐには？,コースが表示されない。,0.5198349006870089
衣類のしわを伸ばしたり、気になるにおいを取り除いたりしたいのですが、スチーム機能はどのように使えば良いですか？,すすぎの設定を変更することは可能ですか？,0.5198227957961354
白い粉が残るのですが。,ドアが完全に閉まりません,0.519820945981352
ジェット乾燥とは何ですか？,洗濯機の下から水が漏れているのですが、どのような原因が考えられますか？自分で確認できる対処法はありますか？,0.5198190179698774
ジェット乾燥とは何ですか？,羽毛布団を洗濯機で洗いたいのですが、対応していますか？また、洗う際の注意点があれば教えてください。,0.5197805305483391
「排水できない」エラーが出ます,予約の仕方は？,0.5197678459161058
洗濯をスタートする方法を教えて？,推奨の洗剤・柔軟剤は？,0.519765494180836
衣類のしわを伸ばしたり、気になるにおいを取り除いたりしたいのですが、スチーム機能はどのように使えば良いですか？,洗濯機に水が供給されないというエラーが表示されたのですが、どのような原因が考えられますか？自分でできる確認事項はありますか？,0.5197625904681031
ジェット乾燥って何？,運転終了時にアラームを鳴らさないようにできますか？,0.519761157419269
再洗はできる？,脱水時間の調整はできる？,0.5197388538329779
子供が誤って操作しないように、チャイルドロックを設定したいのですが、その方法と解除方法を教えてください。,ドアが完全に閉まりません,0.5197242418451475
洗いのみは可能？,排水エラーが出た。,0.5197022058682568
チャイルドロックの設定をしたい,衣類のしわを伸ばしたり、気になるにおいを取り除いたりしたいのですが、スチーム機能はどのように使えば良いですか？,0.5196412731510509
ナノイーX機能について詳しく教えてください。どのような効果があり、どのコースで利用できますか？,「水が出ない」エラーが出ます,0.5196281863430264
すすぎの設定を変更することは可能ですか？,洗濯ネットは必要ですか？,0.5196239394414701
特に汚れがひどい洗濯物なので、2回続けて洗いたいのですが、そのような設定は可能ですか？,おしゃれ着は洗える？,0.5195710737466664
羽毛布団を洗濯機で洗いたいのですが、対応していますか？また、洗う際の注意点があれば教えてください。,洗濯の所要時間は？,0.519560174597548
洗いのみは可能？,「わが家流」設定って何？,0.5195446050085045
ふんわりキープの目的は？,白い粉が残るのですが。,0.5195404562601225
「洗い」だけ行いたいのですが,おしゃれ着コースはありますか？,0.5195288090802105
すすぎや脱水はせずに、衣類を「洗い」の工程だけで済ませたいのですが、そのような設定はできますか？,「わが家流」設定とは何ですか？,0.5194628163119125
洗濯機を使い始めるにはどうすればいいですか？　手順を教えて下さい。,推奨の洗剤・柔軟剤は？,0.5194502346441983
洗濯機を使い始めるにはどうすればいいですか？　手順を教えて下さい。,洗濯機本体に触れると熱いのですが、これは異常ですか？特に乾燥運転中に熱くなることはありますか？,0.5193924289008758
省エネモードはありますか？,「水が出ない」エラーが出ます,0.5193882911251207
おしゃれ着コースはありますか？,白い粉が残るのですが。,0.5193855442776552
すすぎの設定を変更することは可能ですか？,深夜に運転しても大丈夫？,0.5193831052765281
チャイルドロックの設定をしたい,羽毛布団は洗えますか？,0.5193623201026158
手動で個別に設定する事は可能ですか？,子供が誤って操作しないように、チャイルドロックを設定したいのですが、その方法と解除方法を教えてください。,0.519329300821786
深夜運転は静か？,洗濯機が排水できないというエラーメッセージが表示されたのですが、原因は何でしょうか？自分で解決できる方法はありますか？,0.5193018748182254
外出先から洗濯を開始できますか？,誤った設定をしてしまったので、洗濯機の設定をすべて初期状態に戻したいのですが、その方法を教えてください。,0.5192754531866921
一時停止中にドアは開きますか？,この洗濯機で一度に洗濯できる衣類の最大量と、乾燥できる衣類の最大量はそれぞれ何キログラムですか？,0.5192723385308221
毛布の洗濯は可能？,洗濯物が絡まります。どうしたらよいですか？,0.5192484564238444
洗いのみは可能？,洗濯が終わったのにドアがロックされて開かないのですが、これは故障ですか？どのくらい時間が経てば開くようになりますか？,0.5192112464714052
個別の設定は可能ですか？,乾燥なしで洗濯するには？,0.5192024253460105
ナノイーX機能について詳しく教えてください。どのような効果があり、どのコースで利用できますか？,省エネモードはありますか？,0.5191871441562668
洗濯をスタートする方法を教えて？,すすぎの設定を変更することは可能ですか？,0.5191468492852225
すすぎの設定を変更することは可能ですか？,水漏れしています。どうしたらよいですか？,0.5191450142369345
洗濯のすすぎ回数を自分の希望に合わせて変更したいのですが、何回から何回まで選べますか？,本体の揺れが気になる。,0.5191349669299882
洗濯のすすぎ回数を自分の希望に合わせて変更したいのですが、何回から何回まで選べますか？,水が出ないエラーが出た。,0.5190857182078211
ナノイーXの機能は？,運転終了時にアラームを鳴らさないようにできますか？,0.519085363875864
洗濯はせず、衣類を乾燥させる機能だけを使いたいのですが、どのように操作すれば良いですか？,ドラムが動きません,0.5190818590646581
自動投入機能はどう使うの？,終了音を消すには？,0.5190377184838417
毛布は洗えますか？,「わが家流」設定って何？,0.5190287022252592
おすすめのコースを教えて？,時間がない時に、短時間で洗濯を済ませられるようなコースはありますか？,0.518947018015317
ナノイーX機能について詳しく教えてください。どのような効果があり、どのコースで利用できますか？,水漏れの原因は？,0.5189278175570289
洗濯中に一時停止は可能？,羽毛布団を洗濯機で洗いたいのですが、対応していますか？また、洗う際の注意点があれば教えてください。,0.5189223996788233
おすすめのコースを教えて？,推奨の洗剤・柔軟剤は？,0.5188878818105793
洗濯時間は何分ですか？,この洗濯機に最適な洗剤や柔軟剤はありますか？メーカーから推奨されている製品があれば教えてください。,0.5188599457061132
ふんわりキープの目的は？,おすすめの洗剤・柔軟剤はありますか？,0.5188489718354905
洗濯終了時のお知らせ音を鳴らさないようにしたいのですが、その設定はどこで変更できますか？,お急ぎコースはありますか？,0.5188446653608778
チャイルドロックはどこで設定する？,洗濯中に通常とは異なる音がするのですが、どのような原因が考えられますか？自分で確認できることはありますか？,0.5188260756125083
洗濯機を使い始めるにはどうすればいいですか？　手順を教えて下さい。,ナノイーX機能について詳しく教えてください。どのような効果があり、どのコースで利用できますか？,0.5188256828432456
ナノイーX機能について詳しく教えてください。どのような効果があり、どのコースで利用できますか？,水が出ないエラーが出た。,0.5187957699527631
お急ぎコースはありますか？,誤った設定をしてしまったので、洗濯機の設定をすべて初期状態に戻したいのですが、その方法を教えてください。,0.5187680034216547
毛布の洗濯は可能？,洗濯時間は何分ですか？,0.518764692113895
衣類のしわを伸ばしたり、気になるにおいを取り除いたりしたいのですが、スチーム機能はどのように使えば良いですか？,洗濯機本体に触れると熱いのですが、これは異常ですか？特に乾燥運転中に熱くなることはありますか？,0.5187375496907718
「排水できない」エラーが出ます,ドラムが動きません,0.5187192924294719
ジェット乾燥機能は、どのような仕組みで乾燥をするのですか？,「水が出ない」エラーが出ます,0.5186886596780382
変な音がするのですが。,「わが家流」設定って何？,0.5186591588367516
洗濯物の種類や汚れ具合に関わらず、最もおすすめの洗濯コースは何ですか？そのコースではどのような設定が自動で行われますか？,洗濯を開始しようとしてもドラムが回転しないのですが、何が原因として考えられますか？安全装置が作動している可能性はありますか？,0.5185915032857071
脱水時間の変更は可能ですか？,おしゃれ着は洗える？,0.5185553988590104
手動で洗剤を入れることはできますか？,洗濯を一時停止した際、追加の衣類を入れるためにドアを開けることは可能ですか？その条件は何ですか？,0.5185374064317514
ふんわりキープとは何ですか？,水が出ないエラーが出た。,0.5185185467994375
チャイルドロックはどこで設定する？,洗濯物の種類によって脱水時間を調整したいのですが、何分まで設定できますか？,0.5185178011593221
洗濯ネットは使うべき？,洗濯物に白い粉が残っています。　どうしたらよいですか？,0.5185128023718737
ナノイーXの機能は？,洗濯が終わったのにドアがロックされて開かないのですが、これは故障ですか？どのくらい時間が経てば開くようになりますか？,0.5185060788901787
洗濯終了時のお知らせ音を鳴らさないようにしたいのですが、その設定はどこで変更できますか？,洗濯後に衣類が絡まってしまうことが多いのですが、何か絡まりを防ぐための対処法はありますか？,0.5184975500167925
洗濯物が絡まります。どうしたらよいですか？,ドラムが動きません,0.5184948067539017
遠隔で洗濯を開始できますか？,水が出ないエラーが出た。,0.5184708164469305
スチーム機能は何に使うの？,一時停止中にドアは開きますか？,0.5184694125650047
すすぎや脱水はせずに、衣類を「洗い」の工程だけで済ませたいのですが、そのような設定はできますか？,設定の初期化はできますか？,0.5184433474778793
ふんわりキープの目的は？,すすぎや脱水はせずに、衣類を「洗い」の工程だけで済ませたいのですが、そのような設定はできますか？,0.518369357318174
洗濯物の種類や汚れ具合に関わらず、最もおすすめの洗濯コースは何ですか？そのコースではどのような設定が自動で行われますか？,ドアが開かないのですが,0.5183616776275655
一時停止中にドアは開きますか？,本体が熱い。,0.5183215161898996
おすすめのコースを教えて？,洗濯後に衣類が絡まってしまうことが多いのですが、何か絡まりを防ぐための対処法はありますか？,0.5183160254969263
急いで洗濯したい時は？,この洗濯機で一度に洗濯できる衣類の最大量と、乾燥できる衣類の最大量はそれぞれ何キログラムですか？,0.5183124422543881
ドアが開かない原因は？,この洗濯機に最適な洗剤や柔軟剤はありますか？メーカーから推奨されている製品があれば教えてください。,0.5181952358147606
乾燥のみの運転は可能ですか？,洗濯中に急な用事ができた場合、途中で運転を一時停止させることはできますか？その操作方法を教えてください。,0.518191099494943
洗濯終了時のお知らせ音を鳴らさないようにしたいのですが、その設定はどこで変更できますか？,洗濯を開始しようとしてもドラムが回転しないのですが、何が原因として考えられますか？安全装置が作動している可能性はありますか？,0.5181555530999998
お急ぎコースはありますか？,最大容量は？,0.5180502784909351
洗濯物の種類や汚れ具合に関わらず、最もおすすめの洗濯コースは何ですか？そのコースではどのような設定が自動で行われますか？,本体の揺れが気になる。,0.5180459355690225
洗濯物の種類や汚れ具合に関わらず、最もおすすめの洗濯コースは何ですか？そのコースではどのような設定が自動で行われますか？,設定の初期化はできますか？,0.5180374931464122
お急ぎコースはありますか？,ドアが閉まらない時は？,0.5180030808589865
洗濯物の種類や汚れ具合に関わらず、最もおすすめの洗濯コースは何ですか？そのコースではどのような設定が自動で行われますか？,手動で洗剤を入れることはできますか？,0.517996139710089
洗剤や柔軟剤を計る手間を省きたいのですが、自動投入機能はどのように設定して使用するのですか？,省エネ機能はある？,0.5179917925061955
チャイルドロックの設定をしたい,水漏れの原因は？,0.5179768655535086
「わが家流」設定って何？,水が出ないエラーが出た。,0.5179685722687446
洗濯をスタートする方法を教えて？,手動で洗剤を入れることはできますか？,0.5179646832139568
おすすめのコースを教えて？,衣類を洗うだけで、乾燥工程は行いたくない場合、どのコースを選択すれば良いですか？,0.5179332877887939
洗剤や柔軟剤を計る手間を省きたいのですが、自動投入機能はどのように設定して使用するのですか？,洗濯と乾燥の最大容量は？,0.5179041340401365
ふんわりキープとは何ですか？,洗濯後に衣類が絡まってしまうことが多いのですが、何か絡まりを防ぐための対処法はありますか？,0.5178959001596521
再洗はできる？,おすすめの洗剤・柔軟剤はありますか？,0.5178522812574975
お急ぎコースはありますか？,本体の揺れが気になる。,0.5177823899441152
洗濯物の種類や汚れ具合に関わらず、最もおすすめの洗濯コースは何ですか？そのコースではどのような設定が自動で行われますか？,お急ぎコースはありますか？,0.5177802424823492
手動で洗剤を入れることはできますか？,ドアが開かない原因は？,0.517746625509694
夜遅い時間帯に洗濯機を運転しても、近隣に迷惑がかからないように静かに運転できるモードはありますか？,この洗濯機で一度に洗濯できる衣類の最大量と、乾燥できる衣類の最大量はそれぞれ何キログラムですか？,0.5177116812063406
終了音を消すには？,この洗濯機で靴を洗うことはできますか？もしできない場合、何か代わりの方法はありますか？,0.5176818565291872
ジェット乾燥って何？,洗濯機が排水できないというエラーメッセージが表示されたのですが、原因は何でしょうか？自分で解決できる方法はありますか？,0.5176706147138158
すすぎ回数は変えられる？,「わが家流」設定って何？,0.5176618939057259
洗剤や柔軟剤を計る手間を省きたいのですが、自動投入機能はどのように設定して使用するのですか？,ナノイーXの機能は？,0.5176477495385583
「水が出ない」エラーが出ます,一般的な洗濯コースを選んだ場合、洗濯が完了するまでにおよそ何分くらいかかりますか？,0.517620736833601
デリケートな衣類やおしゃれ着を優しく洗うための専用コースはありますか？,洗濯機本体に触れると熱いのですが、これは異常ですか？特に乾燥運転中に熱くなることはありますか？,0.517619629806235
脱水時間の調整はできる？,急いで洗濯したい時は？,0.5175746643593993
ナノイーXの機能は？,ドラムが回らない。,0.5175308690024417
洗濯物の種類や汚れ具合に関わらず、最もおすすめの洗濯コースは何ですか？そのコースではどのような設定が自動で行われますか？,最大容量は？,0.5175187078508083
乾燥だけで使用出来ますか？,洗濯の途中で一時停止できますか？,0.5174708111095601
チャイルドロックはどこで設定する？,洗濯ネットは必要ですか？,0.517459199357515
夜遅い時間帯に洗濯機を運転しても、近隣に迷惑がかからないように静かに運転できるモードはありますか？,設定を工場出荷時に戻せる？,0.5174536514175894
スニーカーは洗える？,洗濯と乾燥の最大容量は？,0.5174319367326095
外出先から洗濯を開始できますか？,頻繁に使う洗濯設定を保存しておきたいのですが、「わが家流」設定とは具体的にどのような機能ですか？,0.5174228539376803
時間がない時に、短時間で洗濯を済ませられるようなコースはありますか？,水漏れしています。どうしたらよいですか？,0.5173641426100931
洗濯物の種類によって脱水時間を調整したいのですが、何分まで設定できますか？,おしゃれ着は洗える？,0.5173416642837336
再洗はできる？,変な音がするのですが。,0.5173103948555935
洗濯の各工程（洗い、すすぎ、脱水、乾燥）について、自分の好みに合わせて時間を設定したり、回数を変更したりすることはできますか？,羽毛布団を洗濯機で洗いたいのですが、対応していますか？また、洗う際の注意点があれば教えてください。,0.5172935739516328
自動投入機能はどう使うの？,すすぎや脱水はせずに、衣類を「洗い」の工程だけで済ませたいのですが、そのような設定はできますか？,0.517231996211563
スチーム機能の使い方を教えて？,羽毛布団を洗濯機で洗いたいのですが、対応していますか？また、洗う際の注意点があれば教えてください。,0.5171637193917813
洗濯だけする方法を教えて？,設定の初期化はできますか？,0.5171596429893743
洗濯はせず、衣類を乾燥させる機能だけを使いたいのですが、どのように操作すれば良いですか？,ジェット乾燥って何？,0.5171554606016053
脱水時間の変更は可能ですか？,終了音を消すには？,0.5171365116951001
使用する洗剤のブランドや種類を変更した場合、洗濯機側で何か設定を変更する必要はありますか？,ドアが閉まらない時は？,0.5171340572075456
遠隔で洗濯を開始できますか？,「わが家流」設定とは何ですか？,0.517132776367209
手動で個別に設定する事は可能ですか？,ドアが開かないのですが,0.5171244083919841
ドアが開かない原因は？,夜遅い時間帯に洗濯機を運転しても、近隣に迷惑がかからないように静かに運転できるモードはありますか？,0.5171134465842616
洗濯物を保護するために、洗濯ネットを使用する必要はありますか？どのような種類の衣類に推奨されますか？,スニーカーは洗える？,0.5170854392346085
手動で洗剤を入れることはできますか？,洗濯が終わったのにドアがロックされて開かないのですが、これは故障ですか？どのくらい時間が経てば開くようになりますか？,0.5170446217299453
洗濯の始め方は？,毛布の洗濯は可能？,0.5170003661684848
衣類のしわを伸ばしたり、気になるにおいを取り除いたりしたいのですが、スチーム機能はどのように使えば良いですか？,ナノイーXの機能は？,0.5169738397740926
特に汚れがひどい洗濯物なので、2回続けて洗いたいのですが、そのような設定は可能ですか？,洗濯の所要時間は？,0.5169629408792566
特に汚れがひどい洗濯物なので、2回続けて洗いたいのですが、そのような設定は可能ですか？,頻繁に使う洗濯設定を保存しておきたいのですが、「わが家流」設定とは具体的にどのような機能ですか？,0.516948651577302
羽毛布団は洗濯できる？,電気代や水道代を節約できるような省エネ運転モードは搭載されていますか？,0.5169395909314396
すすぎや脱水はせずに、衣類を「洗い」の工程だけで済ませたいのですが、そのような設定はできますか？,おしゃれ着コースはありますか？,0.5169109239219241
洗濯の始め方は？,ドラムが動きません,0.5168739001013585
一時停止中にドアは開きますか？,この洗濯機で靴を洗うことはできますか？もしできない場合、何か代わりの方法はありますか？,0.5168493097004019
自動投入機能を使わずに、自分で洗剤を投入したいのですが、設定を教えてください？,ドラムが回らない。,0.5168470888162056
衣類を洗うだけで、乾燥工程は行いたくない場合、どのコースを選択すれば良いですか？,誤った設定をしてしまったので、洗濯機の設定をすべて初期状態に戻したいのですが、その方法を教えてください。,0.516808021107271
洗濯を一時停止した際、追加の衣類を入れるためにドアを開けることは可能ですか？その条件は何ですか？,スニーカーは洗える？,0.516789636522042
おすすめのコースを教えて？,ジェット乾燥とは何ですか？,0.5167787138071198
一時停止したらドアは開く？,時間がない時に、短時間で洗濯を済ませられるようなコースはありますか？,0.5167784826967081
チャイルドロックの設定をしたい,スチーム機能の使い方を教えて？,0.5167657757730076
脱水時間の変更は可能ですか？,「わが家流」設定とは何ですか？,0.5167652043738661
おしゃれ着コースはありますか？,「水が出ない」エラーが出ます,0.5167429437867559
急いで洗濯したい時は？,ドラムが回らない。,0.5167312035838383
最適なコースは？,2度洗いは出来ますか？,0.5166936963819508
羽毛布団を洗濯機で洗いたいのですが、対応していますか？また、洗う際の注意点があれば教えてください。,時間がない時に、短時間で洗濯を済ませられるようなコースはありますか？,0.5166760764499182
スチーム機能の使い方を教えて？,一時停止中にドアは開きますか？,0.5165999902752234
洗濯後、衣類に白い粉状のものが付着しているのですが、何が原因ですか？どのように対処すれば改善されますか？,ドラムが回らない。,0.5165471665174227
自宅にいない時でも、スマートフォンなどを使って洗濯機を遠隔で操作し、洗濯を開始することはできますか？,排水エラーが出た。,0.5164783590378038
排水エラーが出た。,洗濯の所要時間は？,0.5164674280012725
2度洗いは出来ますか？,洗濯機の下から水が漏れているのですが、どのような原因が考えられますか？自分で確認できる対処法はありますか？,0.5164491746515061
お急ぎコースはありますか？,洗濯を開始しようとしてもドラムが回転しないのですが、何が原因として考えられますか？安全装置が作動している可能性はありますか？,0.5164436751078796
洗濯機を使い始めるにはどうすればいいですか？　手順を教えて下さい。,洗濯の所要時間は？,0.5163678115960313
特に汚れがひどい洗濯物なので、2回続けて洗いたいのですが、そのような設定は可能ですか？,排水エラーが出た。,0.5163533229396553
コースが表示されないのですが,洗濯機本体に触れると熱いのですが、これは異常ですか？特に乾燥運転中に熱くなることはありますか？,0.5163336254891951
洗濯だけする方法を教えて？,省エネ機能はある？,0.5163075823353194
洗濯終了時のお知らせ音を鳴らさないようにしたいのですが、その設定はどこで変更できますか？,水漏れしています。どうしたらよいですか？,0.5162855135334812
洗濯後に衣類が絡まってしまうことが多いのですが、何か絡まりを防ぐための対処法はありますか？,最大容量は？,0.5162541595579708
洗濯機を使い始めるにはどうすればいいですか？　手順を教えて下さい。,設定を工場出荷時に戻せる？,0.5162528829255957
ナノイーXとは何ですか？,ドアが閉まらない時は？,0.5162191501029002
手動で洗剤を入れることはできますか？,排水エラーが出た。,0.5161803800749919
スチーム機能の使い方を教えて？,ナノイーX機能について詳しく教えてください。どのような効果があり、どのコースで利用できますか？,0.5160518974915814
すすぎ回数は変えられる？,最大容量は？,0.5160227480850064
急いで洗濯したい時は？,洗濯と乾燥の最大容量は？,0.5160041520534967
ジェット乾燥って何？,脱水時間の変更は可能ですか？,0.5159904606213503
スチーム機能は何に使うの？,この洗濯機に最適な洗剤や柔軟剤はありますか？メーカーから推奨されている製品があれば教えてください。,0.5159640859826502
個別の設定は可能ですか？,おしゃれ着は洗える？,0.5159585909959948
子供が誤って操作しないように、チャイルドロックを設定したいのですが、その方法と解除方法を教えてください。,急いで洗濯したい時は？,0.5159428191227914
洗濯物の絡まりを防ぐには？,スニーカーは洗える？,0.5159363562321427
急いで洗濯したい時は？,洗濯機に水が供給されないというエラーが表示されたのですが、どのような原因が考えられますか？自分でできる確認事項はありますか？,0.5159143201152854
洗濯の始め方は？,洗濯の開始時刻を事前に設定しておきたいのですが、予約機能はどのように使えば良いですか？,0.5159115920167244
洗濯機のドアが最後まで閉まらないのですが、何を確認すれば良いですか？,設定の初期化はできますか？,0.5158960491998041
ナノイーXとは何ですか？,一時停止中にドアは開きますか？,0.5158723089659434
省エネモードはありますか？,水漏れの原因は？,0.5158540047877139
衣類のしわを伸ばしたり、気になるにおいを取り除いたりしたいのですが、スチーム機能はどのように使えば良いですか？,終了音を消すには？,0.5158381738354637
洗濯はせず、衣類を乾燥させる機能だけを使いたいのですが、どのように操作すれば良いですか？,自動投入機能を使わずに、自分で洗剤を投入したいのですが、設定を教えてください？,0.5158377045268384
衣類を洗うだけで、乾燥工程は行いたくない場合、どのコースを選択すれば良いですか？,ドアが完全に閉まりません,0.5158241095340262
洗濯の始め方は？,本体がぐらつきます。どうしたら良いですか？,0.5157826575828807
チャイルドロックはどこで設定する？,異音がします。どうしたらよいですか？,0.5157687225491717
ドアが開かないのですが,洗濯中に急な用事ができた場合、途中で運転を一時停止させることはできますか？その操作方法を教えてください。,0.5157402228194282
自動投入機能の使い方を教えて？,洗濯機が排水できないというエラーメッセージが表示されたのですが、原因は何でしょうか？自分で解決できる方法はありますか？,0.515662843946364
脱水時間の調整はできる？,お急ぎコースはありますか？,0.5156371691318689
チャイルドロックの設定をしたい,洗濯を開始しようとしてもドラムが回転しないのですが、何が原因として考えられますか？安全装置が作動している可能性はありますか？,0.515622893914346
乾燥だけで使用出来ますか？,洗濯中に急な用事ができた場合、途中で運転を一時停止させることはできますか？その操作方法を教えてください。,0.5155947930365358
ドアが開かない原因は？,本体が熱い。,0.5155854735914449
衣類のしわを伸ばしたり、気になるにおいを取り除いたりしたいのですが、スチーム機能はどのように使えば良いですか？,「排水できない」エラーが出ます,0.5154876897389131
洗濯終了時のお知らせ音を鳴らさないようにしたいのですが、その設定はどこで変更できますか？,深夜運転は静か？,0.5154455954452211
洗濯の各工程（洗い、すすぎ、脱水、乾燥）について、自分の好みに合わせて時間を設定したり、回数を変更したりすることはできますか？,排水エラーが出た。,0.5154395753675776
洗濯機を使い始めるにはどうすればいいですか？　手順を教えて下さい。,子供が誤って操作しないように、チャイルドロックを設定したいのですが、その方法と解除方法を教えてください。,0.5154181557989224
ジェット乾燥って何？,洗濯のすすぎ回数を自分の希望に合わせて変更したいのですが、何回から何回まで選べますか？,0.5154024213348734
一時停止したらドアは開く？,自宅の洗濯機で毛布を洗うことはできますか？もし洗える場合、何か特別な条件やコースがありますか？,0.5153927061567499
ふんわりキープとは何ですか？,ドアが完全に閉まりません,0.5153754849072495
衣類を洗うだけで、乾燥工程は行いたくない場合、どのコースを選択すれば良いですか？,白い粉が残るのですが。,0.5153229230646457
2度洗いは出来ますか？,洗濯ネットは使うべき？,0.5152974926861427
ジェット乾燥って何？,誤った設定をしてしまったので、洗濯機の設定をすべて初期状態に戻したいのですが、その方法を教えてください。,0.5152573472222022
子供が誤って操作しないように、チャイルドロックを設定したいのですが、その方法と解除方法を教えてください。,ドアが閉まらない時は？,0.5152355513269518
子供が誤って操作しないように、チャイルドロックを設定したいのですが、その方法と解除方法を教えてください。,洗剤や柔軟剤を計る手間を省きたいのですが、自動投入機能はどのように設定して使用するのですか？,0.5152321114116427
ナノイーX機能について詳しく教えてください。どのような効果があり、どのコースで利用できますか？,すすぎ回数は変えられる？,0.5151809327541246
ナノイーXの機能は？,洗濯物が絡まります。どうしたらよいですか？,0.5151679246314587
洗濯物の種類や汚れ具合に関わらず、最もおすすめの洗濯コースは何ですか？そのコースではどのような設定が自動で行われますか？,遠隔で洗濯を開始できますか？,0.5151599941388464
水が出ないエラーが出た。,本体が熱い。,0.5150834799364034
洗濯物の種類や汚れ具合に関わらず、最もおすすめの洗濯コースは何ですか？そのコースではどのような設定が自動で行われますか？,洗濯後に衣類が絡まってしまうことが多いのですが、何か絡まりを防ぐための対処法はありますか？,0.515044226973477
洗濯の始め方は？,一般的な洗濯コースを選んだ場合、洗濯が完了するまでにおよそ何分くらいかかりますか？,0.5149797954663096
チャイルドロックの設定をしたい,ドアが開かない原因は？,0.5149769391063346
すすぎや脱水はせずに、衣類を「洗い」の工程だけで済ませたいのですが、そのような設定はできますか？,夜遅い時間帯に洗濯機を運転しても、近隣に迷惑がかからないように静かに運転できるモードはありますか？,0.5149460048284514
すすぎの設定を変更することは可能ですか？,時間がない時に、短時間で洗濯を済ませられるようなコースはありますか？,0.5149278141000516
チャイルドロックはどこで設定する？,変な音がするのですが。,0.514925722499764
水漏れの原因は？,本体が熱い。,0.5149115299209028
手動で洗剤を入れることはできますか？,再洗はできる？,0.5149080854674336
2度洗いは出来ますか？,ナノイーX機能について詳しく教えてください。どのような効果があり、どのコースで利用できますか？,0.5148962976391784
すすぎ回数は変えられる？,急いで洗濯したい時は？,0.5148509375984909
ナノイーXとは何ですか？,ドラムが動きません,0.5147856027548008
子供が誤って操作しないように、チャイルドロックを設定したいのですが、その方法と解除方法を教えてください。,異音がします。どうしたらよいですか？,0.5147811204023189
自動投入機能はどう使うの？,「洗い」だけ行いたいのですが,0.5147465863066965
洗濯終了時のお知らせ音を鳴らさないようにしたいのですが、その設定はどこで変更できますか？,深夜に運転しても大丈夫？,0.5147364767304071
特に汚れがひどい洗濯物なので、2回続けて洗いたいのですが、そのような設定は可能ですか？,ドアが完全に閉まりません,0.5147101418530664
洗濯のすすぎ回数を自分の希望に合わせて変更したいのですが、何回から何回まで選べますか？,頻繁に使う洗濯設定を保存しておきたいのですが、「わが家流」設定とは具体的にどのような機能ですか？,0.5146926587644235
洗濯後に衣類が絡まってしまうことが多いのですが、何か絡まりを防ぐための対処法はありますか？,本体が熱い。,0.5146064515754232
運転終了時にアラームを鳴らさないようにできますか？,水漏れしています。どうしたらよいですか？,0.5145684618311714
特に汚れがひどい洗濯物なので、2回続けて洗いたいのですが、そのような設定は可能ですか？,脱水時間の変更は可能ですか？,0.5145405283453851
使用する洗剤のブランドや種類を変更した場合、洗濯機側で何か設定を変更する必要はありますか？,洗濯時間は何分ですか？,0.5145342306564086
時間がない時に、短時間で洗濯を済ませられるようなコースはありますか？,おすすめの洗剤・柔軟剤はありますか？,0.5144824006745601
衣類のしわを伸ばしたり、気になるにおいを取り除いたりしたいのですが、スチーム機能はどのように使えば良いですか？,洗濯物の絡まりを防ぐには？,0.5144769836293774
脱水時間の変更は可能ですか？,お急ぎコースはありますか？,0.5144746891876847
子供が誤って操作しないように、チャイルドロックを設定したいのですが、その方法と解除方法を教えてください。,本体がぐらつきます。どうしたら良いですか？,0.5144625663486698
洗濯中に急な用事ができた場合、途中で運転を一時停止させることはできますか？その操作方法を教えてください。,深夜運転は静か？,0.5144481261472937
すすぎの設定を変更することは可能ですか？,水漏れの原因は？,0.5144102281158779
洗濯を開始しようとしてもドラムが回転しないのですが、何が原因として考えられますか？安全装置が作動している可能性はありますか？,設定を工場出荷時に戻せる？,0.5143893645845332
洗濯ネットは必要ですか？,ドアが完全に閉まりません,0.5142781062083828
すすぎの設定を変更することは可能ですか？,洗濯と乾燥の最大容量は？,0.5142585684800871
「わが家流」設定とは何ですか？,推奨の洗剤・柔軟剤は？,0.5142180500437683
ナノイーXの機能は？,ドアが開かないのですが,0.5141900678916609
脱水時間の変更は可能ですか？,推奨の洗剤・柔軟剤は？,0.514182535459959
洗濯をスタートする方法を教えて？,洗濯の所要時間は？,0.5141645134455641
2度洗いは出来ますか？,自宅にいない時でも、スマートフォンなどを使って洗濯機を遠隔で操作し、洗濯を開始することはできますか？,0.5141544443207444
毛布の洗濯は可能？,洗濯後に衣類が絡まってしまうことが多いのですが、何か絡まりを防ぐための対処法はありますか？,0.5141064146980703
洗濯ネットは使うべき？,洗濯中に通常とは異なる音がするのですが、どのような原因が考えられますか？自分で確認できることはありますか？,0.5140797432748119
洗濯中に一時停止は可能？,コースが表示されない。,0.5140769140921333
洗濯機を使い始めるにはどうすればいいですか？　手順を教えて下さい。,毛布の洗濯は可能？,0.5140667174322425
乾燥だけで使用出来ますか？,洗濯終了時のお知らせ音を鳴らさないようにしたいのですが、その設定はどこで変更できますか？,0.5140506629013284
洗濯機に水が供給されないというエラーが表示されたのですが、どのような原因が考えられますか？自分でできる確認事項はありますか？,本体が熱い。,0.5139857896465535
洗濯後、衣類に白い粉状のものが付着しているのですが、何が原因ですか？どのように対処すれば改善されますか？,ドラムが動きません,0.5139427163671133
洗濯をスタートする方法を教えて？,深夜に運転しても大丈夫？,0.5138901683411661
自宅にいない時でも、スマートフォンなどを使って洗濯機を遠隔で操作し、洗濯を開始することはできますか？,洗濯機が排水できないというエラーメッセージが表示されたのですが、原因は何でしょうか？自分で解決できる方法はありますか？,0.5138881738360639
再洗はできる？,洗濯機本体に触れると熱いのですが、これは異常ですか？特に乾燥運転中に熱くなることはありますか？,0.5138534478946527
すすぎや脱水はせずに、衣類を「洗い」の工程だけで済ませたいのですが、そのような設定はできますか？,お急ぎコースはありますか？,0.5138381986515573
スチーム機能は何に使うの？,設定の初期化はできますか？,0.5138286039272797
洗濯の始め方は？,洗濯コースの選択肢が画面に表示されないのですが、これはどういう状況ですか？どのように対処すれば良いですか？,0.5138282393748822
スチーム機能は何に使うの？,洗濯が終わったのにドアがロックされて開かないのですが、これは故障ですか？どのくらい時間が経てば開くようになりますか？,0.5138226516132408
一時停止中にドアは開きますか？,スニーカーは洗える？,0.513793089665172
スチーム機能は何に使うの？,洗濯終了時のお知らせ音を鳴らさないようにしたいのですが、その設定はどこで変更できますか？,0.5137770798141864
「洗い」だけ行いたいのですが,洗濯物に白い粉が残っています。　どうしたらよいですか？,0.5137678317957328
洗濯物に白い粉が残っています。　どうしたらよいですか？,お急ぎコースはありますか？,0.5137220127999893
洗濯機が排水できないというエラーメッセージが表示されたのですが、原因は何でしょうか？自分で解決できる方法はありますか？,ドラムが動きません,0.513706251303078
洗いのみは可能？,洗濯の所要時間は？,0.5136650942187012
自動投入機能を使わずに、自分で洗剤を投入したいのですが、設定を教えてください？,ドラムが動きません,0.5136510380285675
再洗はできる？,洗濯の途中で一時停止できますか？,0.513646770118062
衣類のしわを伸ばしたり、気になるにおいを取り除いたりしたいのですが、スチーム機能はどのように使えば良いですか？,洗濯時間は何分ですか？,0.5136096005951922
使用する洗剤のブランドや種類を変更した場合、洗濯機側で何か設定を変更する必要はありますか？,排水エラーが出た。,0.5135336336293834
洗濯ネットは使うべき？,洗濯コースの選択肢が画面に表示されないのですが、これはどういう状況ですか？どのように対処すれば良いですか？,0.5135006655430239
深夜に運転しても大丈夫？,変な音がするのですが。,0.5134856446793099
手動で個別に設定する事は可能ですか？,おしゃれ着コースはありますか？,0.5134261117304494
すすぎ回数は変えられる？,誤った設定をしてしまったので、洗濯機の設定をすべて初期状態に戻したいのですが、その方法を教えてください。,0.5134154609551755
洗濯の始め方は？,洗濯後に衣類が絡まってしまうことが多いのですが、何か絡まりを防ぐための対処法はありますか？,0.5133824180333785
急いで洗濯したい時は？,ドアが完全に閉まりません,0.5133744691159714
最適なコースは？,自動投入機能の使い方を教えて？,0.5133723798227849
手動で個別に設定する事は可能ですか？,頻繁に使う洗濯設定を保存しておきたいのですが、「わが家流」設定とは具体的にどのような機能ですか？,0.5133440702893343
ナノイーX機能について詳しく教えてください。どのような効果があり、どのコースで利用できますか？,洗濯物の絡まりを防ぐには？,0.5132948688151143
衣類を洗うだけで、乾燥工程は行いたくない場合、どのコースを選択すれば良いですか？,本体の揺れが気になる。,0.5132855285893945
洗濯を一時停止した際、追加の衣類を入れるためにドアを開けることは可能ですか？その条件は何ですか？,おしゃれ着は洗える？,0.5132513911745079
洗濯ネットは必要ですか？,ドアが閉まらない時は？,0.5132323752748031
深夜運転は静か？,誤った設定をしてしまったので、洗濯機の設定をすべて初期状態に戻したいのですが、その方法を教えてください。,0.5131813630508952
洗濯コースの選択肢が画面に表示されないのですが、これはどういう状況ですか？どのように対処すれば良いですか？,設定の初期化はできますか？,0.5131590964752172
子供が誤って操作しないように、チャイルドロックを設定したいのですが、その方法と解除方法を教えてください。,洗濯ネットは必要ですか？,0.5131395449770997
洗いのみは可能？,ドアが開かない原因は？,0.5131350328908346
洗濯はせず、衣類を乾燥させる機能だけを使いたいのですが、どのように操作すれば良いですか？,白い粉が残るのですが。,0.5131150452818064
すすぎや脱水はせずに、衣類を「洗い」の工程だけで済ませたいのですが、そのような設定はできますか？,頻繁に使う洗濯設定を保存しておきたいのですが、「わが家流」設定とは具体的にどのような機能ですか？,0.5130979848425344
洗濯を一時停止した際、追加の衣類を入れるためにドアを開けることは可能ですか？その条件は何ですか？,時間がない時に、短時間で洗濯を済ませられるようなコースはありますか？,0.5130906847802387
個別の設定は可能ですか？,自動投入機能の使い方を教えて？,0.5130865850813592
自動投入機能はどう使うの？,洗剤を手動で投入できますか？,0.5130794102921306
チャイルドロックはどこで設定する？,一時停止中にドアは開きますか？,0.5130658323548483
乾燥のみの運転は可能ですか？,洗濯の途中で一時停止できますか？,0.513019985407713
洗濯物の絡まりを防ぐには？,本体がぐらつきます。どうしたら良いですか？,0.5129493214339749
ドアが開かない原因は？,本体が熱くなります,0.512889739116164
衣類のしわを伸ばしたり、気になるにおいを取り除いたりしたいのですが、スチーム機能はどのように使えば良いですか？,洗濯機の下から水が漏れているのですが、どのような原因が考えられますか？自分で確認できる対処法はありますか？,0.5128403793556844
自動投入機能の使い方を教えて？,終了音を消すには？,0.512773595631769
チャイルドロックはどこで設定する？,洗濯物に白い粉が残っています。　どうしたらよいですか？,0.5127546626883154
終了音を消すには？,洗濯機のドアが最後まで閉まらないのですが、何を確認すれば良いですか？,0.512743040194526
洗濯中に一時停止は可能？,一般的な洗濯コースを選んだ場合、洗濯が完了するまでにおよそ何分くらいかかりますか？,0.5127289195488978
自宅にいない時でも、スマートフォンなどを使って洗濯機を遠隔で操作し、洗濯を開始することはできますか？,「わが家流」設定とは何ですか？,0.5127214956931666
洗濯の各工程（洗い、すすぎ、脱水、乾燥）について、自分の好みに合わせて時間を設定したり、回数を変更したりすることはできますか？,水が出ないエラーが出た。,0.5127125079569288
洗濯の途中で一時停止できますか？,コースが表示されない。,0.512672122583029
洗濯物の絡まりを防ぐには？,本体が熱くなります,0.5126652918914667
チャイルドロックの設定をしたい,お急ぎコースはありますか？,0.5126644648522404
電気代や水道代を節約できるような省エネ運転モードは搭載されていますか？,洗濯後、衣類に白い粉状のものが付着しているのですが、何が原因ですか？どのように対処すれば改善されますか？,0.5126615466241786
ジェット乾燥って何？,洗濯中に通常とは異なる音がするのですが、どのような原因が考えられますか？自分で確認できることはありますか？,0.5126601363082094
チャイルドロックはどこで設定する？,洗濯の所要時間は？,0.5126346358987214
スチーム機能は何に使うの？,洗濯のすすぎ回数を自分の希望に合わせて変更したいのですが、何回から何回まで選べますか？,0.5126259776371915
再洗はできる？,本体が熱い。,0.5126049431018022
洗濯後に衣類が絡まってしまうことが多いのですが、何か絡まりを防ぐための対処法はありますか？,ドラムが動きません,0.51258637851317
洗濯物の種類や汚れ具合に関わらず、最もおすすめの洗濯コースは何ですか？そのコースではどのような設定が自動で行われますか？,スチーム機能は何に使うの？,0.5125696411706624
2度洗いは出来ますか？,洗濯中に一時停止は可能？,0.5125215256907043
ドアが開かない原因は？,使用する洗剤のブランドや種類を変更した場合、洗濯機側で何か設定を変更する必要はありますか？,0.5125125042085859
洗濯の各工程（洗い、すすぎ、脱水、乾燥）について、自分の好みに合わせて時間を設定したり、回数を変更したりすることはできますか？,洗濯中に急な用事ができた場合、途中で運転を一時停止させることはできますか？その操作方法を教えてください。,0.5124661229856777
洗濯が終わったのにドアがロックされて開かないのですが、これは故障ですか？どのくらい時間が経てば開くようになりますか？,スニーカーは洗える？,0.512465456268445
ドアが開かないのですが,洗濯物の絡まりを防ぐには？,0.5124568231520766
洗濯機を使い始めるにはどうすればいいですか？　手順を教えて下さい。,おすすめの洗剤・柔軟剤はありますか？,0.5124254436563738
ナノイーXの機能は？,ドラムが動きません,0.5123993130916429
ナノイーXの機能は？,水漏れしています。どうしたらよいですか？,0.5123899129379768
洗濯物が絡まります。どうしたらよいですか？,「水が出ない」エラーが出ます,0.5123864591263934
すすぎの設定を変更することは可能ですか？,ドラムが回らない。,0.5122591665054431
省エネ機能はある？,「わが家流」設定とは何ですか？,0.5122496730370741
「洗い」だけ行いたいのですが,コースが表示されない。,0.5122377470286219
一時停止したらドアは開く？,おしゃれ着は洗える？,0.5122178530187811
洗剤を手動で投入できますか？,ドアが閉まらない時は？,0.5121978253511945
洗濯中に急な用事ができた場合、途中で運転を一時停止させることはできますか？その操作方法を教えてください。,この洗濯機に最適な洗剤や柔軟剤はありますか？メーカーから推奨されている製品があれば教えてください。,0.512171065811922
再洗はできる？,洗濯ネットは必要ですか？,0.51216550940912
チャイルドロックの設定をしたい,ドアが閉まらない時は？,0.5121527015587894
自宅の洗濯機で毛布を洗うことはできますか？もし洗える場合、何か特別な条件やコースがありますか？,排水エラーが出た。,0.5120943770196569
一時停止中にドアは開きますか？,おしゃれ着は洗える？,0.5120815101175682
毛布の洗濯は可能？,おすすめの洗剤・柔軟剤はありますか？,0.512076580558525
洗濯物の種類によって脱水時間を調整したいのですが、何分まで設定できますか？,洗濯を開始しようとしてもドラムが回転しないのですが、何が原因として考えられますか？安全装置が作動している可能性はありますか？,0.5120239065633744
洗濯物に白い粉が残っています。　どうしたらよいですか？,この洗濯機に最適な洗剤や柔軟剤はありますか？メーカーから推奨されている製品があれば教えてください。,0.5120076987592229
ナノイーXとは何ですか？,ドラムが回らない。,0.5119592507834343
個別の設定は可能ですか？,最大容量は？,0.5119561371039844
脱水時間の変更は可能ですか？,毛布の洗濯は可能？,0.5119551585187063
おすすめのコースを教えて？,深夜運転は静か？,0.5119451930058692
最適なコースは？,羽毛布団を洗濯機で洗いたいのですが、対応していますか？また、洗う際の注意点があれば教えてください。,0.5119388933333069
すすぎや脱水はせずに、衣類を「洗い」の工程だけで済ませたいのですが、そのような設定はできますか？,ドアが開かないのですが,0.5119170996744669
運転終了時にアラームを鳴らさないようにできますか？,ドアが開かない原因は？,0.5119122606224608
本体の揺れが気になる。,本体が熱い。,0.5119033528221775
洗濯ネットは使うべき？,時間がない時に、短時間で洗濯を済ませられるようなコースはありますか？,0.5118657204316477
脱水時間の変更は可能ですか？,羽毛布団を洗濯機で洗いたいのですが、対応していますか？また、洗う際の注意点があれば教えてください。,0.5118600299765921
チャイルドロックはどこで設定する？,洗濯物を保護するために、洗濯ネットを使用する必要はありますか？どのような種類の衣類に推奨されますか？,0.5118565294498139
洗濯機を使い始めるにはどうすればいいですか？　手順を教えて下さい。,ナノイーXの機能は？,0.5118536969230628
本体がぐらつきます。どうしたら良いですか？,推奨の洗剤・柔軟剤は？,0.5117993391778133
スチーム機能の使い方を教えて？,洗濯中に一時停止は可能？,0.5117073411660817
個別の設定は可能ですか？,コースが表示されない。,0.511665076631416
洗剤を手動で投入できますか？,洗濯物に白い粉が残っています。　どうしたらよいですか？,0.5116617001936506
白い粉が残るのですが。,ドアが閉まらない時は？,0.5116348933339695
洗濯の始め方は？,おすすめのコースを教えて？,0.5116174140898668
チャイルドロックはどこで設定する？,洗濯時間は何分ですか？,0.5115882064272124
洗剤を手動で投入できますか？,ドアが完全に閉まりません,0.5115857724099059
一時停止したらドアは開く？,使用する洗剤のブランドや種類を変更した場合、洗濯機側で何か設定を変更する必要はありますか？,0.5115708182210148
スチーム機能は何に使うの？,使用する洗剤のブランドや種類を変更した場合、洗濯機側で何か設定を変更する必要はありますか？,0.5115594039503009
スチーム機能は何に使うの？,本体の揺れが気になる。,0.5115590016348426
おすすめのコースを教えて？,ナノイーX機能について詳しく教えてください。どのような効果があり、どのコースで利用できますか？,0.5115301448921115
個別の設定は可能ですか？,コースが表示されないのですが,0.5115198806929185
おしゃれ着は洗える？,「わが家流」設定って何？,0.5114868026570045
外出先から洗濯を開始できますか？,本体が熱い。,0.5114858555358496
最適なコースは？,再洗はできる？,0.5114159683861386
ジェット乾燥って何？,洗濯物の絡まりを防ぐには？,0.5113981813757936
自宅にいない時でも、スマートフォンなどを使って洗濯機を遠隔で操作し、洗濯を開始することはできますか？,洗濯を一時停止した際、追加の衣類を入れるためにドアを開けることは可能ですか？その条件は何ですか？,0.5113867652184895
手動で洗剤を入れることはできますか？,洗濯コースの選択肢が画面に表示されないのですが、これはどういう状況ですか？どのように対処すれば良いですか？,0.5113654577820081
洗濯物の種類や汚れ具合に関わらず、最もおすすめの洗濯コースは何ですか？そのコースではどのような設定が自動で行われますか？,水が出ないエラーが出た。,0.5113641774991515
洗濯はせず、衣類を乾燥させる機能だけを使いたいのですが、どのように操作すれば良いですか？,スチーム機能の使い方を教えて？,0.5113583675380292
手動で個別に設定する事は可能ですか？,設定の初期化はできますか？,0.5113058296424061
洗濯はせず、衣類を乾燥させる機能だけを使いたいのですが、どのように操作すれば良いですか？,洗濯後に衣類が絡まってしまうことが多いのですが、何か絡まりを防ぐための対処法はありますか？,0.511299456378682
特に汚れがひどい洗濯物なので、2回続けて洗いたいのですが、そのような設定は可能ですか？,洗濯時間は何分ですか？,0.5112967120599547
おすすめのコースを教えて？,再洗はできる？,0.5112912578931681
洗濯のすすぎ回数を自分の希望に合わせて変更したいのですが、何回から何回まで選べますか？,設定の初期化はできますか？,0.511290851006009
洗濯物の種類や汚れ具合に関わらず、最もおすすめの洗濯コースは何ですか？そのコースではどのような設定が自動で行われますか？,この洗濯機で一度に洗濯できる衣類の最大量と、乾燥できる衣類の最大量はそれぞれ何キログラムですか？,0.5112864900284171
洗濯機に水が供給されないというエラーが表示されたのですが、どのような原因が考えられますか？自分でできる確認事項はありますか？,予約機能の使い方をおしえて？,0.5112808364567456
省エネモードはありますか？,洗濯後、衣類に白い粉状のものが付着しているのですが、何が原因ですか？どのように対処すれば改善されますか？,0.5112473378871485
自動投入機能の使い方を教えて？,ドアが閉まらない時は？,0.5112013470260667
洗剤や柔軟剤を計る手間を省きたいのですが、自動投入機能はどのように設定して使用するのですか？,深夜に運転しても大丈夫？,0.5111982055535362
洗剤や柔軟剤を計る手間を省きたいのですが、自動投入機能はどのように設定して使用するのですか？,ナノイーX機能について詳しく教えてください。どのような効果があり、どのコースで利用できますか？,0.5111356740079089
個別の設定は可能ですか？,毛布は洗えますか？,0.511117820480574
手動で洗剤を入れることはできますか？,洗濯物に白い粉が残っています。　どうしたらよいですか？,0.511109633281051
最適なコースは？,スチーム機能は何に使うの？,0.5110960556989208
異音がします。どうしたらよいですか？,お急ぎコースはありますか？,0.5110831233878993
洗濯物の絡まりを防ぐには？,急いで洗濯したい時は？,0.5110709061028831
洗濯物の絡まりを防ぐには？,お急ぎコースはありますか？,0.5110524375217982
洗濯物の絡まりを防ぐには？,予約機能の使い方をおしえて？,0.5110394219492658
洗濯の始め方は？,毛布は洗えますか？,0.5110323983455756
脱水時間の変更は可能ですか？,電気代や水道代を節約できるような省エネ運転モードは搭載されていますか？,0.51099973044228
スニーカーは洗える？,洗濯の所要時間は？,0.5109709343270306
洗濯だけする方法を教えて？,設定を工場出荷時に戻せる？,0.510962090695184
洗濯の各工程（洗い、すすぎ、脱水、乾燥）について、自分の好みに合わせて時間を設定したり、回数を変更したりすることはできますか？,異音がします。どうしたらよいですか？,0.5109514821187872
一時停止中にドアは開きますか？,最大容量は？,0.5109104959239087
チャイルドロックはどこで設定する？,一時停止したらドアは開く？,0.510904454708117
スニーカーは洗える？,推奨の洗剤・柔軟剤は？,0.5109031893622548
この洗濯機で一度に洗濯できる衣類の最大量と、乾燥できる衣類の最大量はそれぞれ何キログラムですか？,洗濯機本体に触れると熱いのですが、これは異常ですか？特に乾燥運転中に熱くなることはありますか？,0.5108717122441173
自動投入機能の使い方を教えて？,洗濯後に衣類が絡まってしまうことが多いのですが、何か絡まりを防ぐための対処法はありますか？,0.5108629965992848
一時停止中にドアは開きますか？,洗濯物の絡まりを防ぐには？,0.5108345570393524
洗濯物の種類によって脱水時間を調整したいのですが、何分まで設定できますか？,ドアが閉まらない時は？,0.5107378386001872
洗濯物の種類によって脱水時間を調整したいのですが、何分まで設定できますか？,自宅にいない時でも、スマートフォンなどを使って洗濯機を遠隔で操作し、洗濯を開始することはできますか？,0.5107314411807882
自動投入機能の使い方を教えて？,洗濯時間は何分ですか？,0.5107235694672417
洗剤を手動で投入できますか？,「排水できない」エラーが出ます,0.5107232183317455
特に汚れがひどい洗濯物なので、2回続けて洗いたいのですが、そのような設定は可能ですか？,本体がぐらつきます。どうしたら良いですか？,0.510719148087137
衣類のしわを伸ばしたり、気になるにおいを取り除いたりしたいのですが、スチーム機能はどのように使えば良いですか？,洗濯の所要時間は？,0.5107109635287789
洗剤や柔軟剤を計る手間を省きたいのですが、自動投入機能はどのように設定して使用するのですか？,深夜運転は静か？,0.510682605749544
乾燥だけで使用出来ますか？,洗濯機本体に触れると熱いのですが、これは異常ですか？特に乾燥運転中に熱くなることはありますか？,0.5106099492437743
洗濯をスタートする方法を教えて？,子供が誤って操作しないように、チャイルドロックを設定したいのですが、その方法と解除方法を教えてください。,0.5106038082722162
予約の仕方は？,設定を工場出荷時に戻せる？,0.5106012758344567
2度洗いは出来ますか？,使用する洗剤のブランドや種類を変更した場合、洗濯機側で何か設定を変更する必要はありますか？,0.5105975611161099
時間がない時に、短時間で洗濯を済ませられるようなコースはありますか？,水が出ないエラーが出た。,0.510573435153051
洗濯の各工程（洗い、すすぎ、脱水、乾燥）について、自分の好みに合わせて時間を設定したり、回数を変更したりすることはできますか？,「水が出ない」エラーが出ます,0.5105127434843638
洗濯終了時のお知らせ音を鳴らさないようにしたいのですが、その設定はどこで変更できますか？,ドアが開かないのですが,0.5105089269604028
手動で洗剤を入れることはできますか？,ドアが完全に閉まりません,0.5104901474375194
自宅にいない時でも、スマートフォンなどを使って洗濯機を遠隔で操作し、洗濯を開始することはできますか？,水漏れしています。どうしたらよいですか？,0.5104895309583763
自宅の洗濯機で毛布を洗うことはできますか？もし洗える場合、何か特別な条件やコースがありますか？,誤った設定をしてしまったので、洗濯機の設定をすべて初期状態に戻したいのですが、その方法を教えてください。,0.5104677280841061
使用する洗剤のブランドや種類を変更した場合、洗濯機側で何か設定を変更する必要はありますか？,洗濯と乾燥の最大容量は？,0.5104625687984052
脱水時間の変更は可能ですか？,最大容量は？,0.5104507854956919
洗濯物の種類によって脱水時間を調整したいのですが、何分まで設定できますか？,毛布の洗濯は可能？,0.510443177465653
終了音を消すには？,洗濯物の絡まりを防ぐには？,0.5104352799533387
おすすめのコースを教えて？,ナノイーXの機能は？,0.5104297339118806
2度洗いは出来ますか？,「わが家流」設定って何？,0.5104132216003299
ナノイーXとは何ですか？,水漏れの原因は？,0.510283026423181
洗剤や柔軟剤を計る手間を省きたいのですが、自動投入機能はどのように設定して使用するのですか？,ドアが完全に閉まりません,0.5102821366691407
水漏れの原因は？,おすすめの洗剤・柔軟剤はありますか？,0.5102797570229224
ドラムが動きません,おすすめの洗剤・柔軟剤はありますか？,0.5101795476196747
洗濯中に急な用事ができた場合、途中で運転を一時停止させることはできますか？その操作方法を教えてください。,深夜に運転しても大丈夫？,0.5101681023887057
洗濯物の種類によって脱水時間を調整したいのですが、何分まで設定できますか？,洗濯後に衣類が絡まってしまうことが多いのですが、何か絡まりを防ぐための対処法はありますか？,0.5101501562077728
羽毛布団は洗濯できる？,洗濯物の絡まりを防ぐには？,0.5101379075049265
スチーム機能は何に使うの？,水漏れの原因は？,0.5101326451288346
自宅の洗濯機で毛布を洗うことはできますか？もし洗える場合、何か特別な条件やコースがありますか？,「排水できない」エラーが出ます,0.5101025994206196
すすぎや脱水はせずに、衣類を「洗い」の工程だけで済ませたいのですが、そのような設定はできますか？,省エネ機能はある？,0.5100799872608268
脱水時間の変更は可能ですか？,毛布は洗えますか？,0.5100291598414606
ふんわりキープとは何ですか？,本体が熱くなります,0.5100160055776035
ナノイーX機能について詳しく教えてください。どのような効果があり、どのコースで利用できますか？,省エネ機能はある？,0.5100022672785114
再洗はできる？,ドラムが動きません,0.5099917894917672
洗濯だけする方法を教えて？,洗濯機本体に触れると熱いのですが、これは異常ですか？特に乾燥運転中に熱くなることはありますか？,0.5099216741537345
スチーム機能の使い方を教えて？,使用する洗剤のブランドや種類を変更した場合、洗濯機側で何か設定を変更する必要はありますか？,0.5099119216186196
ドアが開かない原因は？,洗濯中に急な用事ができた場合、途中で運転を一時停止させることはできますか？その操作方法を教えてください。,0.5098875289519875
衣類のしわを伸ばしたり、気になるにおいを取り除いたりしたいのですが、スチーム機能はどのように使えば良いですか？,毛布の洗濯は可能？,0.5098639367801631
乾燥のみの運転は可能ですか？,洗濯機本体に触れると熱いのですが、これは異常ですか？特に乾燥運転中に熱くなることはありますか？,0.5098638600441868
変な音がするのですが。,急いで洗濯したい時は？,0.5098344373776409
チャイルドロックの設定をしたい,この洗濯機で一度に洗濯できる衣類の最大量と、乾燥できる衣類の最大量はそれぞれ何キログラムですか？,0.50980050891326
ドアが開かない原因は？,設定の初期化はできますか？,0.5097723017992983
洗濯物の絡まりを防ぐには？,洗濯機の下から水が漏れているのですが、どのような原因が考えられますか？自分で確認できる対処法はありますか？,0.5097658082803042
頻繁に使う洗濯設定を保存しておきたいのですが、「わが家流」設定とは具体的にどのような機能ですか？,推奨の洗剤・柔軟剤は？,0.5097399829077014
チャイルドロックの設定をしたい,自動投入機能の使い方を教えて？,0.5097397068787702
ドアが完全に閉まりません,設定の初期化はできますか？,0.509732806908551
ナノイーXの機能は？,「わが家流」設定って何？,0.5097102063936602
洗剤の種類で設定変更は必要？,本体が熱くなります,0.5096529140910173
洗濯中に一時停止は可能？,排水エラーが出た。,0.5096184887200158
白い粉が残るのですが。,急いで洗濯したい時は？,0.5095978968594991
すすぎや脱水はせずに、衣類を「洗い」の工程だけで済ませたいのですが、そのような設定はできますか？,この洗濯機で一度に洗濯できる衣類の最大量と、乾燥できる衣類の最大量はそれぞれ何キログラムですか？,0.5095961054576208
2度洗いは出来ますか？,本体が熱い。,0.5095858679176556
個別の設定は可能ですか？,ナノイーXの機能は？,0.5095547025123783
再洗はできる？,「わが家流」設定って何？,0.5095528746232876
夜遅い時間帯に洗濯機を運転しても、近隣に迷惑がかからないように静かに運転できるモードはありますか？,洗濯機本体に触れると熱いのですが、これは異常ですか？特に乾燥運転中に熱くなることはありますか？,0.5095329367903283
デリケートな衣類やおしゃれ着を優しく洗うための専用コースはありますか？,水が出ないエラーが出た。,0.5095254372056099
ドアが閉まらない時は？,この洗濯機で一度に洗濯できる衣類の最大量と、乾燥できる衣類の最大量はそれぞれ何キログラムですか？,0.5095228745449796
手動で洗剤を入れることはできますか？,洗濯物の種類によって脱水時間を調整したいのですが、何分まで設定できますか？,0.5095135207183019
スチーム機能の使い方を教えて？,洗濯のすすぎ回数を自分の希望に合わせて変更したいのですが、何回から何回まで選べますか？,0.5094725708795971
深夜に運転しても大丈夫？,水漏れの原因は？,0.5094512561330942
洗濯ネットは使うべき？,「排水できない」エラーが出ます,0.5094442314972203
洗濯物が絡まります。どうしたらよいですか？,ドラムが回らない。,0.509432735706399
「わが家流」設定とは何ですか？,「排水できない」エラーが出ます,0.5094130003107883
洗濯物の種類や汚れ具合に関わらず、最もおすすめの洗濯コースは何ですか？そのコースではどのような設定が自動で行われますか？,深夜運転は静か？,0.5094095748016724
脱水時間の調整はできる？,この洗濯機で一度に洗濯できる衣類の最大量と、乾燥できる衣類の最大量はそれぞれ何キログラムですか？,0.509385778839065
衣類を洗うだけで、乾燥工程は行いたくない場合、どのコースを選択すれば良いですか？,排水エラーが出た。,0.5093507400117494
子供が誤って操作しないように、チャイルドロックを設定したいのですが、その方法と解除方法を教えてください。,洗濯物を保護するために、洗濯ネットを使用する必要はありますか？どのような種類の衣類に推奨されますか？,0.5093455030498192
毛布は洗えますか？,本体が熱くなります,0.5092921459778452
チャイルドロックはどこで設定する？,洗濯後に衣類が絡まってしまうことが多いのですが、何か絡まりを防ぐための対処法はありますか？,0.5092863228834945
2度洗いは出来ますか？,この洗濯機に最適な洗剤や柔軟剤はありますか？メーカーから推奨されている製品があれば教えてください。,0.5092784231234917
洗濯の始め方は？,洗濯の所要時間は？,0.509276967291595
洗剤を手動で投入できますか？,深夜運転は静か？,0.509257885208851
洗いのみは可能？,洗濯機のドアが最後まで閉まらないのですが、何を確認すれば良いですか？,0.5092464228038446
自動投入機能を使わずに、自分で洗剤を投入したいのですが、設定を教えてください？,スチーム機能は何に使うの？,0.5091938368057224
すすぎ回数は変えられる？,洗濯物の絡まりを防ぐには？,0.5091508974095929
洗濯後に衣類が絡まってしまうことが多いのですが、何か絡まりを防ぐための対処法はありますか？,洗濯機本体が不安定で揺れるのですが、どうすれば改善できますか？設置状況を確認する必要がありますか？,0.5091462578729931
自宅にいない時でも、スマートフォンなどを使って洗濯機を遠隔で操作し、洗濯を開始することはできますか？,洗濯中に急な用事ができた場合、途中で運転を一時停止させることはできますか？その操作方法を教えてください。,0.5091322126333037
運転終了時にアラームを鳴らさないようにできますか？,一般的な洗濯コースを選んだ場合、洗濯が完了するまでにおよそ何分くらいかかりますか？,0.5089855958455
洗濯ネットは使うべき？,この洗濯機で一度に洗濯できる衣類の最大量と、乾燥できる衣類の最大量はそれぞれ何キログラムですか？,0.5089469987838617
洗濯物の絡まりを防ぐには？,この洗濯機に最適な洗剤や柔軟剤はありますか？メーカーから推奨されている製品があれば教えてください。,0.5089363457146334
洗濯と乾燥の最大容量は？,おすすめの洗剤・柔軟剤はありますか？,0.5088269031573074
終了音を消すには？,一般的な洗濯コースを選んだ場合、洗濯が完了するまでにおよそ何分くらいかかりますか？,0.5088229153961776
再洗はできる？,洗濯時間は何分ですか？,0.5088146017586668
洗濯ネットは使うべき？,最大容量は？,0.5087899836246748
子供が誤って操作しないように、チャイルドロックを設定したいのですが、その方法と解除方法を教えてください。,水漏れの原因は？,0.5087885672271146
洗濯中に急な用事ができた場合、途中で運転を一時停止させることはできますか？その操作方法を教えてください。,スニーカーは洗える？,0.508781700164787
洗濯の始め方は？,ドアが閉まらない時は？,0.5087704762175923
チャイルドロックの設定をしたい,ドアが完全に閉まりません,0.508747267544281
洗濯はせず、衣類を乾燥させる機能だけを使いたいのですが、どのように操作すれば良いですか？,手動で洗剤を入れることはできますか？,0.508740077774414
自宅の洗濯機で毛布を洗うことはできますか？もし洗える場合、何か特別な条件やコースがありますか？,水漏れしています。どうしたらよいですか？,0.5087387261067613
深夜に運転しても大丈夫？,おすすめの洗剤・柔軟剤はありますか？,0.5086945837504162
洗濯物が絡まります。どうしたらよいですか？,お急ぎコースはありますか？,0.5086793257567446
洗濯の各工程（洗い、すすぎ、脱水、乾燥）について、自分の好みに合わせて時間を設定したり、回数を変更したりすることはできますか？,洗濯機のドアが最後まで閉まらないのですが、何を確認すれば良いですか？,0.5086480225567169
外出先から洗濯を開始できますか？,洗濯と乾燥の最大容量は？,0.5086337684169562
チャイルドロックの設定をしたい,最大容量は？,0.5086219421475459
乾燥なしで洗濯するには？,洗濯を一時停止した際、追加の衣類を入れるためにドアを開けることは可能ですか？その条件は何ですか？,0.5086122140984277
チャイルドロックはどこで設定する？,「排水できない」エラーが出ます,0.508587826427738
本体の揺れが気になる。,推奨の洗剤・柔軟剤は？,0.5085631382501355
ナノイーX機能について詳しく教えてください。どのような効果があり、どのコースで利用できますか？,運転終了時にアラームを鳴らさないようにできますか？,0.5085618940038034
洗濯物が絡まります。どうしたらよいですか？,白い粉が残るのですが。,0.5085575565141096
洗濯をスタートする方法を教えて？,洗濯機に水が供給されないというエラーが表示されたのですが、どのような原因が考えられますか？自分でできる確認事項はありますか？,0.5085419176467274
個別の設定は可能ですか？,設定の初期化はできますか？,0.5085239380502861
変な音がするのですが。,お急ぎコースはありますか？,0.5085225148972156
ナノイーX機能について詳しく教えてください。どのような効果があり、どのコースで利用できますか？,「わが家流」設定って何？,0.5084776605304118
すすぎの設定を変更することは可能ですか？,洗濯機本体に触れると熱いのですが、これは異常ですか？特に乾燥運転中に熱くなることはありますか？,0.5084509939597208
最適なコースは？,洗濯コースの選択肢が画面に表示されないのですが、これはどういう状況ですか？どのように対処すれば良いですか？,0.5084040247275573
チャイルドロックはどこで設定する？,本体が熱い。,0.5083883186458191
チャイルドロックの設定をしたい,ふんわりキープの目的は？,0.5082925289909582
毛布は洗えますか？,洗濯機本体に触れると熱いのですが、これは異常ですか？特に乾燥運転中に熱くなることはありますか？,0.5082810909554056
洗濯機を使い始めるにはどうすればいいですか？　手順を教えて下さい。,「洗い」だけ行いたいのですが,0.5082184370657004
衣類を洗うだけで、乾燥工程は行いたくない場合、どのコースを選択すれば良いですか？,洗剤を手動で投入できますか？,0.5081847210086465
洗濯物の種類や汚れ具合に関わらず、最もおすすめの洗濯コースは何ですか？そのコースではどのような設定が自動で行われますか？,頻繁に使う洗濯設定を保存しておきたいのですが、「わが家流」設定とは具体的にどのような機能ですか？,0.5081568734684241
洗濯物の種類や汚れ具合に関わらず、最もおすすめの洗濯コースは何ですか？そのコースではどのような設定が自動で行われますか？,洗濯と乾燥の最大容量は？,0.508142696963486
スチーム機能は何に使うの？,洗濯コースの選択肢が画面に表示されないのですが、これはどういう状況ですか？どのように対処すれば良いですか？,0.5081228547568694
「ふんわりキープ」とはどのような機能ですか？,洗濯物が絡まります。どうしたらよいですか？,0.5081059191942368
「ふんわりキープ」とはどのような機能ですか？,「洗い」だけ行いたいのですが,0.5080406584555834
「洗い」だけ行いたいのですが,外出先から洗濯を開始できますか？,0.5079418209241158
洗濯の途中で一時停止できますか？,本体がぐらつきます。どうしたら良いですか？,0.5078842233169899
個別の設定は可能ですか？,外出先から洗濯を開始できますか？,0.5078402711691441
終了音を消すには？,ドアが開かないのですが,0.5076749216936922
脱水時間の変更は可能ですか？,省エネ機能はある？,0.5075976492700476
洗濯のすすぎ回数を自分の希望に合わせて変更したいのですが、何回から何回まで選べますか？,お急ぎコースはありますか？,0.5075947923282942
洗いのみは可能？,一時停止したらドアは開く？,0.5075759481819104
おすすめのコースを教えて？,洗濯が終わったのにドアがロックされて開かないのですが、これは故障ですか？どのくらい時間が経てば開くようになりますか？,0.5075552960517218
洗濯中に急な用事ができた場合、途中で運転を一時停止させることはできますか？その操作方法を教えてください。,夜遅い時間帯に洗濯機を運転しても、近隣に迷惑がかからないように静かに運転できるモードはありますか？,0.5075517569944564
自動投入機能の使い方を教えて？,白い粉が残るのですが。,0.5074783230847293
洗濯機本体が不安定で揺れるのですが、どうすれば改善できますか？設置状況を確認する必要がありますか？,設定を工場出荷時に戻せる？,0.5074709818993237
ふんわりキープとは何ですか？,誤った設定をしてしまったので、洗濯機の設定をすべて初期状態に戻したいのですが、その方法を教えてください。,0.5074630192129694
毛布は洗えますか？,省エネ機能はある？,0.5074320601223506
2度洗いは出来ますか？,洗濯機本体に触れると熱いのですが、これは異常ですか？特に乾燥運転中に熱くなることはありますか？,0.5073869500192275
「わが家流」設定とは何ですか？,洗濯機本体が不安定で揺れるのですが、どうすれば改善できますか？設置状況を確認する必要がありますか？,0.5073614153332127
夜遅い時間帯に洗濯機を運転しても、近隣に迷惑がかからないように静かに運転できるモードはありますか？,本体がぐらつきます。どうしたら良いですか？,0.5073339565983246
個別の設定は可能ですか？,洗濯コースの選択肢が画面に表示されないのですが、これはどういう状況ですか？どのように対処すれば良いですか？,0.5072985289050821
洗濯中に急な用事ができた場合、途中で運転を一時停止させることはできますか？その操作方法を教えてください。,洗濯後、衣類に白い粉状のものが付着しているのですが、何が原因ですか？どのように対処すれば改善されますか？,0.5072743869100985
ジェット乾燥って何？,「洗い」だけ行いたいのですが,0.5072727347959047
深夜に運転しても大丈夫？,排水エラーが出た。,0.5072671301189535
白い粉が残るのですが。,推奨の洗剤・柔軟剤は？,0.507263147607731
衣類のしわを伸ばしたり、気になるにおいを取り除いたりしたいのですが、スチーム機能はどのように使えば良いですか？,一時停止中にドアは開きますか？,0.5072601551179585
洗濯終了時のお知らせ音を鳴らさないようにしたいのですが、その設定はどこで変更できますか？,毛布の洗濯は可能？,0.5072276975973846
ドアが完全に閉まりません,洗濯機が排水できないというエラーメッセージが表示されたのですが、原因は何でしょうか？自分で解決できる方法はありますか？,0.5072129864086155
ふんわりキープの目的は？,洗濯物の種類によって脱水時間を調整したいのですが、何分まで設定できますか？,0.5071345839847572
衣類のしわを伸ばしたり、気になるにおいを取り除いたりしたいのですが、スチーム機能はどのように使えば良いですか？,洗濯中に一時停止は可能？,0.5071244447375054
2度洗いは出来ますか？,ドラムが動きません,0.5071159117861781
一時停止したらドアは開く？,おすすめの洗剤・柔軟剤はありますか？,0.5071096415679188
自宅にいない時でも、スマートフォンなどを使って洗濯機を遠隔で操作し、洗濯を開始することはできますか？,洗濯機本体に触れると熱いのですが、これは異常ですか？特に乾燥運転中に熱くなることはありますか？,0.5070567668017432
一時停止したらドアは開く？,急いで洗濯したい時は？,0.5070501122682919
スチーム機能は何に使うの？,白い粉が残るのですが。,0.5069312765476653
急いで洗濯したい時は？,「水が出ない」エラーが出ます,0.5069143056345036
洗濯物の絡まりを防ぐには？,異音がします。どうしたらよいですか？,0.5068716165256308
ジェット乾燥とは何ですか？,「洗い」だけ行いたいのですが,0.5068513443933806
ナノイーX機能について詳しく教えてください。どのような効果があり、どのコースで利用できますか？,洗濯物を保護するために、洗濯ネットを使用する必要はありますか？どのような種類の衣類に推奨されますか？,0.5068382956730498
自動投入機能を使わずに、自分で洗剤を投入したいのですが、設定を教えてください？,ドアが開かないのですが,0.506837983031309
洗いのみは可能？,洗濯物の絡まりを防ぐには？,0.5067970471273417
ふんわりキープの目的は？,設定の初期化はできますか？,0.5067591625563672
おすすめのコースを教えて？,2度洗いは出来ますか？,0.5067538823471156
チャイルドロックの設定をしたい,自動投入機能はどう使うの？,0.5067197606796359
2度洗いは出来ますか？,本体の揺れが気になる。,0.5067071021539489
一般的な洗濯コースを選んだ場合、洗濯が完了するまでにおよそ何分くらいかかりますか？,設定を工場出荷時に戻せる？,0.5067066489107451
すすぎの設定を変更することは可能ですか？,ドアが閉まらない時は？,0.5066585825167295
洗濯のすすぎ回数を自分の希望に合わせて変更したいのですが、何回から何回まで選べますか？,時間がない時に、短時間で洗濯を済ませられるようなコースはありますか？,0.5066582115501048
洗濯をスタートする方法を教えて？,おすすめの洗剤・柔軟剤はありますか？,0.5066457688277215
ナノイーXとは何ですか？,省エネ機能はある？,0.5066444598588693
毛布の洗濯は可能？,省エネ機能はある？,0.5066030683243171
時間がない時に、短時間で洗濯を済ませられるようなコースはありますか？,「排水できない」エラーが出ます,0.5065897546520501
最適なコースは？,スチーム機能の使い方を教えて？,0.5065654072883797
衣類のしわを伸ばしたり、気になるにおいを取り除いたりしたいのですが、スチーム機能はどのように使えば良いですか？,ドアが開かない原因は？,0.5065403182212043
ナノイーXとは何ですか？,洗濯機に水が供給されないというエラーが表示されたのですが、どのような原因が考えられますか？自分でできる確認事項はありますか？,0.5065227352100591
乾燥のみの運転は可能ですか？,「わが家流」設定とは何ですか？,0.5065160540274826
洗濯と乾燥の最大容量は？,この洗濯機に最適な洗剤や柔軟剤はありますか？メーカーから推奨されている製品があれば教えてください。,0.5064727377702628
洗濯をスタートする方法を教えて？,終了音を消すには？,0.5064486733268567
2度洗いは出来ますか？,おすすめの洗剤・柔軟剤はありますか？,0.5063691247223817
自動投入機能の使い方を教えて？,ドアが完全に閉まりません,0.5063616568253022
洗濯はせず、衣類を乾燥させる機能だけを使いたいのですが、どのように操作すれば良いですか？,ドアが開かない原因は？,0.5063549891446194
子供が誤って操作しないように、チャイルドロックを設定したいのですが、その方法と解除方法を教えてください。,スチーム機能の使い方を教えて？,0.5063514379766385
洗濯はせず、衣類を乾燥させる機能だけを使いたいのですが、どのように操作すれば良いですか？,終了音を消すには？,0.5063407341936143
白い粉が残るのですが。,洗濯と乾燥の最大容量は？,0.506319359674679
羽毛布団を洗濯機で洗いたいのですが、対応していますか？また、洗う際の注意点があれば教えてください。,頻繁に使う洗濯設定を保存しておきたいのですが、「わが家流」設定とは具体的にどのような機能ですか？,0.5063159927932139
洗剤を手動で投入できますか？,深夜に運転しても大丈夫？,0.5063156343459929
洗濯物に白い粉が残っています。　どうしたらよいですか？,本体が熱い。,0.5063068762022136
洗濯をスタートする方法を教えて？,設定を工場出荷時に戻せる？,0.5062427426169842
洗濯ネットは使うべき？,洗濯機のドアが最後まで閉まらないのですが、何を確認すれば良いですか？,0.5062030800531194
特に汚れがひどい洗濯物なので、2回続けて洗いたいのですが、そのような設定は可能ですか？,洗濯物の絡まりを防ぐには？,0.5061546106268086
2度洗いは出来ますか？,洗濯物に白い粉が残っています。　どうしたらよいですか？,0.5061044715554508
自動投入機能を使わずに、自分で洗剤を投入したいのですが、設定を教えてください？,この洗濯機で一度に洗濯できる衣類の最大量と、乾燥できる衣類の最大量はそれぞれ何キログラムですか？,0.5060952595690071
衣類のしわを伸ばしたり、気になるにおいを取り除いたりしたいのですが、スチーム機能はどのように使えば良いですか？,洗濯ネットは必要ですか？,0.5060821005589695
終了音を消すには？,羽毛布団を洗濯機で洗いたいのですが、対応していますか？また、洗う際の注意点があれば教えてください。,0.5060601616152687
すすぎの設定を変更することは可能ですか？,ドラムが動きません,0.5060414869816763
洗濯の開始時刻を事前に設定しておきたいのですが、予約機能はどのように使えば良いですか？,本体が熱い。,0.5060360282550544
ナノイーXとは何ですか？,終了音を消すには？,0.5060166157580159
チャイルドロックはどこで設定する？,洗濯機が排水できないというエラーメッセージが表示されたのですが、原因は何でしょうか？自分で解決できる方法はありますか？,0.5060109265812357
ドアが開かない原因は？,急いで洗濯したい時は？,0.505983418799522
運転終了時にアラームを鳴らさないようにできますか？,洗濯後に衣類が絡まってしまうことが多いのですが、何か絡まりを防ぐための対処法はありますか？,0.5059582109978287
洗濯はせず、衣類を乾燥させる機能だけを使いたいのですが、どのように操作すれば良いですか？,誤った設定をしてしまったので、洗濯機の設定をすべて初期状態に戻したいのですが、その方法を教えてください。,0.5059547096977356
「わが家流」設定とは何ですか？,洗濯機が排水できないというエラーメッセージが表示されたのですが、原因は何でしょうか？自分で解決できる方法はありますか？,0.5059462295734426
頻繁に使う洗濯設定を保存しておきたいのですが、「わが家流」設定とは具体的にどのような機能ですか？,洗剤の種類で設定変更は必要？,0.5059310633767378
使用する洗剤のブランドや種類を変更した場合、洗濯機側で何か設定を変更する必要はありますか？,洗濯の所要時間は？,0.5059288542739975
洗濯物の種類によって脱水時間を調整したいのですが、何分まで設定できますか？,ドアが完全に閉まりません,0.5059228787429517
ナノイーXの機能は？,一時停止中にドアは開きますか？,0.5059211188161898
洗濯ネットは使うべき？,羽毛布団を洗濯機で洗いたいのですが、対応していますか？また、洗う際の注意点があれば教えてください。,0.5058848605048563
すすぎや脱水はせずに、衣類を「洗い」の工程だけで済ませたいのですが、そのような設定はできますか？,自宅にいない時でも、スマートフォンなどを使って洗濯機を遠隔で操作し、洗濯を開始することはできますか？,0.5058730996888454
「洗い」だけ行いたいのですが,白い粉が残るのですが。,0.5058489639195703
特に汚れがひどい洗濯物なので、2回続けて洗いたいのですが、そのような設定は可能ですか？,ドアが開かない原因は？,0.5057933031975721
洗濯中に急な用事ができた場合、途中で運転を一時停止させることはできますか？その操作方法を教えてください。,水漏れの原因は？,0.5056861735472107
終了音を消すには？,洗濯コースの選択肢が画面に表示されないのですが、これはどういう状況ですか？どのように対処すれば良いですか？,0.5056486849019074
洗濯後に衣類が絡まってしまうことが多いのですが、何か絡まりを防ぐための対処法はありますか？,洗濯と乾燥の最大容量は？,0.505643330050218
おしゃれ着コースはありますか？,洗濯機に水が供給されないというエラーが表示されたのですが、どのような原因が考えられますか？自分でできる確認事項はありますか？,0.505621458052941
洗濯の各工程（洗い、すすぎ、脱水、乾燥）について、自分の好みに合わせて時間を設定したり、回数を変更したりすることはできますか？,一時停止中にドアは開きますか？,0.5056178494025335
羽毛布団を洗濯機で洗いたいのですが、対応していますか？また、洗う際の注意点があれば教えてください。,深夜に運転しても大丈夫？,0.505548379774152
洗濯ネットは必要ですか？,「排水できない」エラーが出ます,0.5054997152743579
一時停止中にドアは開きますか？,時間がない時に、短時間で洗濯を済ませられるようなコースはありますか？,0.505487037756027
すすぎや脱水はせずに、衣類を「洗い」の工程だけで済ませたいのですが、そのような設定はできますか？,電気代や水道代を節約できるような省エネ運転モードは搭載されていますか？,0.5054403746342495
終了音を消すには？,洗濯後に衣類が絡まってしまうことが多いのですが、何か絡まりを防ぐための対処法はありますか？,0.5054366737730962
省エネ機能はある？,洗濯後、衣類に白い粉状のものが付着しているのですが、何が原因ですか？どのように対処すれば改善されますか？,0.5054170745122804
最適なコースは？,ドアが開かないのですが,0.5054145787791329
衣類のしわを伸ばしたり、気になるにおいを取り除いたりしたいのですが、スチーム機能はどのように使えば良いですか？,ドアが完全に閉まりません,0.5054138793537928
乾燥なしで洗濯するには？,誤った設定をしてしまったので、洗濯機の設定をすべて初期状態に戻したいのですが、その方法を教えてください。,0.5054130476844191
おすすめのコースを教えて？,洗濯物が絡まります。どうしたらよいですか？,0.5053559394729925
すすぎや脱水はせずに、衣類を「洗い」の工程だけで済ませたいのですが、そのような設定はできますか？,この洗濯機に最適な洗剤や柔軟剤はありますか？メーカーから推奨されている製品があれば教えてください。,0.5053285097846599
洗濯物の種類によって脱水時間を調整したいのですが、何分まで設定できますか？,毛布は洗えますか？,0.5053140026300509
最適なコースは？,チャイルドロックの設定をしたい,0.5052961485807407
電気代や水道代を節約できるような省エネ運転モードは搭載されていますか？,この洗濯機で靴を洗うことはできますか？もしできない場合、何か代わりの方法はありますか？,0.5052852684072718
すすぎ回数は変えられる？,洗濯と乾燥の最大容量は？,0.5052631980245295
洗濯の途中で一時停止できますか？,洗濯機に水が供給されないというエラーが表示されたのですが、どのような原因が考えられますか？自分でできる確認事項はありますか？,0.5052378426525133
洗濯の途中で一時停止できますか？,コースが表示されないのですが,0.5052191060452685
2度洗いは出来ますか？,変な音がするのですが。,0.5052180719631473
排水エラーが出た。,洗濯コースの選択肢が画面に表示されないのですが、これはどういう状況ですか？どのように対処すれば良いですか？,0.5052158897007084
毛布の洗濯は可能？,水が出ないエラーが出た。,0.5051748577232003
靴は洗えますか？,設定の初期化はできますか？,0.5051414360094375
深夜に運転しても大丈夫？,ドラムが回らない。,0.5051292952996036
すすぎや脱水はせずに、衣類を「洗い」の工程だけで済ませたいのですが、そのような設定はできますか？,最大容量は？,0.5051059228784611
洗濯後、衣類に白い粉状のものが付着しているのですが、何が原因ですか？どのように対処すれば改善されますか？,洗濯機本体に触れると熱いのですが、これは異常ですか？特に乾燥運転中に熱くなることはありますか？,0.5050349080415375
ナノイーXとは何ですか？,「水が出ない」エラーが出ます,0.5050342833817879
終了音を消すには？,排水エラーが出た。,0.5050279660254021
この洗濯機で靴を洗うことはできますか？もしできない場合、何か代わりの方法はありますか？,設定を工場出荷時に戻せる？,0.5049861770870278
洗濯物の絡まりを防ぐには？,洗剤の種類で設定変更は必要？,0.5049746406278507
洗濯をスタートする方法を教えて？,白い粉が残るのですが。,0.5049641385846885
スチーム機能の使い方を教えて？,水漏れの原因は？,0.5049471204309914
ジェット乾燥って何？,脱水時間の調整はできる？,0.5049241105659763
コースが表示されない。,本体が熱くなります,0.5048900819160238
個別の設定は可能ですか？,ジェット乾燥って何？,0.5048476498557022
運転終了時にアラームを鳴らさないようにできますか？,羽毛布団を洗濯機で洗いたいのですが、対応していますか？また、洗う際の注意点があれば教えてください。,0.5048285940964237
ジェット乾燥って何？,洗濯コースの選択肢が画面に表示されないのですが、これはどういう状況ですか？どのように対処すれば良いですか？,0.5047936715189568
すすぎの設定を変更することは可能ですか？,急いで洗濯したい時は？,0.5047149180971782
2度洗いは出来ますか？,ドラムが回らない。,0.504705207074198
おしゃれ着コースはありますか？,洗濯機が排水できないというエラーメッセージが表示されたのですが、原因は何でしょうか？自分で解決できる方法はありますか？,0.5046976691932341
自動投入機能を使わずに、自分で洗剤を投入したいのですが、設定を教えてください？,ドアが完全に閉まりません,0.5046816254004794
急いで洗濯したい時は？,洗濯機が排水できないというエラーメッセージが表示されたのですが、原因は何でしょうか？自分で解決できる方法はありますか？,0.504620819511259
電気代や水道代を節約できるような省エネ運転モードは搭載されていますか？,「水が出ない」エラーが出ます,0.504612672693043
洗濯の所要時間は？,この洗濯機に最適な洗剤や柔軟剤はありますか？メーカーから推奨されている製品があれば教えてください。,0.5046085554247576
2度洗いは出来ますか？,異音がします。どうしたらよいですか？,0.504594329049783
おすすめのコースを教えて？,ドアが開かないのですが,0.5045466043035767
洗濯の始め方は？,ドアが完全に閉まりません,0.5045384756517692
「洗い」だけ行いたいのですが,洗濯コースの選択肢が画面に表示されないのですが、これはどういう状況ですか？どのように対処すれば良いですか？,0.5045224560777684
子供が誤って操作しないように、チャイルドロックを設定したいのですが、その方法と解除方法を教えてください。,すすぎの設定を変更することは可能ですか？,0.5045216818093228
ドアが開かない原因は？,おすすめの洗剤・柔軟剤はありますか？,0.5045085938003352
すすぎの設定を変更することは可能ですか？,スニーカーは洗える？,0.5044756887153256
洗濯が終わったのにドアがロックされて開かないのですが、これは故障ですか？どのくらい時間が経てば開くようになりますか？,本体の揺れが気になる。,0.5044607959788271
洗濯をスタートする方法を教えて？,省エネ機能はある？,0.5044356486314505
一時停止中にドアは開きますか？,本体が熱くなります,0.5043971706347239
洗濯はせず、衣類を乾燥させる機能だけを使いたいのですが、どのように操作すれば良いですか？,「わが家流」設定って何？,0.5043892774144909
洗剤や柔軟剤を計る手間を省きたいのですが、自動投入機能はどのように設定して使用するのですか？,洗濯中に急な用事ができた場合、途中で運転を一時停止させることはできますか？その操作方法を教えてください。,0.5043822640026117
個別の設定は可能ですか？,おしゃれ着コースはありますか？,0.5043733025690023
自宅にいない時でも、スマートフォンなどを使って洗濯機を遠隔で操作し、洗濯を開始することはできますか？,一時停止中にドアは開きますか？,0.5043620714693922
洗濯の始め方は？,洗濯を開始しようとしてもドラムが回転しないのですが、何が原因として考えられますか？安全装置が作動している可能性はありますか？,0.5043014450627054
洗濯をスタートする方法を教えて？,チャイルドロックはどこで設定する？,0.5043008445233277
ジェット乾燥って何？,洗濯後に衣類が絡まってしまうことが多いのですが、何か絡まりを防ぐための対処法はありますか？,0.5042760859094328
洗濯後、衣類に白い粉状のものが付着しているのですが、何が原因ですか？どのように対処すれば改善されますか？,この洗濯機に最適な洗剤や柔軟剤はありますか？メーカーから推奨されている製品があれば教えてください。,0.5042629930060488
洗濯の始め方は？,手動で洗剤を入れることはできますか？,0.5042204495952577
洗濯ネットは使うべき？,ドアが完全に閉まりません,0.5042010997462653
洗濯機に水が供給されないというエラーが表示されたのですが、どのような原因が考えられますか？自分でできる確認事項はありますか？,洗濯機本体に触れると熱いのですが、これは異常ですか？特に乾燥運転中に熱くなることはありますか？,0.5041764505295068
「わが家流」設定とは何ですか？,洗剤の種類で設定変更は必要？,0.5041382160704933
「洗い」だけ行いたいのですが,最大容量は？,0.5041059036035708
「洗い」だけ行いたいのですが,ドアが開かないのですが,0.5041047580453404
子供が誤って操作しないように、チャイルドロックを設定したいのですが、その方法と解除方法を教えてください。,羽毛布団は洗濯できる？,0.5040995155714033
最適なコースは？,この洗濯機で一度に洗濯できる衣類の最大量と、乾燥できる衣類の最大量はそれぞれ何キログラムですか？,0.504091705055778
洗濯ネットは使うべき？,洗濯の所要時間は？,0.5040510064213684
おすすめのコースを教えて？,この洗濯機に最適な洗剤や柔軟剤はありますか？メーカーから推奨されている製品があれば教えてください。,0.5039370703964757
ジェット乾燥とは何ですか？,洗濯後に衣類が絡まってしまうことが多いのですが、何か絡まりを防ぐための対処法はありますか？,0.5039156117963768
チャイルドロックの設定をしたい,本体がぐらつきます。どうしたら良いですか？,0.5038782249755671
乾燥なしで洗濯するには？,洗濯物の種類によって脱水時間を調整したいのですが、何分まで設定できますか？,0.5038703963322173
おすすめのコースを教えて？,使用する洗剤のブランドや種類を変更した場合、洗濯機側で何か設定を変更する必要はありますか？,0.5038658522227799
おすすめのコースを教えて？,電気代や水道代を節約できるような省エネ運転モードは搭載されていますか？,0.5038300548242803
脱水時間の変更は可能ですか？,遠隔で洗濯を開始できますか？,0.5037887052209432
ドアが開かない原因は？,時間がない時に、短時間で洗濯を済ませられるようなコースはありますか？,0.5037369583563588
洗濯をスタートする方法を教えて？,変な音がするのですが。,0.5037179276485169
ドアが開かない原因は？,設定を工場出荷時に戻せる？,0.5037088452898687
運転終了時にアラームを鳴らさないようにできますか？,一時停止中にドアは開きますか？,0.5037056702627224
洗いのみは可能？,洗濯機の下から水が漏れているのですが、どのような原因が考えられますか？自分で確認できる対処法はありますか？,0.5036991899679909
洗剤の種類によって設定は変わりますか？,本体が熱くなります,0.5036949898315839
洗濯物の種類によって脱水時間を調整したいのですが、何分まで設定できますか？,この洗濯機で靴を洗うことはできますか？もしできない場合、何か代わりの方法はありますか？,0.5036794155001305
手動で個別に設定する事は可能ですか？,デリケートな衣類やおしゃれ着を優しく洗うための専用コースはありますか？,0.5036071648043718
排水エラーが出た。,洗濯時間は何分ですか？,0.5035309663279421
最適なコースは？,洗濯が終わったのにドアがロックされて開かないのですが、これは故障ですか？どのくらい時間が経てば開くようになりますか？,0.5035077247565307
洗濯機が排水できないというエラーメッセージが表示されたのですが、原因は何でしょうか？自分で解決できる方法はありますか？,洗濯時間は何分ですか？,0.503464858702337
洗濯物の絡まりを防ぐには？,洗濯機本体に触れると熱いのですが、これは異常ですか？特に乾燥運転中に熱くなることはありますか？,0.5034070573487235
スチーム機能は何に使うの？,洗濯の所要時間は？,0.5034012666209599
自宅の洗濯機で毛布を洗うことはできますか？もし洗える場合、何か特別な条件やコースがありますか？,洗濯物の絡まりを防ぐには？,0.5033461248022042
自動投入機能はどう使うの？,スチーム機能の使い方を教えて？,0.5033420948456332
「わが家流」設定って何？,おすすめの洗剤・柔軟剤はありますか？,0.5032967330384528
手動で洗剤を入れることはできますか？,洗濯後、衣類に白い粉状のものが付着しているのですが、何が原因ですか？どのように対処すれば改善されますか？,0.50323272761135
洗濯物の種類によって脱水時間を調整したいのですが、何分まで設定できますか？,省エネモードはありますか？,0.5032201868446742
水が出ないエラーが出た。,洗濯時間は何分ですか？,0.5031692828935527
個別の設定は可能ですか？,深夜運転は静か？,0.5031630507146232
羽毛布団を洗濯機で洗いたいのですが、対応していますか？また、洗う際の注意点があれば教えてください。,夜遅い時間帯に洗濯機を運転しても、近隣に迷惑がかからないように静かに運転できるモードはありますか？,0.5031564849097762
洗濯のすすぎ回数を自分の希望に合わせて変更したいのですが、何回から何回まで選べますか？,排水エラーが出た。,0.5031413538281277
洗濯だけする方法を教えて？,脱水時間の調整はできる？,0.503116577377842
洗濯をスタートする方法を教えて？,省エネモードはありますか？,0.5030876299406204
毛布の洗濯は可能？,設定の初期化はできますか？,0.5030694762853646
洗濯後に衣類が絡まってしまうことが多いのですが、何か絡まりを防ぐための対処法はありますか？,この洗濯機で一度に洗濯できる衣類の最大量と、乾燥できる衣類の最大量はそれぞれ何キログラムですか？,0.5030501118010545
再洗はできる？,洗濯中に一時停止は可能？,0.50302433764108
ジェット乾燥機能は、どのような仕組みで乾燥をするのですか？,誤った設定をしてしまったので、洗濯機の設定をすべて初期状態に戻したいのですが、その方法を教えてください。,0.502987062425405
自動投入機能はどう使うの？,脱水時間の変更は可能ですか？,0.5029619979243003
洗濯物の種類や汚れ具合に関わらず、最もおすすめの洗濯コースは何ですか？そのコースではどのような設定が自動で行われますか？,スチーム機能の使い方を教えて？,0.5029335718389869
洗濯の各工程（洗い、すすぎ、脱水、乾燥）について、自分の好みに合わせて時間を設定したり、回数を変更したりすることはできますか？,自宅にいない時でも、スマートフォンなどを使って洗濯機を遠隔で操作し、洗濯を開始することはできますか？,0.5028762292497941
衣類を洗うだけで、乾燥工程は行いたくない場合、どのコースを選択すれば良いですか？,設定を工場出荷時に戻せる？,0.5028240951965192
洗濯物の種類や汚れ具合に関わらず、最もおすすめの洗濯コースは何ですか？そのコースではどのような設定が自動で行われますか？,時間がない時に、短時間で洗濯を済ませられるようなコースはありますか？,0.5028202025401173
ドアが開かないのですが,誤った設定をしてしまったので、洗濯機の設定をすべて初期状態に戻したいのですが、その方法を教えてください。,0.5028173950611012
洗濯が終わったのにドアがロックされて開かないのですが、これは故障ですか？どのくらい時間が経てば開くようになりますか？,「水が出ない」エラーが出ます,0.5028020556414204
チャイルドロックの設定をしたい,「排水できない」エラーが出ます,0.5027816481749012
洗濯ネットは使うべき？,洗濯後、衣類に白い粉状のものが付着しているのですが、何が原因ですか？どのように対処すれば改善されますか？,0.5027399826805883
洗濯機を使い始めるにはどうすればいいですか？　手順を教えて下さい。,乾燥なしで洗濯するには？,0.5027364517433088
「わが家流」設定とは何ですか？,使用する洗剤のブランドや種類を変更した場合、洗濯機側で何か設定を変更する必要はありますか？,0.5027109847492817
再洗はできる？,異音がします。どうしたらよいですか？,0.5026491801211512
この洗濯機で靴を洗うことはできますか？もしできない場合、何か代わりの方法はありますか？,「排水できない」エラーが出ます,0.5026463499918867
「洗い」だけ行いたいのですが,洗濯機に水が供給されないというエラーが表示されたのですが、どのような原因が考えられますか？自分でできる確認事項はありますか？,0.502629569106118
チャイルドロックの設定をしたい,羽毛布団は洗濯できる？,0.5026202585565751
おしゃれ着コースはありますか？,洗濯機の下から水が漏れているのですが、どのような原因が考えられますか？自分で確認できる対処法はありますか？,0.5025957337053146
手動で洗剤を入れることはできますか？,すすぎや脱水はせずに、衣類を「洗い」の工程だけで済ませたいのですが、そのような設定はできますか？,0.502557620346295
デリケートな衣類やおしゃれ着を優しく洗うための専用コースはありますか？,本体が熱くなります,0.5025445390808743
手動で個別に設定する事は可能ですか？,ドアが開かない原因は？,0.5025322097981317
洗濯機を使い始めるにはどうすればいいですか？　手順を教えて下さい。,白い粉が残るのですが。,0.5025319978414287
洗濯物の絡まりを防ぐには？,洗濯と乾燥の最大容量は？,0.5025248241573488
この洗濯機で一度に洗濯できる衣類の最大量と、乾燥できる衣類の最大量はそれぞれ何キログラムですか？,水漏れしています。どうしたらよいですか？,0.5024827767012712
白い粉が残るのですが。,本体が熱い。,0.502459281245369
洗濯物を保護するために、洗濯ネットを使用する必要はありますか？どのような種類の衣類に推奨されますか？,洗濯機が排水できないというエラーメッセージが表示されたのですが、原因は何でしょうか？自分で解決できる方法はありますか？,0.5024004498030599
おすすめのコースを教えて？,羽毛布団は洗濯できる？,0.5023761014429572
スチーム機能は何に使うの？,洗いのみは可能？,0.5022247788348644
洗いのみは可能？,洗濯時間は何分ですか？,0.5022002395145424
自動投入機能を使わずに、自分で洗剤を投入したいのですが、設定を教えてください？,衣類のしわを伸ばしたり、気になるにおいを取り除いたりしたいのですが、スチーム機能はどのように使えば良いですか？,0.5021997676107199
ドアが開かないのですが,洗濯の途中で一時停止できますか？,0.5021868389556807
脱水時間の調整はできる？,電気代や水道代を節約できるような省エネ運転モードは搭載されていますか？,0.5021844810133436
洗濯後、衣類に白い粉状のものが付着しているのですが、何が原因ですか？どのように対処すれば改善されますか？,お急ぎコースはありますか？,0.5021632542008441
自動投入機能を使わずに、自分で洗剤を投入したいのですが、設定を教えてください？,洗濯を開始しようとしてもドラムが回転しないのですが、何が原因として考えられますか？安全装置が作動している可能性はありますか？,0.5021547652010232
一般的な洗濯コースを選んだ場合、洗濯が完了するまでにおよそ何分くらいかかりますか？,本体が熱い。,0.5020600182462625
洗濯物の種類によって脱水時間を調整したいのですが、何分まで設定できますか？,この洗濯機に最適な洗剤や柔軟剤はありますか？メーカーから推奨されている製品があれば教えてください。,0.5020589846872312
ドアが開かない原因は？,自宅にいない時でも、スマートフォンなどを使って洗濯機を遠隔で操作し、洗濯を開始することはできますか？,0.5020561122474985
羽毛布団を洗濯機で洗いたいのですが、対応していますか？また、洗う際の注意点があれば教えてください。,誤った設定をしてしまったので、洗濯機の設定をすべて初期状態に戻したいのですが、その方法を教えてください。,0.5020224582329318
脱水時間の変更は可能ですか？,コースが表示されないのですが,0.5019810050445688
夜遅い時間帯に洗濯機を運転しても、近隣に迷惑がかからないように静かに運転できるモードはありますか？,洗濯機が排水できないというエラーメッセージが表示されたのですが、原因は何でしょうか？自分で解決できる方法はありますか？,0.5019796037313492
洗濯の各工程（洗い、すすぎ、脱水、乾燥）について、自分の好みに合わせて時間を設定したり、回数を変更したりすることはできますか？,衣類のしわを伸ばしたり、気になるにおいを取り除いたりしたいのですが、スチーム機能はどのように使えば良いですか？,0.5019114868662277
手動で個別に設定する事は可能ですか？,洗濯と乾燥の最大容量は？,0.5017576503361925
自動投入機能の使い方を教えて？,おすすめの洗剤・柔軟剤はありますか？,0.5017540507182789
チャイルドロックはどこで設定する？,洗濯ネットは使うべき？,0.5017195983085658
ジェット乾燥って何？,洗濯物の種類によって脱水時間を調整したいのですが、何分まで設定できますか？,0.5017076715411034
洗濯はせず、衣類を乾燥させる機能だけを使いたいのですが、どのように操作すれば良いですか？,頻繁に使う洗濯設定を保存しておきたいのですが、「わが家流」設定とは具体的にどのような機能ですか？,0.5016856410728874
夜遅い時間帯に洗濯機を運転しても、近隣に迷惑がかからないように静かに運転できるモードはありますか？,本体の揺れが気になる。,0.501651700957116
洗濯物が絡まります。どうしたらよいですか？,排水エラーが出た。,0.5016178676773839
時間がない時に、短時間で洗濯を済ませられるようなコースはありますか？,洗濯機本体に触れると熱いのですが、これは異常ですか？特に乾燥運転中に熱くなることはありますか？,0.5015927578955746
ナノイーXとは何ですか？,洗濯後に衣類が絡まってしまうことが多いのですが、何か絡まりを防ぐための対処法はありますか？,0.5015805307149349
洗濯のすすぎ回数を自分の希望に合わせて変更したいのですが、何回から何回まで選べますか？,「わが家流」設定とは何ですか？,0.5015425972772506
洗濯終了時のお知らせ音を鳴らさないようにしたいのですが、その設定はどこで変更できますか？,時間がない時に、短時間で洗濯を済ませられるようなコースはありますか？,0.5014971228326737
ナノイーXとは何ですか？,洗濯を開始しようとしてもドラムが回転しないのですが、何が原因として考えられますか？安全装置が作動している可能性はありますか？,0.5014418984427111
衣類を洗うだけで、乾燥工程は行いたくない場合、どのコースを選択すれば良いですか？,洗濯終了時のお知らせ音を鳴らさないようにしたいのですが、その設定はどこで変更できますか？,0.5013686879450877
深夜に運転しても大丈夫？,洗濯物が絡まります。どうしたらよいですか？,0.5013661110665464
洗濯物の種類や汚れ具合に関わらず、最もおすすめの洗濯コースは何ですか？そのコースではどのような設定が自動で行われますか？,洗濯物が絡まります。どうしたらよいですか？,0.5012627983804716
チャイルドロックはどこで設定する？,洗濯機の下から水が漏れているのですが、どのような原因が考えられますか？自分で確認できる対処法はありますか？,0.5012345007419139
2度洗いは出来ますか？,洗濯中に急な用事ができた場合、途中で運転を一時停止させることはできますか？その操作方法を教えてください。,0.5011934205124794
運転終了時にアラームを鳴らさないようにできますか？,洗濯物に白い粉が残っています。　どうしたらよいですか？,0.501178120680035
ジェット乾燥って何？,すすぎや脱水はせずに、衣類を「洗い」の工程だけで済ませたいのですが、そのような設定はできますか？,0.5011774979557946
個別の設定は可能ですか？,スチーム機能は何に使うの？,0.5011702884371291
個別の設定は可能ですか？,自動投入機能はどう使うの？,0.5011539492610305
ジェット乾燥とは何ですか？,洗濯物の絡まりを防ぐには？,0.5011240934747351
おしゃれ着は洗える？,本体が熱い。,0.5010900887164033
手動で個別に設定する事は可能ですか？,深夜運転は静か？,0.50108614903884
「ふんわりキープ」とはどのような機能ですか？,洗濯後に衣類が絡まってしまうことが多いのですが、何か絡まりを防ぐための対処法はありますか？,0.5010780114672964
乾燥だけで使用出来ますか？,本体が熱い。,0.5010338504824183
洗濯機に水が供給されないというエラーが表示されたのですが、どのような原因が考えられますか？自分でできる確認事項はありますか？,本体が熱くなります,0.5010259457659654
個別の設定は可能ですか？,子供が誤って操作しないように、チャイルドロックを設定したいのですが、その方法と解除方法を教えてください。,0.5010256364667792
ドアが閉まらない時は？,設定の初期化はできますか？,0.5009746288551785
乾燥なしで洗濯するには？,「排水できない」エラーが出ます,0.5009715564659409
洗濯物の絡まりを防ぐには？,予約の仕方は？,0.5009477471542343
すすぎ回数は変えられる？,水が出ないエラーが出た。,0.5009192658507556
乾燥なしで洗濯するには？,一時停止したらドアは開く？,0.5008901007874476
おしゃれ着コースはありますか？,「わが家流」設定って何？,0.5008857218896893
乾燥なしで洗濯するには？,洗濯機本体に触れると熱いのですが、これは異常ですか？特に乾燥運転中に熱くなることはありますか？,0.5008783228945177
ナノイーXの機能は？,洗濯物の絡まりを防ぐには？,0.5008627176900576
洗濯の始め方は？,洗濯機が排水できないというエラーメッセージが表示されたのですが、原因は何でしょうか？自分で解決できる方法はありますか？,0.500840893736469
ふんわりキープの目的は？,洗濯物の絡まりを防ぐには？,0.5008100199013859
スニーカーは洗える？,洗濯時間は何分ですか？,0.500789303839429
お急ぎコースはありますか？,ドアが完全に閉まりません,0.5006957148675001
子供が誤って操作しないように、チャイルドロックを設定したいのですが、その方法と解除方法を教えてください。,洗濯を一時停止した際、追加の衣類を入れるためにドアを開けることは可能ですか？その条件は何ですか？,0.5006957042593689
脱水時間の調整はできる？,終了音を消すには？,0.5006745715420693
再洗はできる？,ドラムが回らない。,0.5006679838212733
洗濯終了時のお知らせ音を鳴らさないようにしたいのですが、その設定はどこで変更できますか？,急いで洗濯したい時は？,0.5006677668704398
洗濯物の絡まりを防ぐには？,洗濯機本体が不安定で揺れるのですが、どうすれば改善できますか？設置状況を確認する必要がありますか？,0.5006614106612028
すすぎの設定を変更することは可能ですか？,「わが家流」設定とは何ですか？,0.5005869473536795
深夜に運転しても大丈夫？,本体がぐらつきます。どうしたら良いですか？,0.5005813826425358
「洗い」だけ行いたいのですが,一時停止中にドアは開きますか？,0.5005343965219883
ナノイーXとは何ですか？,洗濯物を保護するために、洗濯ネットを使用する必要はありますか？どのような種類の衣類に推奨されますか？,0.5005146623232292
ドアが開かない原因は？,「排水できない」エラーが出ます,0.5004805836702335
脱水時間の変更は可能ですか？,洗濯と乾燥の最大容量は？,0.5003422472224704
省エネモードはありますか？,洗濯機に水が供給されないというエラーが表示されたのですが、どのような原因が考えられますか？自分でできる確認事項はありますか？,0.5003396921825166
チャイルドロックはどこで設定する？,水漏れしています。どうしたらよいですか？,0.5003197915983736
おしゃれ着コースはありますか？,誤った設定をしてしまったので、洗濯機の設定をすべて初期状態に戻したいのですが、その方法を教えてください。,0.5001826155838482
一般的な洗濯コースを選んだ場合、洗濯が完了するまでにおよそ何分くらいかかりますか？,設定の初期化はできますか？,0.500129192961724
羽毛布団を洗濯機で洗いたいのですが、対応していますか？また、洗う際の注意点があれば教えてください。,お急ぎコースはありますか？,0.5000801113433723
洗濯の始め方は？,洗濯物の絡まりを防ぐには？,0.5000677320445641
子供が誤って操作しないように、チャイルドロックを設定したいのですが、その方法と解除方法を教えてください。,最大容量は？,0.5000618829858863
ナノイーXの機能は？,終了音を消すには？,0.5000568636516245
子供が誤って操作しないように、チャイルドロックを設定したいのですが、その方法と解除方法を教えてください。,排水エラーが出た。,0.5000135602855729
特に汚れがひどい洗濯物なので、2回続けて洗いたいのですが、そのような設定は可能ですか？,「わが家流」設定とは何ですか？,0.49999173553584936
洗濯の始め方は？,洗濯機の下から水が漏れているのですが、どのような原因が考えられますか？自分で確認できる対処法はありますか？,0.49998442539342125
自動投入機能はどう使うの？,自動投入機能を使わずに、自分で洗剤を投入したいのですが、設定を教えてください？,0.49998027051460303
本体がぐらつきます。どうしたら良いですか？,本体が熱くなります,0.4999744873359473
チャイルドロックはどこで設定する？,「わが家流」設定って何？,0.49997036990123966
羽毛布団を洗濯機で洗いたいのですが、対応していますか？また、洗う際の注意点があれば教えてください。,「わが家流」設定って何？,0.4999700129315445
手動で個別に設定する事は可能ですか？,スチーム機能は何に使うの？,0.4999126243623451
洗濯のすすぎ回数を自分の希望に合わせて変更したいのですが、何回から何回まで選べますか？,「排水できない」エラーが出ます,0.4999107108774079
脱水時間の変更は可能ですか？,ドラムが回らない。,0.49988296735643745
洗濯物の種類によって脱水時間を調整したいのですが、何分まで設定できますか？,頻繁に使う洗濯設定を保存しておきたいのですが、「わが家流」設定とは具体的にどのような機能ですか？,0.49985455201948115
自動投入機能を使わずに、自分で洗剤を投入したいのですが、設定を教えてください？,深夜に運転しても大丈夫？,0.4998050759047767
異音がします。どうしたらよいですか？,洗濯機本体に触れると熱いのですが、これは異常ですか？特に乾燥運転中に熱くなることはありますか？,0.4997613983220145
ナノイーXとは何ですか？,水が出ないエラーが出た。,0.49970859260369604
洗濯機のドアが最後まで閉まらないのですが、何を確認すれば良いですか？,設定を工場出荷時に戻せる？,0.49968006110327723
洗濯物の絡まりを防ぐには？,ドラムが回らない。,0.4996691854546187
特に汚れがひどい洗濯物なので、2回続けて洗いたいのですが、そのような設定は可能ですか？,水が出ないエラーが出た。,0.499645889092164
スチーム機能の使い方を教えて？,本体がぐらつきます。どうしたら良いですか？,0.49962492013637216
衣類のしわを伸ばしたり、気になるにおいを取り除いたりしたいのですが、スチーム機能はどのように使えば良いですか？,ドアが閉まらない時は？,0.4995480763118674
ドアが閉まらない時は？,洗濯機が排水できないというエラーメッセージが表示されたのですが、原因は何でしょうか？自分で解決できる方法はありますか？,0.4995448356728692
「ふんわりキープ」とはどのような機能ですか？,ドアが閉まらない時は？,0.4995395991325721
スチーム機能の使い方を教えて？,誤った設定をしてしまったので、洗濯機の設定をすべて初期状態に戻したいのですが、その方法を教えてください。,0.4995279228585777
深夜に運転しても大丈夫？,異音がします。どうしたらよいですか？,0.49941672433554396
洗剤を手動で投入できますか？,時間がない時に、短時間で洗濯を済ませられるようなコースはありますか？,0.4994125046297564
外出先から洗濯を開始できますか？,洗濯機本体に触れると熱いのですが、これは異常ですか？特に乾燥運転中に熱くなることはありますか？,0.4993880986568337
2度洗いは出来ますか？,水漏れの原因は？,0.49938360373902185
子供が誤って操作しないように、チャイルドロックを設定したいのですが、その方法と解除方法を教えてください。,この洗濯機で一度に洗濯できる衣類の最大量と、乾燥できる衣類の最大量はそれぞれ何キログラムですか？,0.4993678347875673
ナノイーXとは何ですか？,洗濯物の絡まりを防ぐには？,0.4993278937638044
衣類のしわを伸ばしたり、気になるにおいを取り除いたりしたいのですが、スチーム機能はどのように使えば良いですか？,洗濯の途中で一時停止できますか？,0.4992594435043423
乾燥だけで使用出来ますか？,洗濯中に一時停止は可能？,0.49925593831865334
洗濯物を保護するために、洗濯ネットを使用する必要はありますか？どのような種類の衣類に推奨されますか？,最大容量は？,0.49918163952270733
ジェット乾燥って何？,羽毛布団を洗濯機で洗いたいのですが、対応していますか？また、洗う際の注意点があれば教えてください。,0.49916502888514436
デリケートな衣類やおしゃれ着を優しく洗うための専用コースはありますか？,本体が熱い。,0.4991465625515057
運転終了時にアラームを鳴らさないようにできますか？,水漏れの原因は？,0.4991318740090867
脱水時間の変更は可能ですか？,運転終了時にアラームを鳴らさないようにできますか？,0.499071003597763
すすぎや脱水はせずに、衣類を「洗い」の工程だけで済ませたいのですが、そのような設定はできますか？,外出先から洗濯を開始できますか？,0.4990649883998114
おすすめのコースを教えて？,ジェット乾燥って何？,0.4990589021068806
子供が誤って操作しないように、チャイルドロックを設定したいのですが、その方法と解除方法を教えてください。,「わが家流」設定って何？,0.4990185416566538
洗濯のすすぎ回数を自分の希望に合わせて変更したいのですが、何回から何回まで選べますか？,洗濯機本体に触れると熱いのですが、これは異常ですか？特に乾燥運転中に熱くなることはありますか？,0.49899735180892335
衣類のしわを伸ばしたり、気になるにおいを取り除いたりしたいのですが、スチーム機能はどのように使えば良いですか？,洗濯中に通常とは異なる音がするのですが、どのような原因が考えられますか？自分で確認できることはありますか？,0.4989648883321208
手動で個別に設定する事は可能ですか？,洗濯機本体に触れると熱いのですが、これは異常ですか？特に乾燥運転中に熱くなることはありますか？,0.49895766481835746
ふんわりキープとは何ですか？,洗濯物が絡まります。どうしたらよいですか？,0.49893207307392873
洗濯物の種類によって脱水時間を調整したいのですが、何分まで設定できますか？,スニーカーは洗える？,0.49892875307093604
水漏れの原因は？,本体が熱くなります,0.4989116217392423
すすぎの設定を変更することは可能ですか？,頻繁に使う洗濯設定を保存しておきたいのですが、「わが家流」設定とは具体的にどのような機能ですか？,0.4988849993531975
すすぎの設定を変更することは可能ですか？,洗濯ネットは使うべき？,0.49886237504360326
ドアが完全に閉まりません,設定を工場出荷時に戻せる？,0.49885972527501254
最適なコースは？,自動投入機能はどう使うの？,0.498857873328608
手動で個別に設定する事は可能ですか？,衣類のしわを伸ばしたり、気になるにおいを取り除いたりしたいのですが、スチーム機能はどのように使えば良いですか？,0.49880641800205505
ナノイーXの機能は？,「水が出ない」エラーが出ます,0.49878582485875655
洗濯ネットは必要ですか？,洗濯と乾燥の最大容量は？,0.49874155474420684
洗濯をスタートする方法を教えて？,洗いのみは可能？,0.49869747493033856
個別の設定は可能ですか？,洗剤を手動で投入できますか？,0.4986584991967588
「水が出ない」エラーが出ます,洗濯を開始しようとしてもドラムが回転しないのですが、何が原因として考えられますか？安全装置が作動している可能性はありますか？,0.4986130789980521
洗濯機を使い始めるにはどうすればいいですか？　手順を教えて下さい。,誤った設定をしてしまったので、洗濯機の設定をすべて初期状態に戻したいのですが、その方法を教えてください。,0.49861282956663255
スチーム機能の使い方を教えて？,この洗濯機に最適な洗剤や柔軟剤はありますか？メーカーから推奨されている製品があれば教えてください。,0.4985306749548732
洗濯物の種類や汚れ具合に関わらず、最もおすすめの洗濯コースは何ですか？そのコースではどのような設定が自動で行われますか？,「わが家流」設定とは何ですか？,0.4985267190841912
洗濯物の種類によって脱水時間を調整したいのですが、何分まで設定できますか？,外出先から洗濯を開始できますか？,0.4984116246918049
乾燥なしで洗濯するには？,すすぎや脱水はせずに、衣類を「洗い」の工程だけで済ませたいのですが、そのような設定はできますか？,0.4983870110175079
自動投入機能はどう使うの？,設定を工場出荷時に戻せる？,0.4982706400664806
ナノイーXの機能は？,洗濯を開始しようとしてもドラムが回転しないのですが、何が原因として考えられますか？安全装置が作動している可能性はありますか？,0.498252061819099
手動で洗剤を入れることはできますか？,洗濯時間は何分ですか？,0.49824230347100595
個別の設定は可能ですか？,洗濯中に急な用事ができた場合、途中で運転を一時停止させることはできますか？その操作方法を教えてください。,0.4982415003749525
自宅の洗濯機で毛布を洗うことはできますか？もし洗える場合、何か特別な条件やコースがありますか？,「わが家流」設定とは何ですか？,0.49818268373002766
ふんわりキープの目的は？,脱水時間の調整はできる？,0.4981591762696823
洗濯機を使い始めるにはどうすればいいですか？　手順を教えて下さい。,洗濯機が排水できないというエラーメッセージが表示されたのですが、原因は何でしょうか？自分で解決できる方法はありますか？,0.4981405899584076
特に汚れがひどい洗濯物なので、2回続けて洗いたいのですが、そのような設定は可能ですか？,洗濯物が絡まります。どうしたらよいですか？,0.4981332081156342
遠隔で洗濯を開始できますか？,本体が熱い。,0.49807111258628356
毛布は洗えますか？,誤った設定をしてしまったので、洗濯機の設定をすべて初期状態に戻したいのですが、その方法を教えてください。,0.49806069542621717
洗濯物の種類によって脱水時間を調整したいのですが、何分まで設定できますか？,ドラムが回らない。,0.4980461969580949
洗いのみは可能？,水漏れしています。どうしたらよいですか？,0.49803680460897604
「洗い」だけ行いたいのですが,終了音を消すには？,0.49802122358704815
洗濯物の絡まりを防ぐには？,洗濯の開始時刻を事前に設定しておきたいのですが、予約機能はどのように使えば良いですか？,0.498013057360268
洗濯物の絡まりを防ぐには？,変な音がするのですが。,0.4979913695227913
洗濯物が絡まります。どうしたらよいですか？,洗剤の種類で設定変更は必要？,0.49792856469400354
子供が誤って操作しないように、チャイルドロックを設定したいのですが、その方法と解除方法を教えてください。,一時停止したらドアは開く？,0.4978434909973046
「ふんわりキープ」とはどのような機能ですか？,ドアが完全に閉まりません,0.4978430038498086
乾燥だけで使用出来ますか？,本体が熱くなります,0.4978339619285005
白い粉が残るのですが。,洗濯時間は何分ですか？,0.4978337539056056
洗濯中に一時停止は可能？,洗濯後に衣類が絡まってしまうことが多いのですが、何か絡まりを防ぐための対処法はありますか？,0.49782531770250427
ドラムが回らない。,おすすめの洗剤・柔軟剤はありますか？,0.4978212596979572
おしゃれ着は洗える？,洗濯機本体に触れると熱いのですが、これは異常ですか？特に乾燥運転中に熱くなることはありますか？,0.4977966261158261
ジェット乾燥とは何ですか？,洗濯物の種類によって脱水時間を調整したいのですが、何分まで設定できますか？,0.49777577187760813
毛布は洗えますか？,省エネモードはありますか？,0.4977704082416047
手動で洗剤を入れることはできますか？,洗濯の所要時間は？,0.4977301813202921
予約の仕方は？,誤った設定をしてしまったので、洗濯機の設定をすべて初期状態に戻したいのですが、その方法を教えてください。,0.49772818218053605
本体の揺れが気になる。,一般的な洗濯コースを選んだ場合、洗濯が完了するまでにおよそ何分くらいかかりますか？,0.4977103007671855
乾燥なしで洗濯するには？,一時停止中にドアは開きますか？,0.49769388159244254
洗剤を手動で投入できますか？,本体の揺れが気になる。,0.4976862590548402
「わが家流」設定って何？,洗濯機に水が供給されないというエラーが表示されたのですが、どのような原因が考えられますか？自分でできる確認事項はありますか？,0.49767708163503716
すすぎや脱水はせずに、衣類を「洗い」の工程だけで済ませたいのですが、そのような設定はできますか？,深夜運転は静か？,0.49767154571614647
「ふんわりキープ」とはどのような機能ですか？,白い粉が残るのですが。,0.4976553650274408
「洗い」だけ行いたいのですが,洗濯終了時のお知らせ音を鳴らさないようにしたいのですが、その設定はどこで変更できますか？,0.4976274076626178
スチーム機能は何に使うの？,設定を工場出荷時に戻せる？,0.49762575099986667
自宅の洗濯機で毛布を洗うことはできますか？もし洗える場合、何か特別な条件やコースがありますか？,頻繁に使う洗濯設定を保存しておきたいのですが、「わが家流」設定とは具体的にどのような機能ですか？,0.49760614751627436
ナノイーXの機能は？,洗濯物の種類によって脱水時間を調整したいのですが、何分まで設定できますか？,0.4975912915124035
ふんわりキープの目的は？,洗濯後に衣類が絡まってしまうことが多いのですが、何か絡まりを防ぐための対処法はありますか？,0.49757944305799295
おすすめのコースを教えて？,自動投入機能はどう使うの？,0.49743653531109033
ジェット乾燥とは何ですか？,脱水時間の調整はできる？,0.497429887525361
脱水時間の調整はできる？,省エネモードはありますか？,0.49742589044332064
乾燥のみの運転は可能ですか？,洗濯中に一時停止は可能？,0.49741999638366563
毛布の洗濯は可能？,省エネモードはありますか？,0.4974194866649362
「洗い」だけ行いたいのですが,スニーカーは洗える？,0.4974120211014218
洗濯ネットは必要ですか？,一般的な洗濯コースを選んだ場合、洗濯が完了するまでにおよそ何分くらいかかりますか？,0.4971982174475472
毛布は洗えますか？,「水が出ない」エラーが出ます,0.4971696601131267
自動投入機能はどう使うの？,排水エラーが出た。,0.497096438371785
衣類を洗うだけで、乾燥工程は行いたくない場合、どのコースを選択すれば良いですか？,洗濯中に一時停止は可能？,0.4970934979935611
ナノイーX機能について詳しく教えてください。どのような効果があり、どのコースで利用できますか？,洗濯物の種類によって脱水時間を調整したいのですが、何分まで設定できますか？,0.4970872267857519
「洗い」だけ行いたいのですが,この洗濯機で靴を洗うことはできますか？もしできない場合、何か代わりの方法はありますか？,0.4970844867798705
洗濯の始め方は？,すすぎ回数は変えられる？,0.49706046881713195
本体の揺れが気になる。,最大容量は？,0.49697647618673235
深夜に運転しても大丈夫？,洗濯の所要時間は？,0.49694979802073436
脱水時間の変更は可能ですか？,デリケートな衣類やおしゃれ着を優しく洗うための専用コースはありますか？,0.4969465430475015
洗濯の途中で一時停止できますか？,洗濯コースの選択肢が画面に表示されないのですが、これはどういう状況ですか？どのように対処すれば良いですか？,0.4969315935571275
手動で個別に設定する事は可能ですか？,ナノイーX機能について詳しく教えてください。どのような効果があり、どのコースで利用できますか？,0.49690679852997555
終了音を消すには？,洗濯時間は何分ですか？,0.4968859414347299
自動投入機能を使わずに、自分で洗剤を投入したいのですが、設定を教えてください？,お急ぎコースはありますか？,0.49687888425584686
洗濯の途中で一時停止できますか？,洗濯機本体が不安定で揺れるのですが、どうすれば改善できますか？設置状況を確認する必要がありますか？,0.49686498647007254
自動投入機能はどう使うの？,洗濯終了時のお知らせ音を鳴らさないようにしたいのですが、その設定はどこで変更できますか？,0.49680622476858616
チャイルドロックはどこで設定する？,本体の揺れが気になる。,0.4967990791670606
洗濯後に衣類が絡まってしまうことが多いのですが、何か絡まりを防ぐための対処法はありますか？,本体がぐらつきます。どうしたら良いですか？,0.496775065213337
遠隔で洗濯を開始できますか？,洗濯後に衣類が絡まってしまうことが多いのですが、何か絡まりを防ぐための対処法はありますか？,0.4967642408174188
洗濯中に通常とは異なる音がするのですが、どのような原因が考えられますか？自分で確認できることはありますか？,お急ぎコースはありますか？,0.4967328720658454
洗濯ネットは必要ですか？,夜遅い時間帯に洗濯機を運転しても、近隣に迷惑がかからないように静かに運転できるモードはありますか？,0.49671034600847563
衣類を洗うだけで、乾燥工程は行いたくない場合、どのコースを選択すれば良いですか？,水が出ないエラーが出た。,0.4966902583826599
電気代や水道代を節約できるような省エネ運転モードは搭載されていますか？,「わが家流」設定とは何ですか？,0.4966853170675693
洗濯中に急な用事ができた場合、途中で運転を一時停止させることはできますか？その操作方法を教えてください。,「排水できない」エラーが出ます,0.4966514525011607
最適なコースは？,羽毛布団は洗濯できる？,0.4966231902903527
省エネ機能はある？,「水が出ない」エラーが出ます,0.49658229140146226
自動投入機能を使わずに、自分で洗剤を投入したいのですが、設定を教えてください？,洗濯コースの選択肢が画面に表示されないのですが、これはどういう状況ですか？どのように対処すれば良いですか？,0.4965502289831106
洗濯物の種類や汚れ具合に関わらず、最もおすすめの洗濯コースは何ですか？そのコースではどのような設定が自動で行われますか？,省エネモードはありますか？,0.49652713275198046
ナノイーXとは何ですか？,洗濯物の種類によって脱水時間を調整したいのですが、何分まで設定できますか？,0.4965222329700454
おすすめのコースを教えて？,特に汚れがひどい洗濯物なので、2回続けて洗いたいのですが、そのような設定は可能ですか？,0.49651848180372915
夜遅い時間帯に洗濯機を運転しても、近隣に迷惑がかからないように静かに運転できるモードはありますか？,本体が熱い。,0.4964755408867395
特に汚れがひどい洗濯物なので、2回続けて洗いたいのですが、そのような設定は可能ですか？,おしゃれ着コースはありますか？,0.496411503204185
省エネモードはありますか？,本体の揺れが気になる。,0.49632361224225924
特に汚れがひどい洗濯物なので、2回続けて洗いたいのですが、そのような設定は可能ですか？,洗濯終了時のお知らせ音を鳴らさないようにしたいのですが、その設定はどこで変更できますか？,0.49630900366425146
一時停止中にドアは開きますか？,洗濯時間は何分ですか？,0.4962394080951209
白い粉が残るのですが。,お急ぎコースはありますか？,0.4961986876942118
洗濯の始め方は？,最適なコースは？,0.4961539012519191
洗剤を手動で投入できますか？,推奨の洗剤・柔軟剤は？,0.49614467338560325
自動投入機能の使い方を教えて？,脱水時間の調整はできる？,0.4961239116355971
スチーム機能の使い方を教えて？,洗濯が終わったのにドアがロックされて開かないのですが、これは故障ですか？どのくらい時間が経てば開くようになりますか？,0.4961012965545375
衣類のしわを伸ばしたり、気になるにおいを取り除いたりしたいのですが、スチーム機能はどのように使えば良いですか？,洗濯物に白い粉が残っています。　どうしたらよいですか？,0.4960529996986357
洗濯の途中で一時停止できますか？,本体の揺れが気になる。,0.4960452019415767
ナノイーXの機能は？,洗濯機に水が供給されないというエラーが表示されたのですが、どのような原因が考えられますか？自分でできる確認事項はありますか？,0.49604407884723084
最適なコースは？,設定の初期化はできますか？,0.4960243486834019
洗濯機を使い始めるにはどうすればいいですか？　手順を教えて下さい。,設定の初期化はできますか？,0.49598645824643667
洗濯機を使い始めるにはどうすればいいですか？　手順を教えて下さい。,ドアが完全に閉まりません,0.49598550105656747
「排水できない」エラーが出ます,一般的な洗濯コースを選んだ場合、洗濯が完了するまでにおよそ何分くらいかかりますか？,0.49597254323508994
ふんわりキープとは何ですか？,本体が熱い。,0.49595730847800573
おすすめのコースを教えて？,外出先から洗濯を開始できますか？,0.4959488935492787
スチーム機能の使い方を教えて？,洗濯の所要時間は？,0.49581893832124146
個別の設定は可能ですか？,毛布の洗濯は可能？,0.4958066444148024
洗濯物を保護するために、洗濯ネットを使用する必要はありますか？どのような種類の衣類に推奨されますか？,洗濯と乾燥の最大容量は？,0.4957991651938436
洗濯物の種類や汚れ具合に関わらず、最もおすすめの洗濯コースは何ですか？そのコースではどのような設定が自動で行われますか？,設定を工場出荷時に戻せる？,0.4957839536033313
お急ぎコースはありますか？,洗濯機が排水できないというエラーメッセージが表示されたのですが、原因は何でしょうか？自分で解決できる方法はありますか？,0.4957730698980588
チャイルドロックの設定をしたい,この洗濯機で靴を洗うことはできますか？もしできない場合、何か代わりの方法はありますか？,0.49573090521788443
異音がします。どうしたらよいですか？,本体が熱い。,0.495644219584103
洗いのみは可能？,洗濯中に通常とは異なる音がするのですが、どのような原因が考えられますか？自分で確認できることはありますか？,0.49561841545278496
時間がない時に、短時間で洗濯を済ませられるようなコースはありますか？,この洗濯機で一度に洗濯できる衣類の最大量と、乾燥できる衣類の最大量はそれぞれ何キログラムですか？,0.49554549502525713
洗濯中に一時停止は可能？,コースが表示されないのですが,0.49553421641125095
手動で個別に設定する事は可能ですか？,ドアが閉まらない時は？,0.4954512945116063
終了音を消すには？,洗濯の所要時間は？,0.4954447879050009
洗剤を手動で投入できますか？,この洗濯機で靴を洗うことはできますか？もしできない場合、何か代わりの方法はありますか？,0.4953671525010304
洗濯の途中で一時停止できますか？,洗濯後に衣類が絡まってしまうことが多いのですが、何か絡まりを防ぐための対処法はありますか？,0.49532607372134696
ドアが完全に閉まりません,「水が出ない」エラーが出ます,0.49530371161156883
洗濯物が絡まります。どうしたらよいですか？,この洗濯機で一度に洗濯できる衣類の最大量と、乾燥できる衣類の最大量はそれぞれ何キログラムですか？,0.4952829703110314
洗濯の各工程（洗い、すすぎ、脱水、乾燥）について、自分の好みに合わせて時間を設定したり、回数を変更したりすることはできますか？,手動で洗剤を入れることはできますか？,0.4952597426602976
脱水時間の調整はできる？,おしゃれ着は洗える？,0.49516229553873403
運転終了時にアラームを鳴らさないようにできますか？,洗濯時間は何分ですか？,0.4951400742205534
水漏れしています。どうしたらよいですか？,本体が熱くなります,0.495119967363594
手動で洗剤を入れることはできますか？,夜遅い時間帯に洗濯機を運転しても、近隣に迷惑がかからないように静かに運転できるモードはありますか？,0.495119948462994
洗濯の始め方は？,終了音を消すには？,0.49508842719470314
スチーム機能は何に使うの？,洗濯時間は何分ですか？,0.49508051244201057
ナノイーXとは何ですか？,おすすめの洗剤・柔軟剤はありますか？,0.49505687549792854
自動投入機能はどう使うの？,設定の初期化はできますか？,0.4950412888045592
洗濯機本体が不安定で揺れるのですが、どうすれば改善できますか？設置状況を確認する必要がありますか？,誤った設定をしてしまったので、洗濯機の設定をすべて初期状態に戻したいのですが、その方法を教えてください。,0.495037537791519
「水が出ない」エラーが出ます,本体が熱い。,0.49501704994405005
自動投入機能の使い方を教えて？,自動投入機能を使わずに、自分で洗剤を投入したいのですが、設定を教えてください？,0.49497756638623436
衣類のしわを伸ばしたり、気になるにおいを取り除いたりしたいのですが、スチーム機能はどのように使えば良いですか？,洗濯物が絡まります。どうしたらよいですか？,0.494955745751673
個別の設定は可能ですか？,自動投入機能を使わずに、自分で洗剤を投入したいのですが、設定を教えてください？,0.4948886638154609
おすすめのコースを教えて？,洗濯物の絡まりを防ぐには？,0.4948854056072951
洗濯の始め方は？,乾燥なしで洗濯するには？,0.4948747132586775
最適なコースは？,ドラムが動きません,0.49484970701716624
すすぎの設定を変更することは可能ですか？,排水エラーが出た。,0.4948427317760561
ジェット乾燥って何？,洗濯後、衣類に白い粉状のものが付着しているのですが、何が原因ですか？どのように対処すれば改善されますか？,0.49481187656946163
洗剤を手動で投入できますか？,ドアが開かないのですが,0.4948096073070687
洗濯物に白い粉が残っています。　どうしたらよいですか？,本体が熱くなります,0.49478557997781725
夜遅い時間帯に洗濯機を運転しても、近隣に迷惑がかからないように静かに運転できるモードはありますか？,本体が熱くなります,0.4947672700852532
脱水時間の調整はできる？,使用する洗剤のブランドや種類を変更した場合、洗濯機側で何か設定を変更する必要はありますか？,0.4947319414584653
省エネ機能はある？,水漏れの原因は？,0.4947056376459601
洗濯ネットは使うべき？,洗濯時間は何分ですか？,0.4946456435729445
子供が誤って操作しないように、チャイルドロックを設定したいのですが、その方法と解除方法を教えてください。,洗濯後に衣類が絡まってしまうことが多いのですが、何か絡まりを防ぐための対処法はありますか？,0.4946314493757965
個別の設定は可能ですか？,スチーム機能の使い方を教えて？,0.49462990094191245
再洗はできる？,洗濯を開始しようとしてもドラムが回転しないのですが、何が原因として考えられますか？安全装置が作動している可能性はありますか？,0.49456721167394413
夜遅い時間帯に洗濯機を運転しても、近隣に迷惑がかからないように静かに運転できるモードはありますか？,おすすめの洗剤・柔軟剤はありますか？,0.49454569339135324
洗濯物を保護するために、洗濯ネットを使用する必要はありますか？どのような種類の衣類に推奨されますか？,水が出ないエラーが出た。,0.4945369735282953
洗濯物の種類や汚れ具合に関わらず、最もおすすめの洗濯コースは何ですか？そのコースではどのような設定が自動で行われますか？,外出先から洗濯を開始できますか？,0.4945167263907641
スチーム機能は何に使うの？,おすすめの洗剤・柔軟剤はありますか？,0.49450160606614657
洗濯機を使い始めるにはどうすればいいですか？　手順を教えて下さい。,最適なコースは？,0.49440886314225985
ふんわりキープの目的は？,洗濯中に急な用事ができた場合、途中で運転を一時停止させることはできますか？その操作方法を教えてください。,0.49434490541677734
外出先から洗濯を開始できますか？,洗濯物が絡まります。どうしたらよいですか？,0.49433237573456057
脱水時間の調整はできる？,運転終了時にアラームを鳴らさないようにできますか？,0.49433059278697095
頻繁に使う洗濯設定を保存しておきたいのですが、「わが家流」設定とは具体的にどのような機能ですか？,この洗濯機に最適な洗剤や柔軟剤はありますか？メーカーから推奨されている製品があれば教えてください。,0.4943076318117884
すすぎの設定を変更することは可能ですか？,本体がぐらつきます。どうしたら良いですか？,0.49427597812020896
洗濯物が絡まります。どうしたらよいですか？,洗濯後、衣類に白い粉状のものが付着しているのですが、何が原因ですか？どのように対処すれば改善されますか？,0.49427021847786157
個別の設定は可能ですか？,デリケートな衣類やおしゃれ着を優しく洗うための専用コースはありますか？,0.49426804121793244
自動投入機能の使い方を教えて？,洗濯物が絡まります。どうしたらよいですか？,0.49425049746066063
運転終了時にアラームを鳴らさないようにできますか？,洗濯が終わったのにドアがロックされて開かないのですが、これは故障ですか？どのくらい時間が経てば開くようになりますか？,0.49420612015193116
衣類を洗うだけで、乾燥工程は行いたくない場合、どのコースを選択すれば良いですか？,頻繁に使う洗濯設定を保存しておきたいのですが、「わが家流」設定とは具体的にどのような機能ですか？,0.4941625608450728
「洗い」だけ行いたいのですが,自宅にいない時でも、スマートフォンなどを使って洗濯機を遠隔で操作し、洗濯を開始することはできますか？,0.49412984226118284
子供が誤って操作しないように、チャイルドロックを設定したいのですが、その方法と解除方法を教えてください。,ふんわりキープの目的は？,0.4941245587162256
洗濯ネットは使うべき？,設定を工場出荷時に戻せる？,0.49410922269824464
洗濯後に衣類が絡まってしまうことが多いのですが、何か絡まりを防ぐための対処法はありますか？,設定の初期化はできますか？,0.49410411478324745
洗濯物の種類や汚れ具合に関わらず、最もおすすめの洗濯コースは何ですか？そのコースではどのような設定が自動で行われますか？,誤った設定をしてしまったので、洗濯機の設定をすべて初期状態に戻したいのですが、その方法を教えてください。,0.4940906519294118
ジェット乾燥って何？,終了音を消すには？,0.4940831334375203
洗濯を一時停止した際、追加の衣類を入れるためにドアを開けることは可能ですか？その条件は何ですか？,洗濯時間は何分ですか？,0.4940764619843448
外出先から洗濯を開始できますか？,洗濯中に一時停止は可能？,0.4940664025804892
自動投入機能を使わずに、自分で洗剤を投入したいのですが、設定を教えてください？,推奨の洗剤・柔軟剤は？,0.4940359383106576
洗濯の始め方は？,推奨の洗剤・柔軟剤は？,0.4940326014753781
スチーム機能は何に使うの？,洗濯後に衣類が絡まってしまうことが多いのですが、何か絡まりを防ぐための対処法はありますか？,0.4940268981741901
洗濯物の種類によって脱水時間を調整したいのですが、何分まで設定できますか？,洗濯物を保護するために、洗濯ネットを使用する必要はありますか？どのような種類の衣類に推奨されますか？,0.4940205995424277
洗濯コースの選択肢が画面に表示されないのですが、これはどういう状況ですか？どのように対処すれば良いですか？,本体が熱い。,0.49395425869007037
ジェット乾燥とは何ですか？,運転終了時にアラームを鳴らさないようにできますか？,0.4939250888937283
この洗濯機で一度に洗濯できる衣類の最大量と、乾燥できる衣類の最大量はそれぞれ何キログラムですか？,設定の初期化はできますか？,0.4939136274843007
洗濯物の種類によって脱水時間を調整したいのですが、何分まで設定できますか？,設定の初期化はできますか？,0.4939096500949863
ドアが完全に閉まりません,本体がぐらつきます。どうしたら良いですか？,0.4938898210505072
遠隔で洗濯を開始できますか？,頻繁に使う洗濯設定を保存しておきたいのですが、「わが家流」設定とは具体的にどのような機能ですか？,0.49387719349623915
洗濯中に通常とは異なる音がするのですが、どのような原因が考えられますか？自分で確認できることはありますか？,「わが家流」設定って何？,0.49385081117068985
一時停止したらドアは開く？,洗濯機本体に触れると熱いのですが、これは異常ですか？特に乾燥運転中に熱くなることはありますか？,0.4938489695354453
再洗はできる？,ドアが閉まらない時は？,0.49383382706432016
ジェット乾燥機能は、どのような仕組みで乾燥をするのですか？,省エネ機能はある？,0.49382268748410896
洗濯ネットは使うべき？,夜遅い時間帯に洗濯機を運転しても、近隣に迷惑がかからないように静かに運転できるモードはありますか？,0.49382069856862837
最適なコースは？,特に汚れがひどい洗濯物なので、2回続けて洗いたいのですが、そのような設定は可能ですか？,0.4938019387448932
洗濯の各工程（洗い、すすぎ、脱水、乾燥）について、自分の好みに合わせて時間を設定したり、回数を変更したりすることはできますか？,この洗濯機で一度に洗濯できる衣類の最大量と、乾燥できる衣類の最大量はそれぞれ何キログラムですか？,0.4937754641002424
洗剤や柔軟剤を計る手間を省きたいのですが、自動投入機能はどのように設定して使用するのですか？,排水エラーが出た。,0.4937569920540531
洗濯物が絡まります。どうしたらよいですか？,急いで洗濯したい時は？,0.4937297955221912
洗濯を一時停止した際、追加の衣類を入れるためにドアを開けることは可能ですか？その条件は何ですか？,洗濯の所要時間は？,0.493689458020791
子供が誤って操作しないように、チャイルドロックを設定したいのですが、その方法と解除方法を教えてください。,おすすめの洗剤・柔軟剤はありますか？,0.49367788865331874
2度洗いは出来ますか？,洗濯物が絡まります。どうしたらよいですか？,0.49366834410782945
自宅にいない時でも、スマートフォンなどを使って洗濯機を遠隔で操作し、洗濯を開始することはできますか？,頻繁に使う洗濯設定を保存しておきたいのですが、「わが家流」設定とは具体的にどのような機能ですか？,0.4936446775121476
ジェット乾燥機能は、どのような仕組みで乾燥をするのですか？,省エネモードはありますか？,0.49364257404437023
ドアが開かない原因は？,水が出ないエラーが出た。,0.4935854099021716
最適なコースは？,この洗濯機に最適な洗剤や柔軟剤はありますか？メーカーから推奨されている製品があれば教えてください。,0.49346695579849154
洗濯をスタートする方法を教えて？,洗濯後、衣類に白い粉状のものが付着しているのですが、何が原因ですか？どのように対処すれば改善されますか？,0.49344209159409314
脱水時間の変更は可能ですか？,洗濯終了時のお知らせ音を鳴らさないようにしたいのですが、その設定はどこで変更できますか？,0.49342971059249136
脱水時間の変更は可能ですか？,コースが表示されない。,0.49338794311785433
深夜に運転しても大丈夫？,洗濯機が排水できないというエラーメッセージが表示されたのですが、原因は何でしょうか？自分で解決できる方法はありますか？,0.49337803223057597
洗濯終了時のお知らせ音を鳴らさないようにしたいのですが、その設定はどこで変更できますか？,水漏れの原因は？,0.4933216302862877
チャイルドロックの設定をしたい,時間がない時に、短時間で洗濯を済ませられるようなコースはありますか？,0.4933087491765108
最適なコースは？,ドアが完全に閉まりません,0.4932044003402417
洗濯物を保護するために、洗濯ネットを使用する必要はありますか？どのような種類の衣類に推奨されますか？,洗濯物の絡まりを防ぐには？,0.49316849834163456
毛布の洗濯は可能？,設定を工場出荷時に戻せる？,0.4930876413142212
「洗い」だけ行いたいのですが,一般的な洗濯コースを選んだ場合、洗濯が完了するまでにおよそ何分くらいかかりますか？,0.4930809517383665
ふんわりキープの目的は？,本体が熱くなります,0.4930322695247902
自宅にいない時でも、スマートフォンなどを使って洗濯機を遠隔で操作し、洗濯を開始することはできますか？,一時停止したらドアは開く？,0.493022892034954
洗濯の始め方は？,洗濯物の種類や汚れ具合に関わらず、最もおすすめの洗濯コースは何ですか？そのコースではどのような設定が自動で行われますか？,0.49301319902142565
チャイルドロックの設定をしたい,洗濯と乾燥の最大容量は？,0.4930045033857918
衣類のしわを伸ばしたり、気になるにおいを取り除いたりしたいのですが、スチーム機能はどのように使えば良いですか？,洗濯ネットは使うべき？,0.49299829764130193
時間がない時に、短時間で洗濯を済ませられるようなコースはありますか？,誤った設定をしてしまったので、洗濯機の設定をすべて初期状態に戻したいのですが、その方法を教えてください。,0.492988470413773
靴は洗えますか？,設定を工場出荷時に戻せる？,0.49283512305799637
省エネモードはありますか？,洗濯機本体が不安定で揺れるのですが、どうすれば改善できますか？設置状況を確認する必要がありますか？,0.4928328435102134
「洗い」だけ行いたいのですが,夜遅い時間帯に洗濯機を運転しても、近隣に迷惑がかからないように静かに運転できるモードはありますか？,0.4927408887058795
すすぎの設定を変更することは可能ですか？,「排水できない」エラーが出ます,0.49272265097274837
一時停止したらドアは開く？,最大容量は？,0.4927215313661433
時間がない時に、短時間で洗濯を済ませられるようなコースはありますか？,本体が熱くなります,0.4927086687184008
子供が誤って操作しないように、チャイルドロックを設定したいのですが、その方法と解除方法を教えてください。,スチーム機能は何に使うの？,0.49270061503008433
自宅にいない時でも、スマートフォンなどを使って洗濯機を遠隔で操作し、洗濯を開始することはできますか？,洗濯中に通常とは異なる音がするのですが、どのような原因が考えられますか？自分で確認できることはありますか？,0.4926826457575264
洗濯の始め方は？,洗いのみは可能？,0.49268146131232576
ナノイーXの機能は？,すすぎの設定を変更することは可能ですか？,0.49264822906847316
再洗はできる？,脱水時間の変更は可能ですか？,0.492621821697099
洗濯の途中で一時停止できますか？,水が出ないエラーが出た。,0.4926163751570592
洗濯中に一時停止は可能？,洗濯コースの選択肢が画面に表示されないのですが、これはどういう状況ですか？どのように対処すれば良いですか？,0.49259315183583074
洗濯のすすぎ回数を自分の希望に合わせて変更したいのですが、何回から何回まで選べますか？,洗濯中に急な用事ができた場合、途中で運転を一時停止させることはできますか？その操作方法を教えてください。,0.49254341018200076
羽毛布団を洗濯機で洗いたいのですが、対応していますか？また、洗う際の注意点があれば教えてください。,省エネ機能はある？,0.4924767957475653
スチーム機能の使い方を教えて？,白い粉が残るのですが。,0.4924663908213299
特に汚れがひどい洗濯物なので、2回続けて洗いたいのですが、そのような設定は可能ですか？,この洗濯機で一度に洗濯できる衣類の最大量と、乾燥できる衣類の最大量はそれぞれ何キログラムですか？,0.49246151578125263
洗濯中に急な用事ができた場合、途中で運転を一時停止させることはできますか？その操作方法を教えてください。,水が出ないエラーが出た。,0.4924272798623021
洗濯時間は何分ですか？,設定の初期化はできますか？,0.4923969360096946
一時停止したらドアは開く？,この洗濯機で靴を洗うことはできますか？もしできない場合、何か代わりの方法はありますか？,0.49234417483616466
自動投入機能を使わずに、自分で洗剤を投入したいのですが、設定を教えてください？,水漏れの原因は？,0.49230178860328283
スチーム機能は何に使うの？,洗濯機のドアが最後まで閉まらないのですが、何を確認すれば良いですか？,0.49225959930730806
終了音を消すには？,水漏れの原因は？,0.49221678994157525
洗濯の各工程（洗い、すすぎ、脱水、乾燥）について、自分の好みに合わせて時間を設定したり、回数を変更したりすることはできますか？,チャイルドロックはどこで設定する？,0.49221180064390224
「わが家流」設定って何？,洗濯後、衣類に白い粉状のものが付着しているのですが、何が原因ですか？どのように対処すれば改善されますか？,0.49220442814034077
スニーカーは洗える？,本体が熱い。,0.49218923104385404
ふんわりキープとは何ですか？,ドアが閉まらない時は？,0.49216612644254887
すすぎや脱水はせずに、衣類を「洗い」の工程だけで済ませたいのですが、そのような設定はできますか？,洗濯物が絡まります。どうしたらよいですか？,0.49213887546751167
スチーム機能の使い方を教えて？,設定の初期化はできますか？,0.49209903196545607
すすぎや脱水はせずに、衣類を「洗い」の工程だけで済ませたいのですが、そのような設定はできますか？,時間がない時に、短時間で洗濯を済ませられるようなコースはありますか？,0.4920915746722955
最適なコースは？,ドラムが回らない。,0.4920509589735169
ジェット乾燥とは何ですか？,水が出ないエラーが出た。,0.4919868717323772
2度洗いは出来ますか？,洗濯の途中で一時停止できますか？,0.4919753544496319
自動投入機能の使い方を教えて？,洗剤を手動で投入できますか？,0.4919669611157634
子供が誤って操作しないように、チャイルドロックを設定したいのですが、その方法と解除方法を教えてください。,洗濯と乾燥の最大容量は？,0.4919251737637159
自動投入機能を使わずに、自分で洗剤を投入したいのですが、設定を教えてください？,ドアが閉まらない時は？,0.4919206356553708
スチーム機能の使い方を教えて？,洗濯コースの選択肢が画面に表示されないのですが、これはどういう状況ですか？どのように対処すれば良いですか？,0.49189892808252733
個別の設定は可能ですか？,洗濯と乾燥の最大容量は？,0.49187856240066086
衣類のしわを伸ばしたり、気になるにおいを取り除いたりしたいのですが、スチーム機能はどのように使えば良いですか？,洗濯後、衣類に白い粉状のものが付着しているのですが、何が原因ですか？どのように対処すれば改善されますか？,0.4918704032368044
洗濯物の種類や汚れ具合に関わらず、最もおすすめの洗濯コースは何ですか？そのコースではどのような設定が自動で行われますか？,洗剤を手動で投入できますか？,0.4917950095939686
洗濯をスタートする方法を教えて？,「水が出ない」エラーが出ます,0.49173783373533464
洗濯の始め方は？,洗濯時間は何分ですか？,0.4917096163442705
乾燥のみの運転は可能ですか？,「水が出ない」エラーが出ます,0.49169200320709466
特に汚れがひどい洗濯物なので、2回続けて洗いたいのですが、そのような設定は可能ですか？,洗濯中に急な用事ができた場合、途中で運転を一時停止させることはできますか？その操作方法を教えてください。,0.4916275710969561
省エネモードはありますか？,水漏れしています。どうしたらよいですか？,0.49160033938972303
洗濯ネットは使うべき？,水が出ないエラーが出た。,0.4915990327415142
スチーム機能の使い方を教えて？,洗濯機のドアが最後まで閉まらないのですが、何を確認すれば良いですか？,0.4915973277764619
電気代や水道代を節約できるような省エネ運転モードは搭載されていますか？,水漏れの原因は？,0.4915870526828912
遠隔で洗濯を開始できますか？,洗濯中に一時停止は可能？,0.49156370544950556
ナノイーXの機能は？,洗濯後に衣類が絡まってしまうことが多いのですが、何か絡まりを防ぐための対処法はありますか？,0.49150206820406017
ナノイーXの機能は？,洗濯物を保護するために、洗濯ネットを使用する必要はありますか？どのような種類の衣類に推奨されますか？,0.49148885544827164
一時停止したらドアは開く？,洗濯の所要時間は？,0.49148030650226787
洗濯と乾燥の最大容量は？,洗濯機の下から水が漏れているのですが、どのような原因が考えられますか？自分で確認できる対処法はありますか？,0.49143393039189165
ジェット乾燥とは何ですか？,洗濯物が絡まります。どうしたらよいですか？,0.4914280196798694
再洗はできる？,最大容量は？,0.4914219664955825
ふんわりキープとは何ですか？,洗濯の途中で一時停止できますか？,0.49141118785940197
洗濯の各工程（洗い、すすぎ、脱水、乾燥）について、自分の好みに合わせて時間を設定したり、回数を変更したりすることはできますか？,靴は洗えますか？,0.4913302510079419
羽毛布団を洗濯機で洗いたいのですが、対応していますか？また、洗う際の注意点があれば教えてください。,省エネモードはありますか？,0.49131471339169003
靴は洗えますか？,誤った設定をしてしまったので、洗濯機の設定をすべて初期状態に戻したいのですが、その方法を教えてください。,0.49129870532817665
洗剤を手動で投入できますか？,スチーム機能の使い方を教えて？,0.4912971548753253
ふんわりキープとは何ですか？,脱水時間の調整はできる？,0.4912879935667781
洗濯物の種類や汚れ具合に関わらず、最もおすすめの洗濯コースは何ですか？そのコースではどのような設定が自動で行われますか？,ドラムが動きません,0.4912016078989268
おすすめのコースを教えて？,洗濯と乾燥の最大容量は？,0.49117554148597004
洗濯が終わったのにドアがロックされて開かないのですが、これは故障ですか？どのくらい時間が経てば開くようになりますか？,設定の初期化はできますか？,0.49117249314426364
深夜に運転しても大丈夫？,一般的な洗濯コースを選んだ場合、洗濯が完了するまでにおよそ何分くらいかかりますか？,0.4911627687234248
子供が誤って操作しないように、チャイルドロックを設定したいのですが、その方法と解除方法を教えてください。,洗濯ネットは使うべき？,0.49115955424987123
再洗はできる？,洗濯物が絡まります。どうしたらよいですか？,0.49113072359183907
ナノイーX機能について詳しく教えてください。どのような効果があり、どのコースで利用できますか？,すすぎの設定を変更することは可能ですか？,0.49109613223589543
洗濯の途中で一時停止できますか？,「水が出ない」エラーが出ます,0.4910663805216139
チャイルドロックはどこで設定する？,脱水時間の変更は可能ですか？,0.491053790353348
深夜に運転しても大丈夫？,ドラムが動きません,0.4910066203573725
毛布は洗えますか？,水漏れしています。どうしたらよいですか？,0.49096529942733447
すすぎや脱水はせずに、衣類を「洗い」の工程だけで済ませたいのですが、そのような設定はできますか？,洗濯中に急な用事ができた場合、途中で運転を一時停止させることはできますか？その操作方法を教えてください。,0.49091605921994497
洗濯をスタートする方法を教えて？,洗濯が終わったのにドアがロックされて開かないのですが、これは故障ですか？どのくらい時間が経てば開くようになりますか？,0.49090883158187765
洗濯中に急な用事ができた場合、途中で運転を一時停止させることはできますか？その操作方法を教えてください。,推奨の洗剤・柔軟剤は？,0.4909026703550974
本体の揺れが気になる。,洗濯と乾燥の最大容量は？,0.49081069728210447
水が出ないエラーが出た。,洗濯の所要時間は？,0.49075940587396183
ジェット乾燥機能は、どのような仕組みで乾燥をするのですか？,電気代や水道代を節約できるような省エネ運転モードは搭載されていますか？,0.4907276360818237
子供が誤って操作しないように、チャイルドロックを設定したいのですが、その方法と解除方法を教えてください。,一時停止中にドアは開きますか？,0.4907166979738866
「わが家流」設定とは何ですか？,水漏れしています。どうしたらよいですか？,0.49068961955788926
衣類を洗うだけで、乾燥工程は行いたくない場合、どのコースを選択すれば良いですか？,洗濯の途中で一時停止できますか？,0.4906850301822878
ふんわりキープの目的は？,誤った設定をしてしまったので、洗濯機の設定をすべて初期状態に戻したいのですが、その方法を教えてください。,0.4906788938822221
子供が誤って操作しないように、チャイルドロックを設定したいのですが、その方法と解除方法を教えてください。,設定を工場出荷時に戻せる？,0.49061427436812
「水が出ない」エラーが出ます,洗濯時間は何分ですか？,0.4905987367310483
洗濯のすすぎ回数を自分の希望に合わせて変更したいのですが、何回から何回まで選べますか？,急いで洗濯したい時は？,0.49059723486826734
自動投入機能はどう使うの？,誤った設定をしてしまったので、洗濯機の設定をすべて初期状態に戻したいのですが、その方法を教えてください。,0.49058428878885885
終了音を消すには？,洗濯機が排水できないというエラーメッセージが表示されたのですが、原因は何でしょうか？自分で解決できる方法はありますか？,0.4905633860605846
自動投入機能を使わずに、自分で洗剤を投入したいのですが、設定を教えてください？,深夜運転は静か？,0.49054386589966553
個別の設定は可能ですか？,洗濯機本体に触れると熱いのですが、これは異常ですか？特に乾燥運転中に熱くなることはありますか？,0.4905354525168223
「ふんわりキープ」とはどのような機能ですか？,洗濯物の種類によって脱水時間を調整したいのですが、何分まで設定できますか？,0.49052798959673505
洗濯をスタートする方法を教えて？,個別の設定は可能ですか？,0.4904230482779437
スチーム機能は何に使うの？,洗濯物に白い粉が残っています。　どうしたらよいですか？,0.49040601083231694
毛布の洗濯は可能？,洗濯物の絡まりを防ぐには？,0.49039534195995454
洗濯物が絡まります。どうしたらよいですか？,洗濯機本体に触れると熱いのですが、これは異常ですか？特に乾燥運転中に熱くなることはありますか？,0.49034028033583077
自宅にいない時でも、スマートフォンなどを使って洗濯機を遠隔で操作し、洗濯を開始することはできますか？,洗濯物の絡まりを防ぐには？,0.490339570310227
チャイルドロックの設定をしたい,洗濯ネットは必要ですか？,0.490307907257274
洗濯中に一時停止は可能？,水漏れの原因は？,0.4902755904721451
ジェット乾燥とは何ですか？,洗濯中に急な用事ができた場合、途中で運転を一時停止させることはできますか？その操作方法を教えてください。,0.49022858805020225
洗濯ネットは使うべき？,洗濯機本体に触れると熱いのですが、これは異常ですか？特に乾燥運転中に熱くなることはありますか？,0.4902274346137611
手動で洗剤を入れることはできますか？,白い粉が残るのですが。,0.49015840123263654
洗濯ネットは使うべき？,ドアが閉まらない時は？,0.49012268694623906
一時停止中にドアは開きますか？,お急ぎコースはありますか？,0.490103039599156
脱水時間の変更は可能ですか？,自宅の洗濯機で毛布を洗うことはできますか？もし洗える場合、何か特別な条件やコースがありますか？,0.49003611731024177
洗濯の始め方は？,運転終了時にアラームを鳴らさないようにできますか？,0.4900341894184109
自宅にいない時でも、スマートフォンなどを使って洗濯機を遠隔で操作し、洗濯を開始することはできますか？,洗濯機に水が供給されないというエラーが表示されたのですが、どのような原因が考えられますか？自分でできる確認事項はありますか？,0.49003011974298544
ジェット乾燥って何？,洗濯機の下から水が漏れているのですが、どのような原因が考えられますか？自分で確認できる対処法はありますか？,0.4899857906735603
手動で個別に設定する事は可能ですか？,洗濯物を保護するために、洗濯ネットを使用する必要はありますか？どのような種類の衣類に推奨されますか？,0.48998376425884327
個別の設定は可能ですか？,ドアが閉まらない時は？,0.4899685012512329
水が出ないエラーが出た。,本体が熱くなります,0.4899262453576519
洗濯後に衣類が絡まってしまうことが多いのですが、何か絡まりを防ぐための対処法はありますか？,白い粉が残るのですが。,0.4899199732149368
「洗い」だけ行いたいのですが,この洗濯機に最適な洗剤や柔軟剤はありますか？メーカーから推奨されている製品があれば教えてください。,0.4898896276629082
チャイルドロックはどこで設定する？,洗濯機に水が供給されないというエラーが表示されたのですが、どのような原因が考えられますか？自分でできる確認事項はありますか？,0.4897620763419541
洗濯の始め方は？,洗剤の種類によって設定は変わりますか？,0.48976112376003816
洗濯を一時停止した際、追加の衣類を入れるためにドアを開けることは可能ですか？その条件は何ですか？,急いで洗濯したい時は？,0.48971226144987384
洗濯機を使い始めるにはどうすればいいですか？　手順を教えて下さい。,洗濯終了時のお知らせ音を鳴らさないようにしたいのですが、その設定はどこで変更できますか？,0.4896706102072853
「ふんわりキープ」とはどのような機能ですか？,設定の初期化はできますか？,0.48966962082793775
2度洗いは出来ますか？,ドアが開かない原因は？,0.4896270107344188
コースが表示されない。,洗濯機本体に触れると熱いのですが、これは異常ですか？特に乾燥運転中に熱くなることはありますか？,0.48960349698107253
排水エラーが出た。,設定を工場出荷時に戻せる？,0.489575979197575
ジェット乾燥とは何ですか？,洗濯の途中で一時停止できますか？,0.48955304349709694
脱水時間の調整はできる？,羽毛布団は洗えますか？,0.4895043269767596
チャイルドロックはどこで設定する？,白い粉が残るのですが。,0.4895033335831035
一時停止したらドアは開く？,洗濯時間は何分ですか？,0.48946727700135406
すすぎの設定を変更することは可能ですか？,洗濯物の絡まりを防ぐには？,0.4894400159140181
夜遅い時間帯に洗濯機を運転しても、近隣に迷惑がかからないように静かに運転できるモードはありますか？,「排水できない」エラーが出ます,0.48942116222399273
「洗い」だけ行いたいのですが,お急ぎコースはありますか？,0.48938777542168266
洗濯の途中で一時停止できますか？,洗濯の開始時刻を事前に設定しておきたいのですが、予約機能はどのように使えば良いですか？,0.48929927116217203
この洗濯機で靴を洗うことはできますか？もしできない場合、何か代わりの方法はありますか？,排水エラーが出た。,0.4892945877482464
洗いのみは可能？,異音がします。どうしたらよいですか？,0.48929353962892097
水漏れしています。どうしたらよいですか？,本体が熱い。,0.4892921612201063
予約の仕方は？,本体が熱い。,0.4892886744635926
水が出ないエラーが出た。,予約の仕方は？,0.4892579902564128
ナノイーXの機能は？,水が出ないエラーが出た。,0.4891599053014268
洗濯機が排水できないというエラーメッセージが表示されたのですが、原因は何でしょうか？自分で解決できる方法はありますか？,洗濯の所要時間は？,0.48915943379169324
自動投入機能を使わずに、自分で洗剤を投入したいのですが、設定を教えてください？,洗濯機が排水できないというエラーメッセージが表示されたのですが、原因は何でしょうか？自分で解決できる方法はありますか？,0.48912339348714173
2度洗いは出来ますか？,洗濯機に水が供給されないというエラーが表示されたのですが、どのような原因が考えられますか？自分でできる確認事項はありますか？,0.4890443641707861
洗濯ネットは使うべき？,洗濯と乾燥の最大容量は？,0.4889350689614084
洗濯の途中で一時停止できますか？,水漏れの原因は？,0.48889489824897453
すすぎの設定を変更することは可能ですか？,本体の揺れが気になる。,0.4888592433477231
特に汚れがひどい洗濯物なので、2回続けて洗いたいのですが、そのような設定は可能ですか？,お急ぎコースはありますか？,0.4888292454260248
チャイルドロックの設定をしたい,洗濯が終わったのにドアがロックされて開かないのですが、これは故障ですか？どのくらい時間が経てば開くようになりますか？,0.488747017497427
省エネ機能はある？,洗濯機に水が供給されないというエラーが表示されたのですが、どのような原因が考えられますか？自分でできる確認事項はありますか？,0.4887465725510207
時間がない時に、短時間で洗濯を済ませられるようなコースはありますか？,洗濯機が排水できないというエラーメッセージが表示されたのですが、原因は何でしょうか？自分で解決できる方法はありますか？,0.4886727438041596
洗濯の始め方は？,個別の設定は可能ですか？,0.48867052538085964
洗剤を手動で投入できますか？,白い粉が残るのですが。,0.48862743135440795
異音がします。どうしたらよいですか？,本体が熱くなります,0.488623822266506
すすぎや脱水はせずに、衣類を「洗い」の工程だけで済ませたいのですが、そのような設定はできますか？,洗濯と乾燥の最大容量は？,0.48858101711930585
「わが家流」設定とは何ですか？,白い粉が残るのですが。,0.4885621980647764
洗濯のすすぎ回数を自分の希望に合わせて変更したいのですが、何回から何回まで選べますか？,「水が出ない」エラーが出ます,0.4884317314604353
手動で個別に設定する事は可能ですか？,スチーム機能の使い方を教えて？,0.48838628893634495
洗剤や柔軟剤を計る手間を省きたいのですが、自動投入機能はどのように設定して使用するのですか？,「わが家流」設定とは何ですか？,0.48837020737894615
洗濯の途中で一時停止できますか？,靴は洗えますか？,0.4883693675825297
時間がない時に、短時間で洗濯を済ませられるようなコースはありますか？,本体が熱い。,0.48836467758847746
洗濯の各工程（洗い、すすぎ、脱水、乾燥）について、自分の好みに合わせて時間を設定したり、回数を変更したりすることはできますか？,羽毛布団は洗えますか？,0.48834555382417866
外出先から洗濯を開始できますか？,本体が熱くなります,0.4883419283607581
子供が誤って操作しないように、チャイルドロックを設定したいのですが、その方法と解除方法を教えてください。,洗濯機に水が供給されないというエラーが表示されたのですが、どのような原因が考えられますか？自分でできる確認事項はありますか？,0.4883180702500971
洗濯の途中で一時停止できますか？,洗濯機の下から水が漏れているのですが、どのような原因が考えられますか？自分で確認できる対処法はありますか？,0.48827532845246835
洗濯の途中で一時停止できますか？,深夜運転は静か？,0.4882581234841227
「水が出ない」エラーが出ます,洗濯コースの選択肢が画面に表示されないのですが、これはどういう状況ですか？どのように対処すれば良いですか？,0.48825218500942147
深夜運転は静か？,「排水できない」エラーが出ます,0.48821883412969524
洗濯コースの選択肢が画面に表示されないのですが、これはどういう状況ですか？どのように対処すれば良いですか？,本体が熱くなります,0.4882118389493134
脱水時間の調整はできる？,毛布の洗濯は可能？,0.4881339594528235
洗濯物の種類によって脱水時間を調整したいのですが、何分まで設定できますか？,洗濯物が絡まります。どうしたらよいですか？,0.4881146084326816
洗濯物の絡まりを防ぐには？,ドラムが動きません,0.48805438115303357
白い粉が残るのですが。,洗濯の所要時間は？,0.48791977187748337
衣類を洗うだけで、乾燥工程は行いたくない場合、どのコースを選択すれば良いですか？,終了音を消すには？,0.4878679323539227
遠隔で洗濯を開始できますか？,洗濯物の絡まりを防ぐには？,0.48785977663274194
一時停止中にドアは開きますか？,洗濯の所要時間は？,0.4877988428691637
頻繁に使う洗濯設定を保存しておきたいのですが、「わが家流」設定とは具体的にどのような機能ですか？,洗濯機本体が不安定で揺れるのですが、どうすれば改善できますか？設置状況を確認する必要がありますか？,0.48779630773833627
スチーム機能は何に使うの？,最大容量は？,0.48776962986539973
終了音を消すには？,洗濯を開始しようとしてもドラムが回転しないのですが、何が原因として考えられますか？安全装置が作動している可能性はありますか？,0.48776454041062073
脱水時間の調整はできる？,遠隔で洗濯を開始できますか？,0.4877551676761178
洗濯はせず、衣類を乾燥させる機能だけを使いたいのですが、どのように操作すれば良いですか？,脱水時間の調整はできる？,0.4876906330143356
「わが家流」設定とは何ですか？,この洗濯機に最適な洗剤や柔軟剤はありますか？メーカーから推奨されている製品があれば教えてください。,0.4875349282751734
洗いのみは可能？,誤った設定をしてしまったので、洗濯機の設定をすべて初期状態に戻したいのですが、その方法を教えてください。,0.4875216464398503
一時停止中にドアは開きますか？,おしゃれ着コースはありますか？,0.4874808368038723
チャイルドロックはどこで設定する？,洗濯機本体に触れると熱いのですが、これは異常ですか？特に乾燥運転中に熱くなることはありますか？,0.4874392433740415
個別の設定は可能ですか？,衣類のしわを伸ばしたり、気になるにおいを取り除いたりしたいのですが、スチーム機能はどのように使えば良いですか？,0.48743653524055264
チャイルドロックはどこで設定する？,水が出ないエラーが出た。,0.4874214111914157
「洗い」だけ行いたいのですが,洗濯と乾燥の最大容量は？,0.4874168247000553
運転終了時にアラームを鳴らさないようにできますか？,洗濯の所要時間は？,0.4873889364419407
洗剤を手動で投入できますか？,洗濯機のドアが最後まで閉まらないのですが、何を確認すれば良いですか？,0.4873797365143742
洗濯物に白い粉が残っています。　どうしたらよいですか？,洗濯機本体に触れると熱いのですが、これは異常ですか？特に乾燥運転中に熱くなることはありますか？,0.4873670428004352
デリケートな衣類やおしゃれ着を優しく洗うための専用コースはありますか？,「水が出ない」エラーが出ます,0.48735872238090816
スチーム機能は何に使うの？,洗濯後、衣類に白い粉状のものが付着しているのですが、何が原因ですか？どのように対処すれば改善されますか？,0.4873498762660807
電気代や水道代を節約できるような省エネ運転モードは搭載されていますか？,本体の揺れが気になる。,0.4873453126780786
「わが家流」設定とは何ですか？,洗剤の種類によって設定は変わりますか？,0.48733254649977864
洗濯物に白い粉が残っています。　どうしたらよいですか？,おすすめの洗剤・柔軟剤はありますか？,0.4872780781262195
最適なコースは？,遠隔で洗濯を開始できますか？,0.4872695524743932
洗濯機のドアが最後まで閉まらないのですが、何を確認すれば良いですか？,誤った設定をしてしまったので、洗濯機の設定をすべて初期状態に戻したいのですが、その方法を教えてください。,0.48725548450156686
「水が出ない」エラーが出ます,洗濯の開始時刻を事前に設定しておきたいのですが、予約機能はどのように使えば良いですか？,0.48720579299557376
特に汚れがひどい洗濯物なので、2回続けて洗いたいのですが、そのような設定は可能ですか？,「水が出ない」エラーが出ます,0.4871877826045965
洗濯機を使い始めるにはどうすればいいですか？　手順を教えて下さい。,異音がします。どうしたらよいですか？,0.48714843270784
洗濯の各工程（洗い、すすぎ、脱水、乾燥）について、自分の好みに合わせて時間を設定したり、回数を変更したりすることはできますか？,本体の揺れが気になる。,0.48712280549858356
2度洗いは出来ますか？,最大容量は？,0.4870607795327315
洗濯の始め方は？,洗濯のすすぎ回数を自分の希望に合わせて変更したいのですが、何回から何回まで選べますか？,0.48705922434562676
洗濯の各工程（洗い、すすぎ、脱水、乾燥）について、自分の好みに合わせて時間を設定したり、回数を変更したりすることはできますか？,予約の仕方は？,0.48701551953327016
最大容量は？,洗濯機の下から水が漏れているのですが、どのような原因が考えられますか？自分で確認できる対処法はありますか？,0.48674805964984325
洗濯物の種類や汚れ具合に関わらず、最もおすすめの洗濯コースは何ですか？そのコースではどのような設定が自動で行われますか？,洗濯ネットは必要ですか？,0.4866798669978345
おすすめのコースを教えて？,設定の初期化はできますか？,0.48664710132355626
洗濯をスタートする方法を教えて？,洗濯物に白い粉が残っています。　どうしたらよいですか？,0.4866329278532022
衣類を洗うだけで、乾燥工程は行いたくない場合、どのコースを選択すれば良いですか？,運転終了時にアラームを鳴らさないようにできますか？,0.4866177043173648
洗濯物を保護するために、洗濯ネットを使用する必要はありますか？どのような種類の衣類に推奨されますか？,頻繁に使う洗濯設定を保存しておきたいのですが、「わが家流」設定とは具体的にどのような機能ですか？,0.4866136469117197
脱水時間の変更は可能ですか？,スニーカーは洗える？,0.48661261207997175
電気代や水道代を節約できるような省エネ運転モードは搭載されていますか？,洗濯機に水が供給されないというエラーが表示されたのですが、どのような原因が考えられますか？自分でできる確認事項はありますか？,0.48659341908235143
ドアが完全に閉まりません,誤った設定をしてしまったので、洗濯機の設定をすべて初期状態に戻したいのですが、その方法を教えてください。,0.4865606102408429
スチーム機能の使い方を教えて？,設定を工場出荷時に戻せる？,0.4865453790123532
2度洗いは出来ますか？,洗濯を開始しようとしてもドラムが回転しないのですが、何が原因として考えられますか？安全装置が作動している可能性はありますか？,0.48645993418216227
すすぎ回数は変えられる？,ドアが完全に閉まりません,0.4864568417801811
自動投入機能を使わずに、自分で洗剤を投入したいのですが、設定を教えてください？,ドアが開かない原因は？,0.48644812435028273
脱水時間の変更は可能ですか？,ドアが閉まらない時は？,0.4863759417971585
洗濯物の種類や汚れ具合に関わらず、最もおすすめの洗濯コースは何ですか？そのコースではどのような設定が自動で行われますか？,ドラムが回らない。,0.4863672094926557
特に汚れがひどい洗濯物なので、2回続けて洗いたいのですが、そのような設定は可能ですか？,本体が熱い。,0.4863633433824399
白い粉が残るのですが。,本体が熱くなります,0.48635729752347723
洗濯後に衣類が絡まってしまうことが多いのですが、何か絡まりを防ぐための対処法はありますか？,お急ぎコースはありますか？,0.48633426331549556
運転終了時にアラームを鳴らさないようにできますか？,洗濯物を保護するために、洗濯ネットを使用する必要はありますか？どのような種類の衣類に推奨されますか？,0.4863118931025665
毛布の洗濯は可能？,洗濯機本体に触れると熱いのですが、これは異常ですか？特に乾燥運転中に熱くなることはありますか？,0.486255521445978
ドアが開かない原因は？,洗濯物が絡まります。どうしたらよいですか？,0.48620399191620883
洗濯物の絡まりを防ぐには？,洗濯中に通常とは異なる音がするのですが、どのような原因が考えられますか？自分で確認できることはありますか？,0.4861761069391104
排水エラーが出た。,この洗濯機で一度に洗濯できる衣類の最大量と、乾燥できる衣類の最大量はそれぞれ何キログラムですか？,0.48608439907685375
最適なコースは？,洗濯後に衣類が絡まってしまうことが多いのですが、何か絡まりを防ぐための対処法はありますか？,0.4860715728004654
洗濯中に急な用事ができた場合、途中で運転を一時停止させることはできますか？その操作方法を教えてください。,本体の揺れが気になる。,0.48606363002982184
おしゃれ着コースはありますか？,洗濯後、衣類に白い粉状のものが付着しているのですが、何が原因ですか？どのように対処すれば改善されますか？,0.48606062151380003
毛布は洗えますか？,洗濯物の絡まりを防ぐには？,0.48603899294718295
自動投入機能はどう使うの？,衣類のしわを伸ばしたり、気になるにおいを取り除いたりしたいのですが、スチーム機能はどのように使えば良いですか？,0.4860248951181919
「ふんわりキープ」とはどのような機能ですか？,脱水時間の変更は可能ですか？,0.4860132100911754
ふんわりキープの目的は？,本体が熱い。,0.4859932311386792
洗濯の始め方は？,洗剤の種類で設定変更は必要？,0.48599241594292997
自宅にいない時でも、スマートフォンなどを使って洗濯機を遠隔で操作し、洗濯を開始することはできますか？,本体がぐらつきます。どうしたら良いですか？,0.4859756363489117
洗濯中に急な用事ができた場合、途中で運転を一時停止させることはできますか？その操作方法を教えてください。,白い粉が残るのですが。,0.48597412484270086
お急ぎコースはありますか？,水が出ないエラーが出た。,0.4859700148547278
洗剤を手動で投入できますか？,水漏れの原因は？,0.48590740792396064
脱水時間の調整はできる？,省エネ機能はある？,0.48588088101863336
洗濯後に衣類が絡まってしまうことが多いのですが、何か絡まりを防ぐための対処法はありますか？,急いで洗濯したい時は？,0.48587482659476633
自宅にいない時でも、スマートフォンなどを使って洗濯機を遠隔で操作し、洗濯を開始することはできますか？,変な音がするのですが。,0.4857727945071523
スチーム機能の使い方を教えて？,最大容量は？,0.48575605157978446
洗濯の始め方は？,水が出ないエラーが出た。,0.4857395102436557
洗濯中に一時停止は可能？,水が出ないエラーが出た。,0.4857360999119231
すすぎや脱水はせずに、衣類を「洗い」の工程だけで済ませたいのですが、そのような設定はできますか？,洗濯後に衣類が絡まってしまうことが多いのですが、何か絡まりを防ぐための対処法はありますか？,0.4857346484388555
毛布の洗濯は可能？,本体が熱くなります,0.48570578970674183
「洗い」だけ行いたいのですが,洗濯が終わったのにドアがロックされて開かないのですが、これは故障ですか？どのくらい時間が経てば開くようになりますか？,0.48559578944997606
最適なコースは？,洗濯物が絡まります。どうしたらよいですか？,0.48554788373562274
洗剤を手動で投入できますか？,洗濯を開始しようとしてもドラムが回転しないのですが、何が原因として考えられますか？安全装置が作動している可能性はありますか？,0.4855366424086104
チャイルドロックはどこで設定する？,洗濯物の絡まりを防ぐには？,0.4855253721920893
頻繁に使う洗濯設定を保存しておきたいのですが、「わが家流」設定とは具体的にどのような機能ですか？,洗濯機が排水できないというエラーメッセージが表示されたのですが、原因は何でしょうか？自分で解決できる方法はありますか？,0.48544000157765355
ジェット乾燥って何？,水が出ないエラーが出た。,0.48543213303032107
一時停止したらドアは開く？,おしゃれ着コースはありますか？,0.4854294996453391
お急ぎコースはありますか？,洗濯と乾燥の最大容量は？,0.4854293161510196
「洗い」だけ行いたいのですが,洗濯機のドアが最後まで閉まらないのですが、何を確認すれば良いですか？,0.48542315882362497
「洗い」だけ行いたいのですが,設定の初期化はできますか？,0.48541970303112214
洗濯の各工程（洗い、すすぎ、脱水、乾燥）について、自分の好みに合わせて時間を設定したり、回数を変更したりすることはできますか？,洗濯終了時のお知らせ音を鳴らさないようにしたいのですが、その設定はどこで変更できますか？,0.4853506033318856
深夜に運転しても大丈夫？,洗濯機に水が供給されないというエラーが表示されたのですが、どのような原因が考えられますか？自分でできる確認事項はありますか？,0.48534549601097865
ふんわりキープとは何ですか？,「洗い」だけ行いたいのですが,0.4853414886873962
一時停止したらドアは開く？,本体が熱い。,0.48530644677448787
羽毛布団は洗濯できる？,「わが家流」設定とは何ですか？,0.48528235586055235
ふんわりキープの目的は？,ドアが完全に閉まりません,0.485279515811054
衣類を洗うだけで、乾燥工程は行いたくない場合、どのコースを選択すれば良いですか？,設定の初期化はできますか？,0.48527699530914326
自宅にいない時でも、スマートフォンなどを使って洗濯機を遠隔で操作し、洗濯を開始することはできますか？,異音がします。どうしたらよいですか？,0.4852283847574557
脱水時間の調整はできる？,「わが家流」設定とは何ですか？,0.4852227492185298
自動投入機能を使わずに、自分で洗剤を投入したいのですが、設定を教えてください？,特に汚れがひどい洗濯物なので、2回続けて洗いたいのですが、そのような設定は可能ですか？,0.48521003657648365
「排水できない」エラーが出ます,洗濯の所要時間は？,0.48520118627647657
「洗い」だけ行いたいのですが,一時停止したらドアは開く？,0.4851707102786632
洗濯を一時停止した際、追加の衣類を入れるためにドアを開けることは可能ですか？その条件は何ですか？,最大容量は？,0.48508938973508214
自宅にいない時でも、スマートフォンなどを使って洗濯機を遠隔で操作し、洗濯を開始することはできますか？,洗濯機の下から水が漏れているのですが、どのような原因が考えられますか？自分で確認できる対処法はありますか？,0.4850515543283417
ジェット乾燥って何？,「わが家流」設定とは何ですか？,0.4850312280618346
洗濯ネットは必要ですか？,「水が出ない」エラーが出ます,0.48501333565799704
洗濯中に急な用事ができた場合、途中で運転を一時停止させることはできますか？その操作方法を教えてください。,洗濯物を保護するために、洗濯ネットを使用する必要はありますか？どのような種類の衣類に推奨されますか？,0.4849930662161198
手動で洗剤を入れることはできますか？,本体がぐらつきます。どうしたら良いですか？,0.4849843997092975
衣類のしわを伸ばしたり、気になるにおいを取り除いたりしたいのですが、スチーム機能はどのように使えば良いですか？,洗いのみは可能？,0.4849842782556893
おすすめのコースを教えて？,この洗濯機で一度に洗濯できる衣類の最大量と、乾燥できる衣類の最大量はそれぞれ何キログラムですか？,0.4849533427033171
すすぎや脱水はせずに、衣類を「洗い」の工程だけで済ませたいのですが、そのような設定はできますか？,誤った設定をしてしまったので、洗濯機の設定をすべて初期状態に戻したいのですが、その方法を教えてください。,0.48493639725565285
子供が誤って操作しないように、チャイルドロックを設定したいのですが、その方法と解除方法を教えてください。,自動投入機能はどう使うの？,0.4849296086107733
特に汚れがひどい洗濯物なので、2回続けて洗いたいのですが、そのような設定は可能ですか？,スニーカーは洗える？,0.4849290217725714
夜遅い時間帯に洗濯機を運転しても、近隣に迷惑がかからないように静かに運転できるモードはありますか？,排水エラーが出た。,0.4849203403627227
自動投入機能を使わずに、自分で洗剤を投入したいのですが、設定を教えてください？,すすぎや脱水はせずに、衣類を「洗い」の工程だけで済ませたいのですが、そのような設定はできますか？,0.4848282797047797
スチーム機能の使い方を教えて？,夜遅い時間帯に洗濯機を運転しても、近隣に迷惑がかからないように静かに運転できるモードはありますか？,0.4848118304216821
ナノイーXの機能は？,脱水時間の変更は可能ですか？,0.4846829720351723
洗濯ネットは必要ですか？,設定を工場出荷時に戻せる？,0.4846108913548214
羽毛布団は洗えますか？,電気代や水道代を節約できるような省エネ運転モードは搭載されていますか？,0.4845285864723518
最適なコースは？,深夜に運転しても大丈夫？,0.4845271952429401
頻繁に使う洗濯設定を保存しておきたいのですが、「わが家流」設定とは具体的にどのような機能ですか？,洗濯機の下から水が漏れているのですが、どのような原因が考えられますか？自分で確認できる対処法はありますか？,0.48451746560702635
スチーム機能の使い方を教えて？,洗濯時間は何分ですか？,0.4844560961115255
洗濯中に急な用事ができた場合、途中で運転を一時停止させることはできますか？その操作方法を教えてください。,排水エラーが出た。,0.4844249067991113
「洗い」だけ行いたいのですが,深夜運転は静か？,0.4844180462448789
白い粉が残るのですが。,時間がない時に、短時間で洗濯を済ませられるようなコースはありますか？,0.4843834185086645
「わが家流」設定とは何ですか？,「水が出ない」エラーが出ます,0.48430206809034115
洗濯物の種類や汚れ具合に関わらず、最もおすすめの洗濯コースは何ですか？そのコースではどのような設定が自動で行われますか？,ドアが完全に閉まりません,0.48429639284922354
洗濯ネットは必要ですか？,洗濯機に水が供給されないというエラーが表示されたのですが、どのような原因が考えられますか？自分でできる確認事項はありますか？,0.4842547215682541
洗濯時間は何分ですか？,洗濯機本体に触れると熱いのですが、これは異常ですか？特に乾燥運転中に熱くなることはありますか？,0.4841477062339511
一時停止したらドアは開く？,本体が熱くなります,0.48412443270426175
使用する洗剤のブランドや種類を変更した場合、洗濯機側で何か設定を変更する必要はありますか？,水が出ないエラーが出た。,0.4840214589264089
再洗はできる？,ドアが完全に閉まりません,0.4840076122219745
遠隔で洗濯を開始できますか？,本体が熱くなります,0.4840025617795741
衣類のしわを伸ばしたり、気になるにおいを取り除いたりしたいのですが、スチーム機能はどのように使えば良いですか？,最大容量は？,0.4839883424879625
チャイルドロックの設定をしたい,本体の揺れが気になる。,0.48394405575975874
「ふんわりキープ」とはどのような機能ですか？,設定を工場出荷時に戻せる？,0.4839057840119957
時間がない時に、短時間で洗濯を済ませられるようなコースはありますか？,「水が出ない」エラーが出ます,0.4839012774854078
最適なコースは？,衣類のしわを伸ばしたり、気になるにおいを取り除いたりしたいのですが、スチーム機能はどのように使えば良いですか？,0.48388400947341925
洗剤の種類で設定変更は必要？,「排水できない」エラーが出ます,0.4838478197949453
乾燥なしで洗濯するには？,ドアが開かない原因は？,0.4838263884074712
再洗はできる？,運転終了時にアラームを鳴らさないようにできますか？,0.48381328156326275
脱水時間の調整はできる？,靴は洗えますか？,0.48380544577475504
ナノイーXとは何ですか？,洗濯終了時のお知らせ音を鳴らさないようにしたいのですが、その設定はどこで変更できますか？,0.48365116994504387
洗濯機が排水できないというエラーメッセージが表示されたのですが、原因は何でしょうか？自分で解決できる方法はありますか？,洗濯と乾燥の最大容量は？,0.4836050394984145
「洗い」だけ行いたいのですが,本体の揺れが気になる。,0.48359882138946486
洗剤を手動で投入できますか？,すすぎや脱水はせずに、衣類を「洗い」の工程だけで済ませたいのですが、そのような設定はできますか？,0.48353944699878026
本体の揺れが気になる。,洗濯の所要時間は？,0.483458132977914
再洗はできる？,洗濯と乾燥の最大容量は？,0.4834072219965442
洗濯の始め方は？,「ふんわりキープ」とはどのような機能ですか？,0.48337714618786504
お急ぎコースはありますか？,洗濯機本体に触れると熱いのですが、これは異常ですか？特に乾燥運転中に熱くなることはありますか？,0.4833632229881747
頻繁に使う洗濯設定を保存しておきたいのですが、「わが家流」設定とは具体的にどのような機能ですか？,洗剤の種類によって設定は変わりますか？,0.48335633173251336
チャイルドロックの設定をしたい,異音がします。どうしたらよいですか？,0.4833388892595072
洗濯をスタートする方法を教えて？,チャイルドロックの設定をしたい,0.48333627408809215
「ふんわりキープ」とはどのような機能ですか？,洗濯物の絡まりを防ぐには？,0.48329042834785874
チャイルドロックの設定をしたい,変な音がするのですが。,0.48322291279068796
スチーム機能の使い方を教えて？,変な音がするのですが。,0.48316997297274555
手動で個別に設定する事は可能ですか？,深夜に運転しても大丈夫？,0.4831579789560832
最適なコースは？,「わが家流」設定とは何ですか？,0.48307220119476413
夜遅い時間帯に洗濯機を運転しても、近隣に迷惑がかからないように静かに運転できるモードはありますか？,誤った設定をしてしまったので、洗濯機の設定をすべて初期状態に戻したいのですが、その方法を教えてください。,0.4830149316912413
子供が誤って操作しないように、チャイルドロックを設定したいのですが、その方法と解除方法を教えてください。,手動で洗剤を入れることはできますか？,0.4830112186348645
ナノイーXとは何ですか？,脱水時間の変更は可能ですか？,0.4829954738970406
ふんわりキープの目的は？,水が出ないエラーが出た。,0.4829855700516136
ジェット乾燥とは何ですか？,誤った設定をしてしまったので、洗濯機の設定をすべて初期状態に戻したいのですが、その方法を教えてください。,0.48298036543162404
手動で個別に設定する事は可能ですか？,省エネモードはありますか？,0.48297340679027123
「洗い」だけ行いたいのですが,深夜に運転しても大丈夫？,0.48295477251307756
羽毛布団は洗濯できる？,頻繁に使う洗濯設定を保存しておきたいのですが、「わが家流」設定とは具体的にどのような機能ですか？,0.4829500013030189
自動投入機能を使わずに、自分で洗剤を投入したいのですが、設定を教えてください？,スチーム機能の使い方を教えて？,0.48294444562111905
洗濯が終わったのにドアがロックされて開かないのですが、これは故障ですか？どのくらい時間が経てば開くようになりますか？,深夜に運転しても大丈夫？,0.482874150873996
洗濯物の種類や汚れ具合に関わらず、最もおすすめの洗濯コースは何ですか？そのコースではどのような設定が自動で行われますか？,急いで洗濯したい時は？,0.48287122367822055
排水エラーが出た。,本体が熱い。,0.48282360059297524
終了音を消すには？,水漏れしています。どうしたらよいですか？,0.48261827986953953
ジェット乾燥とは何ですか？,洗濯機に水が供給されないというエラーが表示されたのですが、どのような原因が考えられますか？自分でできる確認事項はありますか？,0.4825940796145076
運転終了時にアラームを鳴らさないようにできますか？,洗濯物の絡まりを防ぐには？,0.4825818317241348
おすすめのコースを教えて？,「わが家流」設定って何？,0.4825153167751294
洗濯の途中で一時停止できますか？,洗濯機が排水できないというエラーメッセージが表示されたのですが、原因は何でしょうか？自分で解決できる方法はありますか？,0.48248227053691367
洗濯物の種類によって脱水時間を調整したいのですが、何分まで設定できますか？,省エネ機能はある？,0.48247034466157646
洗濯物の種類によって脱水時間を調整したいのですが、何分まで設定できますか？,ドラムが動きません,0.482452640648961
洗濯の各工程（洗い、すすぎ、脱水、乾燥）について、自分の好みに合わせて時間を設定したり、回数を変更したりすることはできますか？,「わが家流」設定って何？,0.48245220522130927
洗濯物が絡まります。どうしたらよいですか？,本体が熱い。,0.482420356251963
一時停止したらドアは開く？,省エネモードはありますか？,0.4823900163579613
洗濯はせず、衣類を乾燥させる機能だけを使いたいのですが、どのように操作すれば良いですか？,ドラムが回らない。,0.4823890156491978
スチーム機能の使い方を教えて？,洗濯終了時のお知らせ音を鳴らさないようにしたいのですが、その設定はどこで変更できますか？,0.48237256856890653
ナノイーX機能について詳しく教えてください。どのような効果があり、どのコースで利用できますか？,一時停止したらドアは開く？,0.4823579354136699
洗濯機を使い始めるにはどうすればいいですか？　手順を教えて下さい。,変な音がするのですが。,0.48230325598929236
ナノイーX機能について詳しく教えてください。どのような効果があり、どのコースで利用できますか？,ドアが開かない原因は？,0.4822046288462808
脱水時間の調整はできる？,自宅の洗濯機で毛布を洗うことはできますか？もし洗える場合、何か特別な条件やコースがありますか？,0.48215174213582
毛布の洗濯は可能？,水漏れしています。どうしたらよいですか？,0.4821000877054624
ふんわりキープとは何ですか？,「水が出ない」エラーが出ます,0.48209447524786164
ナノイーX機能について詳しく教えてください。どのような効果があり、どのコースで利用できますか？,洗濯を一時停止した際、追加の衣類を入れるためにドアを開けることは可能ですか？その条件は何ですか？,0.4820308636978814
洗濯をスタートする方法を教えて？,洗濯物の絡まりを防ぐには？,0.48201856549418753
脱水時間の変更は可能ですか？,おすすめの洗剤・柔軟剤はありますか？,0.48200200510479657
運転終了時にアラームを鳴らさないようにできますか？,洗濯物が絡まります。どうしたらよいですか？,0.4820008585393277
洗濯機が排水できないというエラーメッセージが表示されたのですが、原因は何でしょうか？自分で解決できる方法はありますか？,誤った設定をしてしまったので、洗濯機の設定をすべて初期状態に戻したいのですが、その方法を教えてください。,0.4819133956358449
洗濯の始め方は？,脱水時間の変更は可能ですか？,0.48184086765110323
ふんわりキープとは何ですか？,省エネモードはありますか？,0.48183652219215023
脱水時間の調整はできる？,推奨の洗剤・柔軟剤は？,0.481803212469317
「排水できない」エラーが出ます,推奨の洗剤・柔軟剤は？,0.4817317538567545
洗濯機が排水できないというエラーメッセージが表示されたのですが、原因は何でしょうか？自分で解決できる方法はありますか？,最大容量は？,0.48170126860883533
洗濯終了時のお知らせ音を鳴らさないようにしたいのですが、その設定はどこで変更できますか？,洗濯物が絡まります。どうしたらよいですか？,0.4816920202954502
自宅にいない時でも、スマートフォンなどを使って洗濯機を遠隔で操作し、洗濯を開始することはできますか？,洗濯物が絡まります。どうしたらよいですか？,0.4816804382181068
ナノイーXとは何ですか？,洗濯機の下から水が漏れているのですが、どのような原因が考えられますか？自分で確認できる対処法はありますか？,0.48161687565441264
洗濯物の種類によって脱水時間を調整したいのですが、何分まで設定できますか？,深夜運転は静か？,0.48160170363564897
洗いのみは可能？,省エネモードはありますか？,0.4815356387308831
洗濯だけする方法を教えて？,水が出ないエラーが出た。,0.4815062961154848
洗濯はせず、衣類を乾燥させる機能だけを使いたいのですが、どのように操作すれば良いですか？,設定の初期化はできますか？,0.48148993876266044
2度洗いは出来ますか？,洗濯中に通常とは異なる音がするのですが、どのような原因が考えられますか？自分で確認できることはありますか？,0.4814059678220104
洗濯のすすぎ回数を自分の希望に合わせて変更したいのですが、何回から何回まで選べますか？,設定を工場出荷時に戻せる？,0.48140330409758497
2度洗いは出来ますか？,ドアが閉まらない時は？,0.4813237563359753
省エネモードはありますか？,コースが表示されないのですが,0.4813128014039557
脱水時間の調整はできる？,デリケートな衣類やおしゃれ着を優しく洗うための専用コースはありますか？,0.4812767598742689
洗濯中に一時停止は可能？,洗濯物を保護するために、洗濯ネットを使用する必要はありますか？どのような種類の衣類に推奨されますか？,0.48126183488005525
「わが家流」設定って何？,本体の揺れが気になる。,0.48123963984078044
チャイルドロックはどこで設定する？,「水が出ない」エラーが出ます,0.48123028417745883
衣類のしわを伸ばしたり、気になるにおいを取り除いたりしたいのですが、スチーム機能はどのように使えば良いですか？,水が出ないエラーが出た。,0.48120755001996973
洗いのみは可能？,省エネ機能はある？,0.48120372089092905
ジェット乾燥機能は、どのような仕組みで乾燥をするのですか？,洗濯の途中で一時停止できますか？,0.48113308344571126
自動投入機能の使い方を教えて？,運転終了時にアラームを鳴らさないようにできますか？,0.4810919201088018
洗濯をスタートする方法を教えて？,脱水時間の変更は可能ですか？,0.4809644365254654
洗濯物の種類によって脱水時間を調整したいのですが、何分まで設定できますか？,誤った設定をしてしまったので、洗濯機の設定をすべて初期状態に戻したいのですが、その方法を教えてください。,0.4809616793552627
一時停止中にドアは開きますか？,急いで洗濯したい時は？,0.4809195674982872
自動投入機能はどう使うの？,運転終了時にアラームを鳴らさないようにできますか？,0.4808831226433067
おしゃれ着は洗える？,本体が熱くなります,0.48086927151647474
手動で洗剤を入れることはできますか？,一時停止中にドアは開きますか？,0.4808413572112584
遠隔で洗濯を開始できますか？,省エネモードはありますか？,0.48076498030294545
終了音を消すには？,夜遅い時間帯に洗濯機を運転しても、近隣に迷惑がかからないように静かに運転できるモードはありますか？,0.4806893261679064
異音がします。どうしたらよいですか？,「わが家流」設定とは何ですか？,0.480688961988047
水漏れの原因は？,設定の初期化はできますか？,0.4806885794703385
「わが家流」設定とは何ですか？,予約機能の使い方をおしえて？,0.48067668978017186
羽毛布団は洗えますか？,頻繁に使う洗濯設定を保存しておきたいのですが、「わが家流」設定とは具体的にどのような機能ですか？,0.4806557339669712
洗剤を手動で投入できますか？,ジェット乾燥って何？,0.4806016204567777
ナノイーXとは何ですか？,洗濯機本体に触れると熱いのですが、これは異常ですか？特に乾燥運転中に熱くなることはありますか？,0.48059375895832784
省エネモードはありますか？,おしゃれ着は洗える？,0.4805769388584967
最適なコースは？,設定を工場出荷時に戻せる？,0.4805256524646348
運転終了時にアラームを鳴らさないようにできますか？,本体がぐらつきます。どうしたら良いですか？,0.480504499985155
脱水時間の調整はできる？,洗濯終了時のお知らせ音を鳴らさないようにしたいのですが、その設定はどこで変更できますか？,0.48048128870471846
洗剤を手動で投入できますか？,衣類のしわを伸ばしたり、気になるにおいを取り除いたりしたいのですが、スチーム機能はどのように使えば良いですか？,0.4804730613534561
ドアが開かない原因は？,洗濯物の絡まりを防ぐには？,0.4804447263167483
ドアが開かない原因は？,洗濯の途中で一時停止できますか？,0.4804384015184092
自動投入機能を使わずに、自分で洗剤を投入したいのですが、設定を教えてください？,時間がない時に、短時間で洗濯を済ませられるようなコースはありますか？,0.48042679296230745
スチーム機能の使い方を教えて？,洗濯機に水が供給されないというエラーが表示されたのですが、どのような原因が考えられますか？自分でできる確認事項はありますか？,0.48038873054925524
スチーム機能の使い方を教えて？,洗濯中に通常とは異なる音がするのですが、どのような原因が考えられますか？自分で確認できることはありますか？,0.4803729945473918
自宅の洗濯機で毛布を洗うことはできますか？もし洗える場合、何か特別な条件やコースがありますか？,水が出ないエラーが出た。,0.48037296059744605
チャイルドロックの設定をしたい,洗濯物に白い粉が残っています。　どうしたらよいですか？,0.48031329417824575
「洗い」だけ行いたいのですが,省エネモードはありますか？,0.48023836035230605
洗濯中に一時停止は可能？,洗濯機に水が供給されないというエラーが表示されたのですが、どのような原因が考えられますか？自分でできる確認事項はありますか？,0.48023370541644606
乾燥なしで洗濯するには？,設定の初期化はできますか？,0.4801512791631978
運転終了時にアラームを鳴らさないようにできますか？,本体の揺れが気になる。,0.48011641756640894
スチーム機能は何に使うの？,一時停止したらドアは開く？,0.4800708919160744
洗濯はせず、衣類を乾燥させる機能だけを使いたいのですが、どのように操作すれば良いですか？,本体の揺れが気になる。,0.4800070718031314
水が出ないエラーが出た。,推奨の洗剤・柔軟剤は？,0.48000551361042937
洗濯ネットは必要ですか？,洗濯機が排水できないというエラーメッセージが表示されたのですが、原因は何でしょうか？自分で解決できる方法はありますか？,0.4799990712250686
洗濯中に一時停止は可能？,「水が出ない」エラーが出ます,0.4799317295486946
ナノイーX機能について詳しく教えてください。どのような効果があり、どのコースで利用できますか？,誤った設定をしてしまったので、洗濯機の設定をすべて初期状態に戻したいのですが、その方法を教えてください。,0.47992099544788724
ナノイーX機能について詳しく教えてください。どのような効果があり、どのコースで利用できますか？,おすすめの洗剤・柔軟剤はありますか？,0.47992098408916656
「洗い」だけ行いたいのですが,洗濯後、衣類に白い粉状のものが付着しているのですが、何が原因ですか？どのように対処すれば改善されますか？,0.4799190449544183
洗濯はせず、衣類を乾燥させる機能だけを使いたいのですが、どのように操作すれば良いですか？,設定を工場出荷時に戻せる？,0.4798673549556822
運転終了時にアラームを鳴らさないようにできますか？,白い粉が残るのですが。,0.47986157669021584
頻繁に使う洗濯設定を保存しておきたいのですが、「わが家流」設定とは具体的にどのような機能ですか？,おすすめの洗剤・柔軟剤はありますか？,0.47986124226910365
ジェット乾燥って何？,洗濯物が絡まります。どうしたらよいですか？,0.47975379638639015
洗濯物の種類によって脱水時間を調整したいのですが、何分まで設定できますか？,おしゃれ着コースはありますか？,0.4797214598531221
洗濯物の種類や汚れ具合に関わらず、最もおすすめの洗濯コースは何ですか？そのコースではどのような設定が自動で行われますか？,省エネ機能はある？,0.47971354015978673
最適なコースは？,洗剤を手動で投入できますか？,0.4797080634447935
衣類のしわを伸ばしたり、気になるにおいを取り除いたりしたいのですが、スチーム機能はどのように使えば良いですか？,設定の初期化はできますか？,0.47965603795936596
洗剤を手動で投入できますか？,洗濯物の種類によって脱水時間を調整したいのですが、何分まで設定できますか？,0.47961900230650517
省エネ機能はある？,本体の揺れが気になる。,0.47961861347561385
洗いのみは可能？,ドラムが回らない。,0.47960749885662024
省エネモードはありますか？,頻繁に使う洗濯設定を保存しておきたいのですが、「わが家流」設定とは具体的にどのような機能ですか？,0.4795968517429911
洗濯の始め方は？,ナノイーXの機能は？,0.47958208215324905
洗濯機が排水できないというエラーメッセージが表示されたのですが、原因は何でしょうか？自分で解決できる方法はありますか？,おすすめの洗剤・柔軟剤はありますか？,0.4795523662645721
洗濯を一時停止した際、追加の衣類を入れるためにドアを開けることは可能ですか？その条件は何ですか？,洗濯と乾燥の最大容量は？,0.47950625309064326
ナノイーX機能について詳しく教えてください。どのような効果があり、どのコースで利用できますか？,洗濯終了時のお知らせ音を鳴らさないようにしたいのですが、その設定はどこで変更できますか？,0.47948886127370804
再洗はできる？,水漏れしています。どうしたらよいですか？,0.4794133267473107
洗濯終了時のお知らせ音を鳴らさないようにしたいのですが、その設定はどこで変更できますか？,一般的な洗濯コースを選んだ場合、洗濯が完了するまでにおよそ何分くらいかかりますか？,0.47939793836598
洗濯の途中で一時停止できますか？,洗濯物に白い粉が残っています。　どうしたらよいですか？,0.4793838026873583
再洗はできる？,水が出ないエラーが出た。,0.4793492768496497
自動投入機能の使い方を教えて？,水が出ないエラーが出た。,0.4793446864002847
洗濯中に急な用事ができた場合、途中で運転を一時停止させることはできますか？その操作方法を教えてください。,「水が出ない」エラーが出ます,0.47933955403377415
脱水時間の変更は可能ですか？,ドラムが動きません,0.47932419302656604
「洗い」だけ行いたいのですが,水漏れの原因は？,0.4793020945791747
乾燥なしで洗濯するには？,省エネモードはありますか？,0.47928568858846377
洗剤の種類によって設定は変わりますか？,「水が出ない」エラーが出ます,0.4792759913732664
遠隔で洗濯を開始できますか？,「水が出ない」エラーが出ます,0.4792299040467386
洗濯の始め方は？,自宅の洗濯機で毛布を洗うことはできますか？もし洗える場合、何か特別な条件やコースがありますか？,0.47912607966821397
洗濯はせず、衣類を乾燥させる機能だけを使いたいのですが、どのように操作すれば良いですか？,洗濯物の絡まりを防ぐには？,0.4790576596626379
洗濯物の種類や汚れ具合に関わらず、最もおすすめの洗濯コースは何ですか？そのコースではどのような設定が自動で行われますか？,自動投入機能を使わずに、自分で洗剤を投入したいのですが、設定を教えてください？,0.47902190482062623
洗剤を手動で投入できますか？,排水エラーが出た。,0.4789654443488212
深夜に運転しても大丈夫？,「排水できない」エラーが出ます,0.47893818374951047
洗濯をスタートする方法を教えて？,洗濯中に通常とは異なる音がするのですが、どのような原因が考えられますか？自分で確認できることはありますか？,0.47885846659954534
自動投入機能を使わずに、自分で洗剤を投入したいのですが、設定を教えてください？,「洗い」だけ行いたいのですが,0.47885055699035506
衣類のしわを伸ばしたり、気になるにおいを取り除いたりしたいのですが、スチーム機能はどのように使えば良いですか？,設定を工場出荷時に戻せる？,0.47881260933009884
チャイルドロックの設定をしたい,一時停止中にドアは開きますか？,0.4788029157116568
ナノイーX機能について詳しく教えてください。どのような効果があり、どのコースで利用できますか？,洗濯中に急な用事ができた場合、途中で運転を一時停止させることはできますか？その操作方法を教えてください。,0.47878414452827955
手動で個別に設定する事は可能ですか？,設定を工場出荷時に戻せる？,0.47874038487688475
洗濯をスタートする方法を教えて？,洗濯物が絡まります。どうしたらよいですか？,0.4787375288043655
洗濯時間は何分ですか？,設定を工場出荷時に戻せる？,0.4786533067328274
お急ぎコースはありますか？,洗濯機に水が供給されないというエラーが表示されたのですが、どのような原因が考えられますか？自分でできる確認事項はありますか？,0.4786453894419691
洗いのみは可能？,ドアが閉まらない時は？,0.47859388240944467
ジェット乾燥って何？,省エネモードはありますか？,0.4785758511730005
洗濯中に急な用事ができた場合、途中で運転を一時停止させることはできますか？その操作方法を教えてください。,洗濯物に白い粉が残っています。　どうしたらよいですか？,0.4785616592219183
手動で洗剤を入れることはできますか？,一般的な洗濯コースを選んだ場合、洗濯が完了するまでにおよそ何分くらいかかりますか？,0.4785610297110529
スチーム機能は何に使うの？,洗濯物の絡まりを防ぐには？,0.47855616603808665
洗濯機を使い始めるにはどうすればいいですか？　手順を教えて下さい。,洗濯の各工程（洗い、すすぎ、脱水、乾燥）について、自分の好みに合わせて時間を設定したり、回数を変更したりすることはできますか？,0.4785205239617639
「洗い」だけ行いたいのですが,「わが家流」設定って何？,0.4785128752617824
洗濯はせず、衣類を乾燥させる機能だけを使いたいのですが、どのように操作すれば良いですか？,ドアが完全に閉まりません,0.4785047055080972
羽毛布団は洗えますか？,「わが家流」設定とは何ですか？,0.47849815156159203
おすすめのコースを教えて？,設定を工場出荷時に戻せる？,0.47849626505786946
洗濯終了時のお知らせ音を鳴らさないようにしたいのですが、その設定はどこで変更できますか？,排水エラーが出た。,0.47848954250030096
おすすめのコースを教えて？,ドラムが動きません,0.47847812043073623
乾燥なしで洗濯するには？,白い粉が残るのですが。,0.4784351330100579
省エネ機能はある？,洗濯機本体が不安定で揺れるのですが、どうすれば改善できますか？設置状況を確認する必要がありますか？,0.47842376052722085
手動で洗剤を入れることはできますか？,洗濯機が排水できないというエラーメッセージが表示されたのですが、原因は何でしょうか？自分で解決できる方法はありますか？,0.47841116130361583
衣類のしわを伸ばしたり、気になるにおいを取り除いたりしたいのですが、スチーム機能はどのように使えば良いですか？,本体の揺れが気になる。,0.47840725417291896
個別の設定は可能ですか？,洗濯物を保護するために、洗濯ネットを使用する必要はありますか？どのような種類の衣類に推奨されますか？,0.47832445179692035
「わが家流」設定とは何ですか？,洗濯機の下から水が漏れているのですが、どのような原因が考えられますか？自分で確認できる対処法はありますか？,0.47832214437185294
乾燥なしで洗濯するには？,設定を工場出荷時に戻せる？,0.47831870938575827
おすすめのコースを教えて？,洗濯中に急な用事ができた場合、途中で運転を一時停止させることはできますか？その操作方法を教えてください。,0.4782849863154508
洗濯中に通常とは異なる音がするのですが、どのような原因が考えられますか？自分で確認できることはありますか？,急いで洗濯したい時は？,0.4781703696430616
手動で個別に設定する事は可能ですか？,本体が熱い。,0.47812484875803807
洗濯の始め方は？,白い粉が残るのですが。,0.4780927820314209
チャイルドロックの設定をしたい,水漏れしています。どうしたらよいですか？,0.4780698636062177
ジェット乾燥とは何ですか？,洗濯中に一時停止は可能？,0.4780081562311267
脱水時間の変更は可能ですか？,おしゃれ着コースはありますか？,0.4780055647960574
手動で洗剤を入れることはできますか？,脱水時間の変更は可能ですか？,0.47791647201964943
デリケートな衣類やおしゃれ着を優しく洗うための専用コースはありますか？,「わが家流」設定って何？,0.4778557829722197
洗濯の始め方は？,使用する洗剤のブランドや種類を変更した場合、洗濯機側で何か設定を変更する必要はありますか？,0.47785483129150785
脱水時間の変更は可能ですか？,ドアが完全に閉まりません,0.4778315619861609
洗濯をスタートする方法を教えて？,手動で個別に設定する事は可能ですか？,0.4778239657772611
自動投入機能の使い方を教えて？,設定を工場出荷時に戻せる？,0.4778045616253604
「排水できない」エラーが出ます,洗濯時間は何分ですか？,0.4777679468426327
一時停止中にドアは開きますか？,洗濯と乾燥の最大容量は？,0.4777589015807537
洗濯の始め方は？,洗濯はせず、衣類を乾燥させる機能だけを使いたいのですが、どのように操作すれば良いですか？,0.4777027664479265
衣類のしわを伸ばしたり、気になるにおいを取り除いたりしたいのですが、スチーム機能はどのように使えば良いですか？,異音がします。どうしたらよいですか？,0.4776998753179539
スチーム機能の使い方を教えて？,「洗い」だけ行いたいのですが,0.4776869681490613
ドアが完全に閉まりません,水が出ないエラーが出た。,0.47761049722778437
「排水できない」エラーが出ます,この洗濯機に最適な洗剤や柔軟剤はありますか？メーカーから推奨されている製品があれば教えてください。,0.4776029592649499
終了音を消すには？,「排水できない」エラーが出ます,0.47756446017406035
白い粉が残るのですが。,この洗濯機に最適な洗剤や柔軟剤はありますか？メーカーから推奨されている製品があれば教えてください。,0.47754893671531873
チャイルドロックの設定をしたい,省エネモードはありますか？,0.47752784278825466
チャイルドロックの設定をしたい,洗濯後、衣類に白い粉状のものが付着しているのですが、何が原因ですか？どのように対処すれば改善されますか？,0.4775252489847816
衣類のしわを伸ばしたり、気になるにおいを取り除いたりしたいのですが、スチーム機能はどのように使えば良いですか？,洗濯物の種類によって脱水時間を調整したいのですが、何分まで設定できますか？,0.4774855315860642
自宅にいない時でも、スマートフォンなどを使って洗濯機を遠隔で操作し、洗濯を開始することはできますか？,洗濯の途中で一時停止できますか？,0.4774223782609095
すすぎの設定を変更することは可能ですか？,ドアが完全に閉まりません,0.47736859820069505
自動投入機能の使い方を教えて？,洗濯終了時のお知らせ音を鳴らさないようにしたいのですが、その設定はどこで変更できますか？,0.47736852170827204
洗濯の各工程（洗い、すすぎ、脱水、乾燥）について、自分の好みに合わせて時間を設定したり、回数を変更したりすることはできますか？,ドアが開かない原因は？,0.4773583214355077
省エネモードはありますか？,本体がぐらつきます。どうしたら良いですか？,0.4773327450648825
「水が出ない」エラーが出ます,洗濯の所要時間は？,0.4773029899190318
洗濯ネットは使うべき？,設定の初期化はできますか？,0.4772926877930684
洗濯を一時停止した際、追加の衣類を入れるためにドアを開けることは可能ですか？その条件は何ですか？,「わが家流」設定とは何ですか？,0.47728127120384334
洗濯をスタートする方法を教えて？,異音がします。どうしたらよいですか？,0.47724631997841377
省エネモードはありますか？,変な音がするのですが。,0.47723102033203907
洗濯をスタートする方法を教えて？,設定の初期化はできますか？,0.4772273370898844
毛布の洗濯は可能？,「水が出ない」エラーが出ます,0.4772041190230326
「洗い」だけ行いたいのですが,排水エラーが出た。,0.4771657215713943
「ふんわりキープ」とはどのような機能ですか？,誤った設定をしてしまったので、洗濯機の設定をすべて初期状態に戻したいのですが、その方法を教えてください。,0.47716200241282297
スチーム機能の使い方を教えて？,すすぎや脱水はせずに、衣類を「洗い」の工程だけで済ませたいのですが、そのような設定はできますか？,0.47714061953764
洗濯終了時のお知らせ音を鳴らさないようにしたいのですが、その設定はどこで変更できますか？,洗濯機の下から水が漏れているのですが、どのような原因が考えられますか？自分で確認できる対処法はありますか？,0.47712945726149736
特に汚れがひどい洗濯物なので、2回続けて洗いたいのですが、そのような設定は可能ですか？,脱水時間の調整はできる？,0.47709387285198834
深夜運転は静か？,水漏れしています。どうしたらよいですか？,0.47708149764601254
自動投入機能を使わずに、自分で洗剤を投入したいのですが、設定を教えてください？,「排水できない」エラーが出ます,0.4770712957463986
洗いのみは可能？,「わが家流」設定とは何ですか？,0.47705073669452225
洗濯の途中で一時停止できますか？,スニーカーは洗える？,0.47703711907879875
脱水時間の変更は可能ですか？,洗濯コースの選択肢が画面に表示されないのですが、これはどういう状況ですか？どのように対処すれば良いですか？,0.47702811022147706
洗濯はせず、衣類を乾燥させる機能だけを使いたいのですが、どのように操作すれば良いですか？,排水エラーが出た。,0.4769939382827154
洗濯中に一時停止は可能？,深夜に運転しても大丈夫？,0.4769780491421333
洗濯の所要時間は？,設定の初期化はできますか？,0.4769557442739591
排水エラーが出た。,おすすめの洗剤・柔軟剤はありますか？,0.4769273678492486
洗濯機を使い始めるにはどうすればいいですか？　手順を教えて下さい。,洗濯中に通常とは異なる音がするのですが、どのような原因が考えられますか？自分で確認できることはありますか？,0.4769161385155034
スチーム機能は何に使うの？,洗濯中に通常とは異なる音がするのですが、どのような原因が考えられますか？自分で確認できることはありますか？,0.4769030377904363
チャイルドロックの設定をしたい,洗濯ネットは使うべき？,0.47685509371207524
洗濯終了時のお知らせ音を鳴らさないようにしたいのですが、その設定はどこで変更できますか？,この洗濯機で一度に洗濯できる衣類の最大量と、乾燥できる衣類の最大量はそれぞれ何キログラムですか？,0.47681527103275756
洗濯の途中で一時停止できますか？,自宅の洗濯機で毛布を洗うことはできますか？もし洗える場合、何か特別な条件やコースがありますか？,0.47679553698589544
チャイルドロックの設定をしたい,洗濯物を保護するために、洗濯ネットを使用する必要はありますか？どのような種類の衣類に推奨されますか？,0.47679499322128926
ジェット乾燥とは何ですか？,「水が出ない」エラーが出ます,0.4767899716893148
ふんわりキープとは何ですか？,洗濯物の絡まりを防ぐには？,0.47677994524007306
自宅にいない時でも、スマートフォンなどを使って洗濯機を遠隔で操作し、洗濯を開始することはできますか？,洗濯後に衣類が絡まってしまうことが多いのですが、何か絡まりを防ぐための対処法はありますか？,0.4767719264617582
羽毛布団は洗濯できる？,設定の初期化はできますか？,0.47676741916947774
洗濯の途中で一時停止できますか？,洗濯物を保護するために、洗濯ネットを使用する必要はありますか？どのような種類の衣類に推奨されますか？,0.47674550602655186
洗濯の各工程（洗い、すすぎ、脱水、乾燥）について、自分の好みに合わせて時間を設定したり、回数を変更したりすることはできますか？,ナノイーXとは何ですか？,0.47667486288233696
自動投入機能はどう使うの？,白い粉が残るのですが。,0.47664382802342653
洗いのみは可能？,洗濯ネットは使うべき？,0.47653010859237066
チャイルドロックはどこで設定する？,洗濯物が絡まります。どうしたらよいですか？,0.4765047623923214
洗濯の始め方は？,洗濯後、衣類に白い粉状のものが付着しているのですが、何が原因ですか？どのように対処すれば改善されますか？,0.4764891594099865
洗濯を一時停止した際、追加の衣類を入れるためにドアを開けることは可能ですか？その条件は何ですか？,頻繁に使う洗濯設定を保存しておきたいのですが、「わが家流」設定とは具体的にどのような機能ですか？,0.4764861105830465
洗濯の始め方は？,夜遅い時間帯に洗濯機を運転しても、近隣に迷惑がかからないように静かに運転できるモードはありますか？,0.47645117714820645
羽毛布団は洗えますか？,設定の初期化はできますか？,0.4764319462440715
ナノイーXとは何ですか？,「わが家流」設定とは何ですか？,0.4764268046626863
脱水時間の変更は可能ですか？,洗濯を開始しようとしてもドラムが回転しないのですが、何が原因として考えられますか？安全装置が作動している可能性はありますか？,0.47640407288938313
「排水できない」エラーが出ます,この洗濯機で一度に洗濯できる衣類の最大量と、乾燥できる衣類の最大量はそれぞれ何キログラムですか？,0.4763320497490827
おすすめのコースを教えて？,チャイルドロックの設定をしたい,0.4763298417214163
洗濯終了時のお知らせ音を鳴らさないようにしたいのですが、その設定はどこで変更できますか？,「排水できない」エラーが出ます,0.4762686854600657
頻繁に使う洗濯設定を保存しておきたいのですが、「わが家流」設定とは具体的にどのような機能ですか？,予約の仕方は？,0.47625092133519337
夜遅い時間帯に洗濯機を運転しても、近隣に迷惑がかからないように静かに運転できるモードはありますか？,水漏れの原因は？,0.4762408127087015
手動で洗剤を入れることはできますか？,「洗い」だけ行いたいのですが,0.476181465938879
自動投入機能はどう使うの？,脱水時間の調整はできる？,0.47617862277182255
ふんわりキープとは何ですか？,省エネ機能はある？,0.47615965025570706
ジェット乾燥って何？,「水が出ない」エラーが出ます,0.47613649523185775
2度洗いは出来ますか？,白い粉が残るのですが。,0.4761351735616138
ナノイーXとは何ですか？,洗濯中に急な用事ができた場合、途中で運転を一時停止させることはできますか？その操作方法を教えてください。,0.47612515891908935
洗濯の各工程（洗い、すすぎ、脱水、乾燥）について、自分の好みに合わせて時間を設定したり、回数を変更したりすることはできますか？,ドアが開かないのですが,0.4761190950978077
手動で洗剤を入れることはできますか？,最大容量は？,0.47606377265553956
洗濯終了時のお知らせ音を鳴らさないようにしたいのですが、その設定はどこで変更できますか？,夜遅い時間帯に洗濯機を運転しても、近隣に迷惑がかからないように静かに運転できるモードはありますか？,0.47599108831911274
「わが家流」設定って何？,洗濯機のドアが最後まで閉まらないのですが、何を確認すれば良いですか？,0.4759792934557391
終了音を消すには？,最大容量は？,0.47596665197847954
洗濯の各工程（洗い、すすぎ、脱水、乾燥）について、自分の好みに合わせて時間を設定したり、回数を変更したりすることはできますか？,一時停止したらドアは開く？,0.47594180888169485
脱水時間の変更は可能ですか？,洗濯ネットは必要ですか？,0.4759375047060246
チャイルドロックの設定をしたい,洗濯を一時停止した際、追加の衣類を入れるためにドアを開けることは可能ですか？その条件は何ですか？,0.47592726902031335
一時停止中にドアは開きますか？,省エネモードはありますか？,0.47586634909367853
洗濯後に衣類が絡まってしまうことが多いのですが、何か絡まりを防ぐための対処法はありますか？,設定を工場出荷時に戻せる？,0.475860009787424
脱水時間の変更は可能ですか？,外出先から洗濯を開始できますか？,0.47584928462167836
乾燥なしで洗濯するには？,「わが家流」設定って何？,0.47578337054274034
洗濯中に一時停止は可能？,本体の揺れが気になる。,0.47574654360032387
洗濯後に衣類が絡まってしまうことが多いのですが、何か絡まりを防ぐための対処法はありますか？,水が出ないエラーが出た。,0.47572677109194506
「洗い」だけ行いたいのですが,この洗濯機で一度に洗濯できる衣類の最大量と、乾燥できる衣類の最大量はそれぞれ何キログラムですか？,0.4756823443067255
ジェット乾燥って何？,省エネ機能はある？,0.47556448539613905
終了音を消すには？,洗濯物が絡まります。どうしたらよいですか？,0.47549317884768355
夜遅い時間帯に洗濯機を運転しても、近隣に迷惑がかからないように静かに運転できるモードはありますか？,水が出ないエラーが出た。,0.475493092721765
洗濯機が排水できないというエラーメッセージが表示されたのですが、原因は何でしょうか？自分で解決できる方法はありますか？,設定の初期化はできますか？,0.47545547656424964
手動で個別に設定する事は可能ですか？,ドアが完全に閉まりません,0.47542797412311744
スチーム機能は何に使うの？,洗濯と乾燥の最大容量は？,0.4754221043871111
「わが家流」設定とは何ですか？,水漏れの原因は？,0.47541447700503986
脱水時間の調整はできる？,スニーカーは洗える？,0.475405798123056
乾燥なしで洗濯するには？,洗濯機が排水できないというエラーメッセージが表示されたのですが、原因は何でしょうか？自分で解決できる方法はありますか？,0.47538681937282246
ナノイーXの機能は？,洗濯終了時のお知らせ音を鳴らさないようにしたいのですが、その設定はどこで変更できますか？,0.4753838689010518
脱水時間の調整はできる？,毛布は洗えますか？,0.47537025336009087
洗濯物の絡まりを防ぐには？,排水エラーが出た。,0.4753380816818523
洗濯物の種類や汚れ具合に関わらず、最もおすすめの洗濯コースは何ですか？そのコースではどのような設定が自動で行われますか？,ドアが閉まらない時は？,0.47533712980898424
特に汚れがひどい洗濯物なので、2回続けて洗いたいのですが、そのような設定は可能ですか？,設定の初期化はできますか？,0.47533088946286217
急いで洗濯したい時は？,洗濯機の下から水が漏れているのですが、どのような原因が考えられますか？自分で確認できる対処法はありますか？,0.47529872431719633
衣類を洗うだけで、乾燥工程は行いたくない場合、どのコースを選択すれば良いですか？,「排水できない」エラーが出ます,0.4752874292877939
スチーム機能は何に使うの？,洗濯機本体に触れると熱いのですが、これは異常ですか？特に乾燥運転中に熱くなることはありますか？,0.47523356770864633
ジェット乾燥って何？,洗濯の途中で一時停止できますか？,0.47519636015786904
洗濯をスタートする方法を教えて？,この洗濯機で一度に洗濯できる衣類の最大量と、乾燥できる衣類の最大量はそれぞれ何キログラムですか？,0.4750786499709828
自動投入機能を使わずに、自分で洗剤を投入したいのですが、設定を教えてください？,夜遅い時間帯に洗濯機を運転しても、近隣に迷惑がかからないように静かに運転できるモードはありますか？,0.4750711829163822
「ふんわりキープ」とはどのような機能ですか？,洗濯中に急な用事ができた場合、途中で運転を一時停止させることはできますか？その操作方法を教えてください。,0.47504527556355836
ジェット乾燥とは何ですか？,終了音を消すには？,0.4750150180618778
すすぎの設定を変更することは可能ですか？,洗濯中に急な用事ができた場合、途中で運転を一時停止させることはできますか？その操作方法を教えてください。,0.4750132840105993
乾燥だけで使用出来ますか？,「わが家流」設定とは何ですか？,0.474975108025386
洗濯機に水が供給されないというエラーが表示されたのですが、どのような原因が考えられますか？自分でできる確認事項はありますか？,最大容量は？,0.4749496973463653
特に汚れがひどい洗濯物なので、2回続けて洗いたいのですが、そのような設定は可能ですか？,運転終了時にアラームを鳴らさないようにできますか？,0.47492125052063155
手動で洗剤を入れることはできますか？,「わが家流」設定って何？,0.4749184966342864
洗濯物の種類によって脱水時間を調整したいのですが、何分まで設定できますか？,電気代や水道代を節約できるような省エネ運転モードは搭載されていますか？,0.4748533649874378
洗濯物の種類や汚れ具合に関わらず、最もおすすめの洗濯コースは何ですか？そのコースではどのような設定が自動で行われますか？,チャイルドロックの設定をしたい,0.4748359138583768
個別の設定は可能ですか？,ナノイーX機能について詳しく教えてください。どのような効果があり、どのコースで利用できますか？,0.47477188761401823
夜遅い時間帯に洗濯機を運転しても、近隣に迷惑がかからないように静かに運転できるモードはありますか？,「水が出ない」エラーが出ます,0.4747586985734362
スチーム機能の使い方を教えて？,一時停止したらドアは開く？,0.4747460824841793
おすすめのコースを教えて？,手動で洗剤を入れることはできますか？,0.47470109315013576
洗濯物を保護するために、洗濯ネットを使用する必要はありますか？どのような種類の衣類に推奨されますか？,本体が熱くなります,0.4745684531447433
一時停止したらドアは開く？,この洗濯機で一度に洗濯できる衣類の最大量と、乾燥できる衣類の最大量はそれぞれ何キログラムですか？,0.4744848325404184
衣類のしわを伸ばしたり、気になるにおいを取り除いたりしたいのですが、スチーム機能はどのように使えば良いですか？,「洗い」だけ行いたいのですが,0.474472391120222
洗濯の各工程（洗い、すすぎ、脱水、乾燥）について、自分の好みに合わせて時間を設定したり、回数を変更したりすることはできますか？,自動投入機能を使わずに、自分で洗剤を投入したいのですが、設定を教えてください？,0.4744654502411696
洗濯の途中で一時停止できますか？,白い粉が残るのですが。,0.47440948364315305
洗濯の始め方は？,設定を工場出荷時に戻せる？,0.4743477648298181
水が出ないエラーが出た。,予約機能の使い方をおしえて？,0.4743170750209039
チャイルドロックの設定をしたい,一時停止したらドアは開く？,0.47429832879753137
2度洗いは出来ますか？,洗濯後、衣類に白い粉状のものが付着しているのですが、何が原因ですか？どのように対処すれば改善されますか？,0.4742843922200879
ナノイーXとは何ですか？,ドアが開かない原因は？,0.4742218905993403
洗濯をスタートする方法を教えて？,夜遅い時間帯に洗濯機を運転しても、近隣に迷惑がかからないように静かに運転できるモードはありますか？,0.47422011472058334
乾燥なしで洗濯するには？,省エネ機能はある？,0.4741981260576168
スチーム機能の使い方を教えて？,洗濯と乾燥の最大容量は？,0.4741912179795462
洗濯をスタートする方法を教えて？,すすぎや脱水はせずに、衣類を「洗い」の工程だけで済ませたいのですが、そのような設定はできますか？,0.47411356474894206
洗濯の各工程（洗い、すすぎ、脱水、乾燥）について、自分の好みに合わせて時間を設定したり、回数を変更したりすることはできますか？,洗濯コースの選択肢が画面に表示されないのですが、これはどういう状況ですか？どのように対処すれば良いですか？,0.47411223355525917
洗剤を手動で投入できますか？,洗濯ネットは必要ですか？,0.474017100831498
洗濯の途中で一時停止できますか？,洗濯後、衣類に白い粉状のものが付着しているのですが、何が原因ですか？どのように対処すれば改善されますか？,0.4740153913756968
深夜運転は静か？,水が出ないエラーが出た。,0.4739960544956748
自動投入機能を使わずに、自分で洗剤を投入したいのですが、設定を教えてください？,排水エラーが出た。,0.4739618227678203
自動投入機能を使わずに、自分で洗剤を投入したいのですが、設定を教えてください？,洗濯機のドアが最後まで閉まらないのですが、何を確認すれば良いですか？,0.4739607032262285
洗濯ネットは使うべき？,洗濯機が排水できないというエラーメッセージが表示されたのですが、原因は何でしょうか？自分で解決できる方法はありますか？,0.4739264613549141
「洗い」だけ行いたいのですが,運転終了時にアラームを鳴らさないようにできますか？,0.47391762474498256
スチーム機能は何に使うの？,変な音がするのですが。,0.4738935092726476
遠隔で洗濯を開始できますか？,省エネ機能はある？,0.47385827691064203
おすすめのコースを教えて？,洗濯を開始しようとしてもドラムが回転しないのですが、何が原因として考えられますか？安全装置が作動している可能性はありますか？,0.4738492601260318
洗いのみは可能？,変な音がするのですが。,0.47381836470351224
洗濯物が絡まります。どうしたらよいですか？,スニーカーは洗える？,0.47379636903269107
特に汚れがひどい洗濯物なので、2回続けて洗いたいのですが、そのような設定は可能ですか？,設定を工場出荷時に戻せる？,0.47378734273990736
ジェット乾燥機能は、どのような仕組みで乾燥をするのですか？,洗濯中に急な用事ができた場合、途中で運転を一時停止させることはできますか？その操作方法を教えてください。,0.47377355533259446
子供が誤って操作しないように、チャイルドロックを設定したいのですが、その方法と解除方法を教えてください。,設定の初期化はできますか？,0.4737712568481035
脱水時間の調整はできる？,洗濯機のドアが最後まで閉まらないのですが、何を確認すれば良いですか？,0.47376430617049137
洗濯終了時のお知らせ音を鳴らさないようにしたいのですが、その設定はどこで変更できますか？,洗濯が終わったのにドアがロックされて開かないのですが、これは故障ですか？どのくらい時間が経てば開くようになりますか？,0.4737614136535379
乾燥のみの運転は可能ですか？,頻繁に使う洗濯設定を保存しておきたいのですが、「わが家流」設定とは具体的にどのような機能ですか？,0.47374488143583315
最適なコースは？,ドアが開かない原因は？,0.47367022909727863
洗剤を手動で投入できますか？,水漏れしています。どうしたらよいですか？,0.47364670105232687
洗濯ネットは必要ですか？,洗濯物が絡まります。どうしたらよいですか？,0.4736065028549217
運転終了時にアラームを鳴らさないようにできますか？,最大容量は？,0.47357634057120873
ふんわりキープとは何ですか？,洗濯中に一時停止は可能？,0.47356298366592253
洗濯中に一時停止は可能？,スニーカーは洗える？,0.47347589752300556
「わが家流」設定って何？,この洗濯機で靴を洗うことはできますか？もしできない場合、何か代わりの方法はありますか？,0.47342651206269204
毛布は洗えますか？,「わが家流」設定とは何ですか？,0.47340801506090857
洗濯だけする方法を教えて？,電気代や水道代を節約できるような省エネ運転モードは搭載されていますか？,0.47339092266076377
排水エラーが出た。,最大容量は？,0.47334049311903464
洗剤を手動で投入できますか？,洗濯コースの選択肢が画面に表示されないのですが、これはどういう状況ですか？どのように対処すれば良いですか？,0.47333413111058675
子供が誤って操作しないように、チャイルドロックを設定したいのですが、その方法と解除方法を教えてください。,「水が出ない」エラーが出ます,0.4733121891572573
ジェット乾燥機能は、どのような仕組みで乾燥をするのですか？,頻繁に使う洗濯設定を保存しておきたいのですが、「わが家流」設定とは具体的にどのような機能ですか？,0.473303045565148
再洗はできる？,設定の初期化はできますか？,0.4732774316060244
洗濯の始め方は？,ナノイーXとは何ですか？,0.47327523059123283
省エネモードはありますか？,コースが表示されない。,0.47326662661479957
脱水時間の調整はできる？,ドラムが回らない。,0.4731065897108102
「洗い」だけ行いたいのですが,洗濯の所要時間は？,0.47309611205818863
洗濯物の種類や汚れ具合に関わらず、最もおすすめの洗濯コースは何ですか？そのコースではどのような設定が自動で行われますか？,「水が出ない」エラーが出ます,0.47299133540681115
子供が誤って操作しないように、チャイルドロックを設定したいのですが、その方法と解除方法を教えてください。,省エネモードはありますか？,0.4729246992093984
スチーム機能の使い方を教えて？,水が出ないエラーが出た。,0.4729160883985333
洗いのみは可能？,水が出ないエラーが出た。,0.47290882695224307
終了音を消すには？,この洗濯機で一度に洗濯できる衣類の最大量と、乾燥できる衣類の最大量はそれぞれ何キログラムですか？,0.47283251732249076
この洗濯機で一度に洗濯できる衣類の最大量と、乾燥できる衣類の最大量はそれぞれ何キログラムですか？,設定を工場出荷時に戻せる？,0.47280968037879606
洗濯中に一時停止は可能？,靴は洗えますか？,0.4727824831248312
この洗濯機で一度に洗濯できる衣類の最大量と、乾燥できる衣類の最大量はそれぞれ何キログラムですか？,誤った設定をしてしまったので、洗濯機の設定をすべて初期状態に戻したいのですが、その方法を教えてください。,0.47271510736252226
最適なコースは？,外出先から洗濯を開始できますか？,0.47269441566176584
洗濯中に一時停止は可能？,洗濯の開始時刻を事前に設定しておきたいのですが、予約機能はどのように使えば良いですか？,0.47268451184250204
省エネモードはありますか？,デリケートな衣類やおしゃれ着を優しく洗うための専用コースはありますか？,0.4726589613384445
洗濯を一時停止した際、追加の衣類を入れるためにドアを開けることは可能ですか？その条件は何ですか？,本体が熱い。,0.4726579447005013
水が出ないエラーが出た。,この洗濯機に最適な洗剤や柔軟剤はありますか？メーカーから推奨されている製品があれば教えてください。,0.47264704407532854
洗剤や柔軟剤を計る手間を省きたいのですが、自動投入機能はどのように設定して使用するのですか？,電気代や水道代を節約できるような省エネ運転モードは搭載されていますか？,0.4726002326666548
スチーム機能の使い方を教えて？,脱水時間の変更は可能ですか？,0.47259522114199626
洗濯後に衣類が絡まってしまうことが多いのですが、何か絡まりを防ぐための対処法はありますか？,使用する洗剤のブランドや種類を変更した場合、洗濯機側で何か設定を変更する必要はありますか？,0.4725951050388938
特に汚れがひどい洗濯物なので、2回続けて洗いたいのですが、そのような設定は可能ですか？,洗濯と乾燥の最大容量は？,0.4725636968801956
洗いのみは可能？,洗濯ネットは必要ですか？,0.47256158476791105
手動で洗剤を入れることはできますか？,おすすめの洗剤・柔軟剤はありますか？,0.4725146895436586
衣類のしわを伸ばしたり、気になるにおいを取り除いたりしたいのですが、スチーム機能はどのように使えば良いですか？,白い粉が残るのですが。,0.4725017914846783
最適なコースは？,手動で洗剤を入れることはできますか？,0.4724652771231699
再洗はできる？,終了音を消すには？,0.47245809730208
「洗い」だけ行いたいのですが,洗濯時間は何分ですか？,0.47242677673343497
運転終了時にアラームを鳴らさないようにできますか？,洗濯後、衣類に白い粉状のものが付着しているのですが、何が原因ですか？どのように対処すれば改善されますか？,0.47242150418113893
ドアが開かないのですが,洗濯中に一時停止は可能？,0.4723918728024492
スチーム機能の使い方を教えて？,おすすめの洗剤・柔軟剤はありますか？,0.47239174089361335
本体の揺れが気になる。,本体が熱くなります,0.4723431303010666
省エネモードはありますか？,予約機能の使い方をおしえて？,0.47227798233929863
チャイルドロックはどこで設定する？,省エネモードはありますか？,0.47224745942448587
省エネ機能はある？,デリケートな衣類やおしゃれ着を優しく洗うための専用コースはありますか？,0.47223404480386566
おすすめのコースを教えて？,洗剤を手動で投入できますか？,0.47221773192924377
洗濯機を使い始めるにはどうすればいいですか？　手順を教えて下さい。,この洗濯機で一度に洗濯できる衣類の最大量と、乾燥できる衣類の最大量はそれぞれ何キログラムですか？,0.4722067924622959
ナノイーX機能について詳しく教えてください。どのような効果があり、どのコースで利用できますか？,一時停止中にドアは開きますか？,0.47219318627356227
特に汚れがひどい洗濯物なので、2回続けて洗いたいのですが、そのような設定は可能ですか？,誤った設定をしてしまったので、洗濯機の設定をすべて初期状態に戻したいのですが、その方法を教えてください。,0.472138738342484
予約の仕方は？,洗濯機本体に触れると熱いのですが、これは異常ですか？特に乾燥運転中に熱くなることはありますか？,0.47213622265250355
手動で個別に設定する事は可能ですか？,ドラムが回らない。,0.47213385939779584
洗濯後に衣類が絡まってしまうことが多いのですが、何か絡まりを防ぐための対処法はありますか？,排水エラーが出た。,0.47211810422391676
省エネ機能はある？,頻繁に使う洗濯設定を保存しておきたいのですが、「わが家流」設定とは具体的にどのような機能ですか？,0.47211534100475117
洗濯中に一時停止は可能？,予約の仕方は？,0.4721126929315079
洗濯の開始時刻を事前に設定しておきたいのですが、予約機能はどのように使えば良いですか？,本体が熱くなります,0.4721103107218284
脱水時間の変更は可能ですか？,深夜運転は静か？,0.4719534126783772
洗濯の各工程（洗い、すすぎ、脱水、乾燥）について、自分の好みに合わせて時間を設定したり、回数を変更したりすることはできますか？,洗濯だけする方法を教えて？,0.47192985520305764
「わが家流」設定とは何ですか？,洗濯物に白い粉が残っています。　どうしたらよいですか？,0.47192951384948756
運転終了時にアラームを鳴らさないようにできますか？,洗濯ネットは使うべき？,0.4718823953700978
洗濯中に一時停止は可能？,「排水できない」エラーが出ます,0.4718814196882246
水漏れしています。どうしたらよいですか？,誤った設定をしてしまったので、洗濯機の設定をすべて初期状態に戻したいのですが、その方法を教えてください。,0.4717569046795181
洗濯を一時停止した際、追加の衣類を入れるためにドアを開けることは可能ですか？その条件は何ですか？,本体が熱くなります,0.471755132268464
時間がない時に、短時間で洗濯を済ませられるようなコースはありますか？,最大容量は？,0.471754904556184
洗濯物の種類や汚れ具合に関わらず、最もおすすめの洗濯コースは何ですか？そのコースではどのような設定が自動で行われますか？,ジェット乾燥って何？,0.47170208908346056
手動で個別に設定する事は可能ですか？,スニーカーは洗える？,0.47166116809820996
個別の設定は可能ですか？,洗濯後に衣類が絡まってしまうことが多いのですが、何か絡まりを防ぐための対処法はありますか？,0.4715998009984231
洗濯物の種類によって脱水時間を調整したいのですが、何分まで設定できますか？,洗濯ネットは必要ですか？,0.47159956636704636
洗濯機に水が供給されないというエラーが表示されたのですが、どのような原因が考えられますか？自分でできる確認事項はありますか？,洗濯と乾燥の最大容量は？,0.47158943872784076
子供が誤って操作しないように、チャイルドロックを設定したいのですが、その方法と解除方法を教えてください。,水が出ないエラーが出た。,0.47156201671814374
「水が出ない」エラーが出ます,本体が熱くなります,0.4715525572195754
乾燥なしで洗濯するには？,洗濯機の下から水が漏れているのですが、どのような原因が考えられますか？自分で確認できる対処法はありますか？,0.47150445096028615
洗剤や柔軟剤を計る手間を省きたいのですが、自動投入機能はどのように設定して使用するのですか？,本体が熱くなります,0.4715042725667197
乾燥のみの運転は可能ですか？,本体が熱い。,0.4714816472287711
洗濯中に一時停止は可能？,夜遅い時間帯に洗濯機を運転しても、近隣に迷惑がかからないように静かに運転できるモードはありますか？,0.47144779757964045
羽毛布団は洗えますか？,誤った設定をしてしまったので、洗濯機の設定をすべて初期状態に戻したいのですが、その方法を教えてください。,0.4713581483505258
洗濯物を保護するために、洗濯ネットを使用する必要はありますか？どのような種類の衣類に推奨されますか？,「排水できない」エラーが出ます,0.4713173513816775
洗濯物の絡まりを防ぐには？,本体の揺れが気になる。,0.471271186685736
子供が誤って操作しないように、チャイルドロックを設定したいのですが、その方法と解除方法を教えてください。,省エネ機能はある？,0.4712679177096003
本体がぐらつきます。どうしたら良いですか？,この洗濯機に最適な洗剤や柔軟剤はありますか？メーカーから推奨されている製品があれば教えてください。,0.47124706977369846
チャイルドロックの設定をしたい,白い粉が残るのですが。,0.4712343274512434
洗剤を手動で投入できますか？,ジェット乾燥機能は、どのような仕組みで乾燥をするのですか？,0.47123355415656026
2度洗いは出来ますか？,洗濯と乾燥の最大容量は？,0.47114800470337537
手動で洗剤を入れることはできますか？,洗濯機の下から水が漏れているのですが、どのような原因が考えられますか？自分で確認できる対処法はありますか？,0.47112782544297993
洗濯中に一時停止は可能？,本体がぐらつきます。どうしたら良いですか？,0.4711225630598832
子供が誤って操作しないように、チャイルドロックを設定したいのですが、その方法と解除方法を教えてください。,時間がない時に、短時間で洗濯を済ませられるようなコースはありますか？,0.47106652167748114
2度洗いは出来ますか？,ドアが完全に閉まりません,0.47102750676662963
洗濯だけする方法を教えて？,本体が熱い。,0.47101004252358525
運転終了時にアラームを鳴らさないようにできますか？,一時停止したらドアは開く？,0.47098546633420946
すすぎや脱水はせずに、衣類を「洗い」の工程だけで済ませたいのですが、そのような設定はできますか？,洗濯物の絡まりを防ぐには？,0.4709225874166392
洗濯をスタートする方法を教えて？,電気代や水道代を節約できるような省エネ運転モードは搭載されていますか？,0.47091014334487585
2度洗いは出来ますか？,水漏れしています。どうしたらよいですか？,0.47089041480758986
脱水時間の調整はできる？,最大容量は？,0.470879894976842
水漏れしています。どうしたらよいですか？,設定の初期化はできますか？,0.4708791113850169
乾燥なしで洗濯するには？,「洗い」だけ行いたいのですが,0.47082189889224635
ナノイーXの機能は？,洗濯機の下から水が漏れているのですが、どのような原因が考えられますか？自分で確認できる対処法はありますか？,0.47079922792530016
自動投入機能の使い方を教えて？,誤った設定をしてしまったので、洗濯機の設定をすべて初期状態に戻したいのですが、その方法を教えてください。,0.47077057132600897
洗濯の各工程（洗い、すすぎ、脱水、乾燥）について、自分の好みに合わせて時間を設定したり、回数を変更したりすることはできますか？,推奨の洗剤・柔軟剤は？,0.4707179260355324
「洗い」だけ行いたいのですが,省エネ機能はある？,0.4707015866202121
深夜に運転しても大丈夫？,洗濯時間は何分ですか？,0.47060757569888756
洗剤を手動で投入できますか？,最大容量は？,0.4705790528962311
ナノイーX機能について詳しく教えてください。どのような効果があり、どのコースで利用できますか？,終了音を消すには？,0.47053198644260735
運転終了時にアラームを鳴らさないようにできますか？,洗濯ネットは必要ですか？,0.4705101122150123
特に汚れがひどい洗濯物なので、2回続けて洗いたいのですが、そのような設定は可能ですか？,最大容量は？,0.4705098976972934
水漏れの原因は？,設定を工場出荷時に戻せる？,0.47048973170073116
すすぎや脱水はせずに、衣類を「洗い」の工程だけで済ませたいのですが、そのような設定はできますか？,設定を工場出荷時に戻せる？,0.470454267268443
電気代や水道代を節約できるような省エネ運転モードは搭載されていますか？,洗濯機本体が不安定で揺れるのですが、どうすれば改善できますか？設置状況を確認する必要がありますか？,0.470385309062833
最適なコースは？,本体が熱い。,0.4703598516342086
すすぎ回数は変えられる？,「わが家流」設定とは何ですか？,0.47028985961160563
洗濯中に急な用事ができた場合、途中で運転を一時停止させることはできますか？その操作方法を教えてください。,変な音がするのですが。,0.47028254224317045
省エネ機能はある？,おしゃれ着は洗える？,0.4702787750536325
子供が誤って操作しないように、チャイルドロックを設定したいのですが、その方法と解除方法を教えてください。,「排水できない」エラーが出ます,0.4702142641727698
洗濯中に一時停止は可能？,洗剤の種類によって設定は変わりますか？,0.4701259499228537
最適なコースは？,ドアが閉まらない時は？,0.4700932487107762
すすぎや脱水はせずに、衣類を「洗い」の工程だけで済ませたいのですが、そのような設定はできますか？,洗濯物を保護するために、洗濯ネットを使用する必要はありますか？どのような種類の衣類に推奨されますか？,0.47000451827075207
洗濯だけする方法を教えて？,「水が出ない」エラーが出ます,0.4699934350443664
スチーム機能は何に使うの？,一般的な洗濯コースを選んだ場合、洗濯が完了するまでにおよそ何分くらいかかりますか？,0.46996086200647
チャイルドロックはどこで設定する？,脱水時間の調整はできる？,0.4698751668979422
洗濯の各工程（洗い、すすぎ、脱水、乾燥）について、自分の好みに合わせて時間を設定したり、回数を変更したりすることはできますか？,ふんわりキープとは何ですか？,0.46987436263292715
洗濯をスタートする方法を教えて？,洗剤を手動で投入できますか？,0.46980096094900514
衣類のしわを伸ばしたり、気になるにおいを取り除いたりしたいのですが、スチーム機能はどのように使えば良いですか？,変な音がするのですが。,0.4697735860128391
洗剤の種類で設定変更は必要？,「水が出ない」エラーが出ます,0.4697425676156476
チャイルドロックの設定をしたい,「わが家流」設定って何？,0.46966429317704383
予約機能の使い方をおしえて？,本体が熱い。,0.46958283321564936
洗濯物が絡まります。どうしたらよいですか？,設定の初期化はできますか？,0.4695428181534541
スチーム機能は何に使うの？,すすぎや脱水はせずに、衣類を「洗い」の工程だけで済ませたいのですが、そのような設定はできますか？,0.46941077080807747
2度洗いは出来ますか？,洗濯機が排水できないというエラーメッセージが表示されたのですが、原因は何でしょうか？自分で解決できる方法はありますか？,0.4693221033544617
洗濯だけする方法を教えて？,本体が熱くなります,0.46931898025213514
「洗い」だけ行いたいのですが,洗濯機の下から水が漏れているのですが、どのような原因が考えられますか？自分で確認できる対処法はありますか？,0.46925149692290236
洗いのみは可能？,時間がない時に、短時間で洗濯を済ませられるようなコースはありますか？,0.4692316872172456
洗濯物の種類や汚れ具合に関わらず、最もおすすめの洗濯コースは何ですか？そのコースではどのような設定が自動で行われますか？,自宅にいない時でも、スマートフォンなどを使って洗濯機を遠隔で操作し、洗濯を開始することはできますか？,0.46922837087015357
夜遅い時間帯に洗濯機を運転しても、近隣に迷惑がかからないように静かに運転できるモードはありますか？,最大容量は？,0.4692246860594662
「わが家流」設定とは何ですか？,おすすめの洗剤・柔軟剤はありますか？,0.46920768048622147
終了音を消すには？,洗濯物に白い粉が残っています。　どうしたらよいですか？,0.4692011172110486
洗濯が終わったのにドアがロックされて開かないのですが、これは故障ですか？どのくらい時間が経てば開くようになりますか？,排水エラーが出た。,0.46918915605662714
脱水時間の変更は可能ですか？,洗濯物を保護するために、洗濯ネットを使用する必要はありますか？どのような種類の衣類に推奨されますか？,0.4691478392466816
洗濯はせず、衣類を乾燥させる機能だけを使いたいのですが、どのように操作すれば良いですか？,水が出ないエラーが出た。,0.4691040064064772
手動で個別に設定する事は可能ですか？,洗濯後に衣類が絡まってしまうことが多いのですが、何か絡まりを防ぐための対処法はありますか？,0.4690457973785753
洗濯の途中で一時停止できますか？,推奨の洗剤・柔軟剤は？,0.4689307079039572
お急ぎコースはありますか？,本体が熱い。,0.4689059071928732
子供が誤って操作しないように、チャイルドロックを設定したいのですが、その方法と解除方法を教えてください。,終了音を消すには？,0.4688435512707795
頻繁に使う洗濯設定を保存しておきたいのですが、「わが家流」設定とは具体的にどのような機能ですか？,水漏れしています。どうしたらよいですか？,0.46882764343239247
深夜に運転しても大丈夫？,白い粉が残るのですが。,0.4687932148669145
洗剤の種類によって設定は変わりますか？,「排水できない」エラーが出ます,0.4687799167282336
洗剤を手動で投入できますか？,夜遅い時間帯に洗濯機を運転しても、近隣に迷惑がかからないように静かに運転できるモードはありますか？,0.46876819802156794
衣類を洗うだけで、乾燥工程は行いたくない場合、どのコースを選択すれば良いですか？,「水が出ない」エラーが出ます,0.46874223317360475
洗濯中に一時停止は可能？,洗濯物の絡まりを防ぐには？,0.4687366547554256
洗濯物の種類や汚れ具合に関わらず、最もおすすめの洗濯コースは何ですか？そのコースではどのような設定が自動で行われますか？,ドアが開かない原因は？,0.4687339995776641
洗濯を一時停止した際、追加の衣類を入れるためにドアを開けることは可能ですか？その条件は何ですか？,おしゃれ着コースはありますか？,0.4687284829858892
洗濯の始め方は？,手動で個別に設定する事は可能ですか？,0.46869627204923686
チャイルドロックの設定をしたい,洗濯物の種類によって脱水時間を調整したいのですが、何分まで設定できますか？,0.4686926585131487
洗濯時間は何分ですか？,本体が熱くなります,0.4686834578018543
脱水時間の調整はできる？,外出先から洗濯を開始できますか？,0.468671977258552
個別の設定は可能ですか？,洗濯ネットは必要ですか？,0.4686590185201542
洗濯の途中で一時停止できますか？,洗濯物が絡まります。どうしたらよいですか？,0.468654373166815
洗濯終了時のお知らせ音を鳴らさないようにしたいのですが、その設定はどこで変更できますか？,洗濯物の絡まりを防ぐには？,0.46859948760301273
個別の設定は可能ですか？,省エネモードはありますか？,0.46858119526770514
洗濯の各工程（洗い、すすぎ、脱水、乾燥）について、自分の好みに合わせて時間を設定したり、回数を変更したりすることはできますか？,終了音を消すには？,0.46853688318449094
洗濯の始め方は？,省エネ機能はある？,0.4683608669951055
一時停止したらドアは開く？,省エネ機能はある？,0.46835993244625573
本体がぐらつきます。どうしたら良いですか？,おすすめの洗剤・柔軟剤はありますか？,0.46835242893922274
スチーム機能は何に使うの？,本体がぐらつきます。どうしたら良いですか？,0.4683423329554194
個別の設定は可能ですか？,ドアが完全に閉まりません,0.4683285901001902
乾燥のみの運転は可能ですか？,省エネモードはありますか？,0.4683139462469502
洗濯の途中で一時停止できますか？,使用する洗剤のブランドや種類を変更した場合、洗濯機側で何か設定を変更する必要はありますか？,0.4682866373930247
スチーム機能の使い方を教えて？,洗濯後、衣類に白い粉状のものが付着しているのですが、何が原因ですか？どのように対処すれば改善されますか？,0.46827681655450426
一時停止したらドアは開く？,お急ぎコースはありますか？,0.46827144166530543
洗いのみは可能？,洗濯後に衣類が絡まってしまうことが多いのですが、何か絡まりを防ぐための対処法はありますか？,0.46825084748210277
おすすめのコースを教えて？,洗濯の途中で一時停止できますか？,0.46816142950859013
洗濯をスタートする方法を教えて？,「わが家流」設定って何？,0.46805603271395446
洗濯の各工程（洗い、すすぎ、脱水、乾燥）について、自分の好みに合わせて時間を設定したり、回数を変更したりすることはできますか？,コースが表示されない。,0.4680380974058548
洗濯の始め方は？,洗濯機に水が供給されないというエラーが表示されたのですが、どのような原因が考えられますか？自分でできる確認事項はありますか？,0.4680285578266876
おすすめのコースを教えて？,ドラムが回らない。,0.4678310898807422
洗濯の各工程（洗い、すすぎ、脱水、乾燥）について、自分の好みに合わせて時間を設定したり、回数を変更したりすることはできますか？,頻繁に使う洗濯設定を保存しておきたいのですが、「わが家流」設定とは具体的にどのような機能ですか？,0.46779754553142594
「洗い」だけ行いたいのですが,洗濯ネットは使うべき？,0.46775580533315797
スチーム機能は何に使うの？,洗濯機に水が供給されないというエラーが表示されたのですが、どのような原因が考えられますか？自分でできる確認事項はありますか？,0.46771068952221007
脱水時間の変更は可能ですか？,洗濯後に衣類が絡まってしまうことが多いのですが、何か絡まりを防ぐための対処法はありますか？,0.4676880124201195
運転終了時にアラームを鳴らさないようにできますか？,洗濯機に水が供給されないというエラーが表示されたのですが、どのような原因が考えられますか？自分でできる確認事項はありますか？,0.4675793111098959
ジェット乾燥とは何ですか？,頻繁に使う洗濯設定を保存しておきたいのですが、「わが家流」設定とは具体的にどのような機能ですか？,0.4675614709454305
ナノイーXとは何ですか？,設定の初期化はできますか？,0.46755310857951426
毛布の洗濯は可能？,誤った設定をしてしまったので、洗濯機の設定をすべて初期状態に戻したいのですが、その方法を教えてください。,0.46749450870672077
洗濯の各工程（洗い、すすぎ、脱水、乾燥）について、自分の好みに合わせて時間を設定したり、回数を変更したりすることはできますか？,最大容量は？,0.4674557717414093
洗剤を手動で投入できますか？,洗濯時間は何分ですか？,0.46739281294111934
自動投入機能を使わずに、自分で洗剤を投入したいのですが、設定を教えてください？,洗濯が終わったのにドアがロックされて開かないのですが、これは故障ですか？どのくらい時間が経てば開くようになりますか？,0.4673661040166814
洗濯の途中で一時停止できますか？,水漏れしています。どうしたらよいですか？,0.4673646308745563
手動で洗剤を入れることはできますか？,脱水時間の調整はできる？,0.46733007366897694
洗濯の各工程（洗い、すすぎ、脱水、乾燥）について、自分の好みに合わせて時間を設定したり、回数を変更したりすることはできますか？,ナノイーX機能について詳しく教えてください。どのような効果があり、どのコースで利用できますか？,0.4672381656656569
洗剤を手動で投入できますか？,ジェット乾燥とは何ですか？,0.4671478455782545
毛布の洗濯は可能？,「わが家流」設定とは何ですか？,0.4671406486783087
スチーム機能の使い方を教えて？,洗濯機の下から水が漏れているのですが、どのような原因が考えられますか？自分で確認できる対処法はありますか？,0.4671229717700831
洗濯の各工程（洗い、すすぎ、脱水、乾燥）について、自分の好みに合わせて時間を設定したり、回数を変更したりすることはできますか？,コースが表示されないのですが,0.46710630365903844
スニーカーは洗える？,洗濯機本体に触れると熱いのですが、これは異常ですか？特に乾燥運転中に熱くなることはありますか？,0.4670919484630335
個別の設定は可能ですか？,洗濯の途中で一時停止できますか？,0.4670521888177681
洗濯物が絡まります。どうしたらよいですか？,誤った設定をしてしまったので、洗濯機の設定をすべて初期状態に戻したいのですが、その方法を教えてください。,0.46699244319027033
チャイルドロックの設定をしたい,「水が出ない」エラーが出ます,0.46697749140192607
すすぎや脱水はせずに、衣類を「洗い」の工程だけで済ませたいのですが、そのような設定はできますか？,ドアが開かない原因は？,0.46693252199379487
乾燥だけで使用出来ますか？,頻繁に使う洗濯設定を保存しておきたいのですが、「わが家流」設定とは具体的にどのような機能ですか？,0.46688474346988385
ナノイーXの機能は？,おすすめの洗剤・柔軟剤はありますか？,0.46683600792377183
洗濯を一時停止した際、追加の衣類を入れるためにドアを開けることは可能ですか？その条件は何ですか？,省エネモードはありますか？,0.4668302353905963
洗剤を手動で投入できますか？,洗濯後、衣類に白い粉状のものが付着しているのですが、何が原因ですか？どのように対処すれば改善されますか？,0.4668108205120288
個別の設定は可能ですか？,ドラムが回らない。,0.46680674642228853
洗濯機を使い始めるにはどうすればいいですか？　手順を教えて下さい。,脱水時間の変更は可能ですか？,0.4667697611151973
チャイルドロックの設定をしたい,省エネ機能はある？,0.4666795791178182
ジェット乾燥機能は、どのような仕組みで乾燥をするのですか？,洗濯中に一時停止は可能？,0.46667777892602236
ナノイーX機能について詳しく教えてください。どのような効果があり、どのコースで利用できますか？,洗濯機本体に触れると熱いのですが、これは異常ですか？特に乾燥運転中に熱くなることはありますか？,0.4666684902035969
洗濯中に急な用事ができた場合、途中で運転を一時停止させることはできますか？その操作方法を教えてください。,この洗濯機で一度に洗濯できる衣類の最大量と、乾燥できる衣類の最大量はそれぞれ何キログラムですか？,0.4666427236483257
洗濯ネットは必要ですか？,設定の初期化はできますか？,0.4665983737223494
スニーカーは洗える？,本体が熱くなります,0.4665654966522926
最適なコースは？,洗濯物の絡まりを防ぐには？,0.46655915476785326
省エネ機能はある？,コースが表示されないのですが,0.46653274595799965
運転終了時にアラームを鳴らさないようにできますか？,洗濯を一時停止した際、追加の衣類を入れるためにドアを開けることは可能ですか？その条件は何ですか？,0.46642478326832915
子供が誤って操作しないように、チャイルドロックを設定したいのですが、その方法と解除方法を教えてください。,洗濯時間は何分ですか？,0.4663304470557631
お急ぎコースはありますか？,「水が出ない」エラーが出ます,0.4662292628756102
スチーム機能の使い方を教えて？,洗濯物に白い粉が残っています。　どうしたらよいですか？,0.4662053593902483
脱水時間の調整はできる？,コースが表示されないのですが,0.46620235870198246
洗濯が終わったのにドアがロックされて開かないのですが、これは故障ですか？どのくらい時間が経てば開くようになりますか？,洗濯の途中で一時停止できますか？,0.4661964906117767
自動投入機能を使わずに、自分で洗剤を投入したいのですが、設定を教えてください？,洗濯後、衣類に白い粉状のものが付着しているのですが、何が原因ですか？どのように対処すれば改善されますか？,0.4661411818889947
洗濯を一時停止した際、追加の衣類を入れるためにドアを開けることは可能ですか？その条件は何ですか？,お急ぎコースはありますか？,0.4661312339046969
衣類を洗うだけで、乾燥工程は行いたくない場合、どのコースを選択すれば良いですか？,「わが家流」設定とは何ですか？,0.4661265785582268
省エネモードはありますか？,靴は洗えますか？,0.46601888680932363
ジェット乾燥って何？,洗濯中に一時停止は可能？,0.4659691465604897
洗濯の各工程（洗い、すすぎ、脱水、乾燥）について、自分の好みに合わせて時間を設定したり、回数を変更したりすることはできますか？,2度洗いは出来ますか？,0.4659685603591258
洗濯物が絡まります。どうしたらよいですか？,「排水できない」エラーが出ます,0.4659502996852197
洗濯をスタートする方法を教えて？,自動投入機能を使わずに、自分で洗剤を投入したいのですが、設定を教えてください？,0.4659313566486882
自動投入機能を使わずに、自分で洗剤を投入したいのですが、設定を教えてください？,本体の揺れが気になる。,0.46591467666355824
洗濯後に衣類が絡まってしまうことが多いのですが、何か絡まりを防ぐための対処法はありますか？,スニーカーは洗える？,0.4658928115611506
洗剤を手動で投入できますか？,本体がぐらつきます。どうしたら良いですか？,0.4658912568654856
洗濯中に急な用事ができた場合、途中で運転を一時停止させることはできますか？その操作方法を教えてください。,洗濯機本体に触れると熱いのですが、これは異常ですか？特に乾燥運転中に熱くなることはありますか？,0.4658749277459264
2度洗いは出来ますか？,設定を工場出荷時に戻せる？,0.4658239209880619
「わが家流」設定とは何ですか？,本体がぐらつきます。どうしたら良いですか？,0.4658214259529566
洗濯のすすぎ回数を自分の希望に合わせて変更したいのですが、何回から何回まで選べますか？,本体が熱くなります,0.4657868870361952
手動で個別に設定する事は可能ですか？,ドラムが動きません,0.4657749420345399
特に汚れがひどい洗濯物なので、2回続けて洗いたいのですが、そのような設定は可能ですか？,洗濯中に一時停止は可能？,0.4657575100497393
ナノイーX機能について詳しく教えてください。どのような効果があり、どのコースで利用できますか？,設定の初期化はできますか？,0.46574721280272824
2度洗いは出来ますか？,洗濯物の種類によって脱水時間を調整したいのですが、何分まで設定できますか？,0.4657218138097682
洗濯の各工程（洗い、すすぎ、脱水、乾燥）について、自分の好みに合わせて時間を設定したり、回数を変更したりすることはできますか？,遠隔で洗濯を開始できますか？,0.46564596912280143
終了音を消すには？,白い粉が残るのですが。,0.46561132592000465
乾燥なしで洗濯するには？,脱水時間の変更は可能ですか？,0.46553534408872155
手動で洗剤を入れることはできますか？,2度洗いは出来ますか？,0.46550737413273097
スチーム機能は何に使うの？,脱水時間の変更は可能ですか？,0.4654351591676769
洗濯の各工程（洗い、すすぎ、脱水、乾燥）について、自分の好みに合わせて時間を設定したり、回数を変更したりすることはできますか？,洗濯機本体に触れると熱いのですが、これは異常ですか？特に乾燥運転中に熱くなることはありますか？,0.4654272037881094
洗濯の各工程（洗い、すすぎ、脱水、乾燥）について、自分の好みに合わせて時間を設定したり、回数を変更したりすることはできますか？,ジェット乾燥機能は、どのような仕組みで乾燥をするのですか？,0.46541124510251086
「排水できない」エラーが出ます,洗濯を開始しようとしてもドラムが回転しないのですが、何が原因として考えられますか？安全装置が作動している可能性はありますか？,0.46532116950051555
洗濯の始め方は？,洗剤を手動で投入できますか？,0.4652218649137918
洗濯物の種類によって脱水時間を調整したいのですが、何分まで設定できますか？,洗濯物の絡まりを防ぐには？,0.4651377018145224
すすぎや脱水はせずに、衣類を「洗い」の工程だけで済ませたいのですが、そのような設定はできますか？,深夜に運転しても大丈夫？,0.46510896507372634
ジェット乾燥って何？,洗濯中に急な用事ができた場合、途中で運転を一時停止させることはできますか？その操作方法を教えてください。,0.46510141697567514
手動で個別に設定する事は可能ですか？,洗濯ネットは必要ですか？,0.4650852962330862
特に汚れがひどい洗濯物なので、2回続けて洗いたいのですが、そのような設定は可能ですか？,終了音を消すには？,0.4650701924591658
終了音を消すには？,ドアが開かない原因は？,0.4650511197190652
洗濯ネットは使うべき？,洗濯物が絡まります。どうしたらよいですか？,0.4650352122596798
自動投入機能を使わずに、自分で洗剤を投入したいのですが、設定を教えてください？,洗濯物に白い粉が残っています。　どうしたらよいですか？,0.46500976932108395
スチーム機能は何に使うの？,電気代や水道代を節約できるような省エネ運転モードは搭載されていますか？,0.4650068227539822
チャイルドロックの設定をしたい,洗濯機が排水できないというエラーメッセージが表示されたのですが、原因は何でしょうか？自分で解決できる方法はありますか？,0.4650012156612937
省エネ機能はある？,変な音がするのですが。,0.4649831689563867
洗いのみは可能？,ドラムが動きません,0.46497327700660196
脱水時間の調整はできる？,コースが表示されない。,0.4649450960182989
省エネ機能はある？,予約機能の使い方をおしえて？,0.46493631324999896
変な音がするのですが。,「わが家流」設定とは何ですか？,0.4649179904677336
ふんわりキープの目的は？,ドアが閉まらない時は？,0.4649162631410677
自動投入機能の使い方を教えて？,洗濯中に急な用事ができた場合、途中で運転を一時停止させることはできますか？その操作方法を教えてください。,0.4649031535662066
洗濯はせず、衣類を乾燥させる機能だけを使いたいのですが、どのように操作すれば良いですか？,洗濯の途中で一時停止できますか？,0.4648499074619287
「洗い」だけ行いたいのですが,洗濯ネットは必要ですか？,0.4647998213460426
洗濯の各工程（洗い、すすぎ、脱水、乾燥）について、自分の好みに合わせて時間を設定したり、回数を変更したりすることはできますか？,自動投入機能はどう使うの？,0.4647645201365684
羽毛布団は洗えますか？,設定を工場出荷時に戻せる？,0.4647562530299427
洗濯だけする方法を教えて？,洗濯の途中で一時停止できますか？,0.46468900030562343
自動投入機能を使わずに、自分で洗剤を投入したいのですが、設定を教えてください？,洗濯時間は何分ですか？,0.4646165379843877
スチーム機能の使い方を教えて？,洗濯物の種類によって脱水時間を調整したいのですが、何分まで設定できますか？,0.46460935066462167
自動投入機能はどう使うの？,洗濯機が排水できないというエラーメッセージが表示されたのですが、原因は何でしょうか？自分で解決できる方法はありますか？,0.46460203141012896
スチーム機能の使い方を教えて？,一般的な洗濯コースを選んだ場合、洗濯が完了するまでにおよそ何分くらいかかりますか？,0.4645626007611846
洗濯機を使い始めるにはどうすればいいですか？　手順を教えて下さい。,洗濯物の種類によって脱水時間を調整したいのですが、何分まで設定できますか？,0.4645098536750788
洗濯の始め方は？,洗濯が終わったのにドアがロックされて開かないのですが、これは故障ですか？どのくらい時間が経てば開くようになりますか？,0.46449732490372275
自動投入機能を使わずに、自分で洗剤を投入したいのですが、設定を教えてください？,水漏れしています。どうしたらよいですか？,0.4644936839880163
洗濯中に急な用事ができた場合、途中で運転を一時停止させることはできますか？その操作方法を教えてください。,水漏れしています。どうしたらよいですか？,0.46444704099740075
洗濯を一時停止した際、追加の衣類を入れるためにドアを開けることは可能ですか？その条件は何ですか？,省エネ機能はある？,0.4644293915330727
洗濯物の絡まりを防ぐには？,洗濯機に水が供給されないというエラーが表示されたのですが、どのような原因が考えられますか？自分でできる確認事項はありますか？,0.4643890143873711
洗濯中に一時停止は可能？,洗濯物に白い粉が残っています。　どうしたらよいですか？,0.4643640841568521
一時停止したらドアは開く？,洗濯と乾燥の最大容量は？,0.46430849318116185
「排水できない」エラーが出ます,本体が熱い。,0.46428713522110776
再洗はできる？,「水が出ない」エラーが出ます,0.46426459936455666
洗濯物が絡まります。どうしたらよいですか？,使用する洗剤のブランドや種類を変更した場合、洗濯機側で何か設定を変更する必要はありますか？,0.46425693664191636
洗剤を手動で投入できますか？,「洗い」だけ行いたいのですが,0.46424180520755853
洗濯の所要時間は？,洗濯機本体に触れると熱いのですが、これは異常ですか？特に乾燥運転中に熱くなることはありますか？,0.4641734093477848
使用する洗剤のブランドや種類を変更した場合、洗濯機側で何か設定を変更する必要はありますか？,「排水できない」エラーが出ます,0.4641656403718918
乾燥のみの運転は可能ですか？,本体が熱くなります,0.4641084539373847
ジェット乾燥って何？,洗濯機に水が供給されないというエラーが表示されたのですが、どのような原因が考えられますか？自分でできる確認事項はありますか？,0.464085930296018
省エネモードはありますか？,水が出ないエラーが出た。,0.46407229912563486
洗濯だけする方法を教えて？,洗濯中に一時停止は可能？,0.46405225520390864
洗濯物の種類や汚れ具合に関わらず、最もおすすめの洗濯コースは何ですか？そのコースではどのような設定が自動で行われますか？,電気代や水道代を節約できるような省エネ運転モードは搭載されていますか？,0.4639973697972072
手動で個別に設定する事は可能ですか？,誤った設定をしてしまったので、洗濯機の設定をすべて初期状態に戻したいのですが、その方法を教えてください。,0.4639064465684105
夜遅い時間帯に洗濯機を運転しても、近隣に迷惑がかからないように静かに運転できるモードはありますか？,「わが家流」設定って何？,0.46384626228072917
ナノイーXの機能は？,ドアが開かない原因は？,0.4637939465681687
手動で個別に設定する事は可能ですか？,省エネ機能はある？,0.4637778803747554
洗濯物を保護するために、洗濯ネットを使用する必要はありますか？どのような種類の衣類に推奨されますか？,「わが家流」設定って何？,0.4637426777578101
洗濯をスタートする方法を教えて？,洗濯物の種類によって脱水時間を調整したいのですが、何分まで設定できますか？,0.4636858360557122
一時停止中にドアは開きますか？,省エネ機能はある？,0.4636823329697763
脱水時間の調整はできる？,洗濯と乾燥の最大容量は？,0.4636455040387596
自動投入機能を使わずに、自分で洗剤を投入したいのですが、設定を教えてください？,「わが家流」設定って何？,0.46348167556494785
洗濯終了時のお知らせ音を鳴らさないようにしたいのですが、その設定はどこで変更できますか？,洗濯後、衣類に白い粉状のものが付着しているのですが、何が原因ですか？どのように対処すれば改善されますか？,0.46348104695874925
子供が誤って操作しないように、チャイルドロックを設定したいのですが、その方法と解除方法を教えてください。,洗剤を手動で投入できますか？,0.4634599785876683
ドアが閉まらない時は？,設定を工場出荷時に戻せる？,0.46344468022132157
洗濯物の絡まりを防ぐには？,設定の初期化はできますか？,0.46338850015182625
洗濯の所要時間は？,本体が熱くなります,0.4632724725391736
ドアが開かない原因は？,「水が出ない」エラーが出ます,0.4632716475246049
洗剤を手動で投入できますか？,ドアが開かない原因は？,0.463202381485886
夜遅い時間帯に洗濯機を運転しても、近隣に迷惑がかからないように静かに運転できるモードはありますか？,洗濯と乾燥の最大容量は？,0.463052621753878
自動投入機能を使わずに、自分で洗剤を投入したいのですが、設定を教えてください？,最大容量は？,0.46304225020590484
自動投入機能の使い方を教えて？,設定の初期化はできますか？,0.4629836702444699
洗濯物の種類や汚れ具合に関わらず、最もおすすめの洗濯コースは何ですか？そのコースではどのような設定が自動で行われますか？,子供が誤って操作しないように、チャイルドロックを設定したいのですが、その方法と解除方法を教えてください。,0.46287200805572715
洗濯の始め方は？,省エネモードはありますか？,0.4628555854629282
電気代や水道代を節約できるような省エネ運転モードは搭載されていますか？,水漏れしています。どうしたらよいですか？,0.46276852510045974
チャイルドロックはどこで設定する？,本体が熱くなります,0.46271719254830135
脱水時間の変更は可能ですか？,洗濯ネットは使うべき？,0.4626970247379876
洗濯物を保護するために、洗濯ネットを使用する必要はありますか？どのような種類の衣類に推奨されますか？,設定を工場出荷時に戻せる？,0.4626727572836008
すすぎ回数は変えられる？,洗濯機本体に触れると熱いのですが、これは異常ですか？特に乾燥運転中に熱くなることはありますか？,0.46261097945233154
洗濯中に急な用事ができた場合、途中で運転を一時停止させることはできますか？その操作方法を教えてください。,洗濯物の絡まりを防ぐには？,0.46258750451651176
チャイルドロックはどこで設定する？,省エネ機能はある？,0.4625715196053727
一時停止中にドアは開きますか？,「わが家流」設定とは何ですか？,0.46253586295526716
洗濯ネットは使うべき？,誤った設定をしてしまったので、洗濯機の設定をすべて初期状態に戻したいのですが、その方法を教えてください。,0.4624689018480572
洗剤を手動で投入できますか？,洗濯の所要時間は？,0.46244558317946177
洗濯機が排水できないというエラーメッセージが表示されたのですが、原因は何でしょうか？自分で解決できる方法はありますか？,洗濯機本体に触れると熱いのですが、これは異常ですか？特に乾燥運転中に熱くなることはありますか？,0.46244340293671077
スチーム機能は何に使うの？,洗濯物の種類によって脱水時間を調整したいのですが、何分まで設定できますか？,0.4624362540567811
ふんわりキープの目的は？,「洗い」だけ行いたいのですが,0.46237349803545824
2度洗いは出来ますか？,脱水時間の変更は可能ですか？,0.4622940821270062
お急ぎコースはありますか？,洗濯機の下から水が漏れているのですが、どのような原因が考えられますか？自分で確認できる対処法はありますか？,0.4620983165800759
洗濯の途中で一時停止できますか？,予約の仕方は？,0.4620627272349662
省エネ機能はある？,水漏れしています。どうしたらよいですか？,0.4620419673859051
ドアが開かない原因は？,洗濯中に一時停止は可能？,0.4619357568748089
スチーム機能は何に使うの？,省エネ機能はある？,0.4618281462274201
「わが家流」設定とは何ですか？,水が出ないエラーが出た。,0.46180598070095835
「洗い」だけ行いたいのですが,水漏れしています。どうしたらよいですか？,0.4617998497643747
洗濯の途中で一時停止できますか？,深夜に運転しても大丈夫？,0.4617562058713417
手動で洗剤を入れることはできますか？,異音がします。どうしたらよいですか？,0.4617315636089039
洗剤を手動で投入できますか？,洗濯ネットは使うべき？,0.4617180198994041
洗濯はせず、衣類を乾燥させる機能だけを使いたいのですが、どのように操作すれば良いですか？,ドアが閉まらない時は？,0.46170622211024814
自動投入機能を使わずに、自分で洗剤を投入したいのですが、設定を教えてください？,この洗濯機で靴を洗うことはできますか？もしできない場合、何か代わりの方法はありますか？,0.4616987311903428
洗濯はせず、衣類を乾燥させる機能だけを使いたいのですが、どのように操作すれば良いですか？,洗剤を手動で投入できますか？,0.461692936906553
乾燥なしで洗濯するには？,洗濯中に急な用事ができた場合、途中で運転を一時停止させることはできますか？その操作方法を教えてください。,0.4615880917584107
洗濯物の種類や汚れ具合に関わらず、最もおすすめの洗濯コースは何ですか？そのコースではどのような設定が自動で行われますか？,本体が熱くなります,0.4615173073747742
お急ぎコースはありますか？,本体が熱くなります,0.4615131256688553
「洗い」だけ行いたいのですが,設定を工場出荷時に戻せる？,0.46143742490684597
洗濯の所要時間は？,設定を工場出荷時に戻せる？,0.4612792017270866
洗濯物の種類によって脱水時間を調整したいのですが、何分まで設定できますか？,洗濯ネットは使うべき？,0.46125545776924415
洗濯ネットは使うべき？,一般的な洗濯コースを選んだ場合、洗濯が完了するまでにおよそ何分くらいかかりますか？,0.4612525346773523
洗濯物を保護するために、洗濯ネットを使用する必要はありますか？どのような種類の衣類に推奨されますか？,誤った設定をしてしまったので、洗濯機の設定をすべて初期状態に戻したいのですが、その方法を教えてください。,0.46123099175891336
洗剤や柔軟剤を計る手間を省きたいのですが、自動投入機能はどのように設定して使用するのですか？,「排水できない」エラーが出ます,0.4612150111518827
自宅にいない時でも、スマートフォンなどを使って洗濯機を遠隔で操作し、洗濯を開始することはできますか？,省エネモードはありますか？,0.46105307396168377
ジェット乾燥機能は、どのような仕組みで乾燥をするのですか？,洗濯終了時のお知らせ音を鳴らさないようにしたいのですが、その設定はどこで変更できますか？,0.4610323295594052
洗濯機に水が供給されないというエラーが表示されたのですが、どのような原因が考えられますか？自分でできる確認事項はありますか？,おすすめの洗剤・柔軟剤はありますか？,0.46101485367906214
洗濯の各工程（洗い、すすぎ、脱水、乾燥）について、自分の好みに合わせて時間を設定したり、回数を変更したりすることはできますか？,ふんわりキープの目的は？,0.4609804894321229
洗濯終了時のお知らせ音を鳴らさないようにしたいのですが、その設定はどこで変更できますか？,洗濯機に水が供給されないというエラーが表示されたのですが、どのような原因が考えられますか？自分でできる確認事項はありますか？,0.46093604307465164
ジェット乾燥機能は、どのような仕組みで乾燥をするのですか？,終了音を消すには？,0.4609222108938996
スチーム機能は何に使うの？,水漏れしています。どうしたらよいですか？,0.4608608642678631
洗濯物の種類によって脱水時間を調整したいのですが、何分まで設定できますか？,深夜に運転しても大丈夫？,0.4608562917424961
洗濯物の絡まりを防ぐには？,洗濯物に白い粉が残っています。　どうしたらよいですか？,0.46080213531356207
予約の仕方は？,本体が熱くなります,0.46079129558882104
「洗い」だけ行いたいのですが,ドアが開かない原因は？,0.4607577798335446
洗濯物の種類や汚れ具合に関わらず、最もおすすめの洗濯コースは何ですか？そのコースではどのような設定が自動で行われますか？,本体が熱い。,0.46072994481045726
チャイルドロックの設定をしたい,水が出ないエラーが出た。,0.46069263153550327
洗濯終了時のお知らせ音を鳴らさないようにしたいのですが、その設定はどこで変更できますか？,「わが家流」設定って何？,0.46069161385595747
脱水時間の変更は可能ですか？,この洗濯機で靴を洗うことはできますか？もしできない場合、何か代わりの方法はありますか？,0.4606723482276162
洗濯ネットは使うべき？,洗濯機に水が供給されないというエラーが表示されたのですが、どのような原因が考えられますか？自分でできる確認事項はありますか？,0.46065278378067487
洗濯の各工程（洗い、すすぎ、脱水、乾燥）について、自分の好みに合わせて時間を設定したり、回数を変更したりすることはできますか？,「わが家流」設定とは何ですか？,0.46064903563954895
洗濯の始め方は？,すすぎの設定を変更することは可能ですか？,0.46050316757785276
羽毛布団を洗濯機で洗いたいのですが、対応していますか？また、洗う際の注意点があれば教えてください。,「わが家流」設定とは何ですか？,0.4604355570283809
洗濯の各工程（洗い、すすぎ、脱水、乾燥）について、自分の好みに合わせて時間を設定したり、回数を変更したりすることはできますか？,自動投入機能の使い方を教えて？,0.46041627353888415
洗濯の始め方は？,「水が出ない」エラーが出ます,0.4604068054824386
洗剤を手動で投入できますか？,洗濯が終わったのにドアがロックされて開かないのですが、これは故障ですか？どのくらい時間が経てば開くようになりますか？,0.4603899271834994
省エネモードはありますか？,異音がします。どうしたらよいですか？,0.4603236345576398
運転終了時にアラームを鳴らさないようにできますか？,洗濯機の下から水が漏れているのですが、どのような原因が考えられますか？自分で確認できる対処法はありますか？,0.46032081437680006
子供が誤って操作しないように、チャイルドロックを設定したいのですが、その方法と解除方法を教えてください。,お急ぎコースはありますか？,0.4602964424650036
洗濯の途中で一時停止できますか？,洗剤の種類によって設定は変わりますか？,0.4602544424557792
洗濯後に衣類が絡まってしまうことが多いのですが、何か絡まりを防ぐための対処法はありますか？,「水が出ない」エラーが出ます,0.46024118609324405
洗濯の各工程（洗い、すすぎ、脱水、乾燥）について、自分の好みに合わせて時間を設定したり、回数を変更したりすることはできますか？,洗濯後に衣類が絡まってしまうことが多いのですが、何か絡まりを防ぐための対処法はありますか？,0.46020561491243517
終了音を消すには？,「わが家流」設定って何？,0.4601703516901793
おすすめのコースを教えて？,誤った設定をしてしまったので、洗濯機の設定をすべて初期状態に戻したいのですが、その方法を教えてください。,0.4601660371361951
一時停止したらドアは開く？,「わが家流」設定とは何ですか？,0.46015970621171864
乾燥なしで洗濯するには？,本体が熱い。,0.4600665784648794
自動投入機能の使い方を教えて？,「排水できない」エラーが出ます,0.4600363873948228
洗濯の途中で一時停止できますか？,洗濯中に通常とは異なる音がするのですが、どのような原因が考えられますか？自分で確認できることはありますか？,0.46002113684842727
深夜運転は静か？,「水が出ない」エラーが出ます,0.45992127208326283
「ふんわりキープ」とはどのような機能ですか？,水が出ないエラーが出た。,0.45989109843185744
洗いのみは可能？,洗濯物が絡まります。どうしたらよいですか？,0.4598839122277042
ナノイーX機能について詳しく教えてください。どのような効果があり、どのコースで利用できますか？,「わが家流」設定とは何ですか？,0.459873496587217
ふんわりキープの目的は？,洗濯物が絡まります。どうしたらよいですか？,0.459867300936242
チャイルドロックの設定をしたい,本体が熱い。,0.45983681883099625
外出先から洗濯を開始できますか？,洗濯後に衣類が絡まってしまうことが多いのですが、何か絡まりを防ぐための対処法はありますか？,0.4597041196563231
深夜に運転しても大丈夫？,洗濯機本体に触れると熱いのですが、これは異常ですか？特に乾燥運転中に熱くなることはありますか？,0.45959465473970373
すすぎの設定を変更することは可能ですか？,水が出ないエラーが出た。,0.4595535474304129
洗濯後、衣類に白い粉状のものが付着しているのですが、何が原因ですか？どのように対処すれば改善されますか？,おすすめの洗剤・柔軟剤はありますか？,0.45954212837838915
「ふんわりキープ」とはどのような機能ですか？,本体が熱くなります,0.45952061223754026
白い粉が残るのですが。,洗濯機本体に触れると熱いのですが、これは異常ですか？特に乾燥運転中に熱くなることはありますか？,0.45951317196131947
洗濯中に一時停止は可能？,予約機能の使い方をおしえて？,0.45950199193509006
洗濯の途中で一時停止できますか？,洗剤の種類で設定変更は必要？,0.4594745962253872
「洗い」だけ行いたいのですが,異音がします。どうしたらよいですか？,0.4594663050855335
洗濯機が排水できないというエラーメッセージが表示されたのですが、原因は何でしょうか？自分で解決できる方法はありますか？,本体が熱い。,0.45943773003270555
ジェット乾燥とは何ですか？,省エネモードはありますか？,0.4594346051211199
終了音を消すには？,本体の揺れが気になる。,0.45940790918955443
自動投入機能を使わずに、自分で洗剤を投入したいのですが、設定を教えてください？,一般的な洗濯コースを選んだ場合、洗濯が完了するまでにおよそ何分くらいかかりますか？,0.45938808725164443
おすすめのコースを教えて？,ドアが完全に閉まりません,0.4593742217862672
省エネモードはありますか？,急いで洗濯したい時は？,0.459367514472938
最適なコースは？,子供が誤って操作しないように、チャイルドロックを設定したいのですが、その方法と解除方法を教えてください。,0.4593673870343198
時間がない時に、短時間で洗濯を済ませられるようなコースはありますか？,洗濯と乾燥の最大容量は？,0.45926205747539534
ナノイーXの機能は？,誤った設定をしてしまったので、洗濯機の設定をすべて初期状態に戻したいのですが、その方法を教えてください。,0.4592589756694995
洗濯物の種類や汚れ具合に関わらず、最もおすすめの洗濯コースは何ですか？そのコースではどのような設定が自動で行われますか？,洗濯ネットは使うべき？,0.45919704531511
頻繁に使う洗濯設定を保存しておきたいのですが、「わが家流」設定とは具体的にどのような機能ですか？,この洗濯機で靴を洗うことはできますか？もしできない場合、何か代わりの方法はありますか？,0.4591707213163398
2度洗いは出来ますか？,「わが家流」設定とは何ですか？,0.4591669813717255
個別の設定は可能ですか？,深夜に運転しても大丈夫？,0.45915543824501887
洗濯の各工程（洗い、すすぎ、脱水、乾燥）について、自分の好みに合わせて時間を設定したり、回数を変更したりすることはできますか？,予約機能の使い方をおしえて？,0.4590991671115668
白い粉が残るのですが。,おすすめの洗剤・柔軟剤はありますか？,0.45908460431049125
洗濯機を使い始めるにはどうすればいいですか？　手順を教えて下さい。,最大容量は？,0.4589774284109716
洗濯の途中で一時停止できますか？,変な音がするのですが。,0.45894532836178475
ナノイーXの機能は？,設定の初期化はできますか？,0.4588919275585116
2度洗いは出来ますか？,本体が熱くなります,0.4588102253129021
洗濯中に急な用事ができた場合、途中で運転を一時停止させることはできますか？その操作方法を教えてください。,おすすめの洗剤・柔軟剤はありますか？,0.45877783296063734
洗濯物の絡まりを防ぐには？,この洗濯機で一度に洗濯できる衣類の最大量と、乾燥できる衣類の最大量はそれぞれ何キログラムですか？,0.45873963413617486
最適なコースは？,洗濯機本体に触れると熱いのですが、これは異常ですか？特に乾燥運転中に熱くなることはありますか？,0.45873117838914057
再洗はできる？,設定を工場出荷時に戻せる？,0.4585325803300008
「水が出ない」エラーが出ます,予約の仕方は？,0.4585225526007725
すすぎや脱水はせずに、衣類を「洗い」の工程だけで済ませたいのですが、そのような設定はできますか？,ドアが閉まらない時は？,0.4584539313140753
洗剤や柔軟剤を計る手間を省きたいのですが、自動投入機能はどのように設定して使用するのですか？,水が出ないエラーが出た。,0.458397757010539
洗濯の途中で一時停止できますか？,洗濯時間は何分ですか？,0.45838706509770194
洗濯はせず、衣類を乾燥させる機能だけを使いたいのですが、どのように操作すれば良いですか？,洗濯中に一時停止は可能？,0.45832836921628783
洗濯の始め方は？,洗濯物に白い粉が残っています。　どうしたらよいですか？,0.4582955167306578
洗剤や柔軟剤を計る手間を省きたいのですが、自動投入機能はどのように設定して使用するのですか？,本体が熱い。,0.45828576728890974
省エネモードはありますか？,予約の仕方は？,0.458281452355791
ドアが閉まらない時は？,誤った設定をしてしまったので、洗濯機の設定をすべて初期状態に戻したいのですが、その方法を教えてください。,0.45827192369148845
衣類を洗うだけで、乾燥工程は行いたくない場合、どのコースを選択すれば良いですか？,脱水時間の変更は可能ですか？,0.45825588039857656
洗濯の始め方は？,洗濯物が絡まります。どうしたらよいですか？,0.45823214597717277
頻繁に使う洗濯設定を保存しておきたいのですが、「わが家流」設定とは具体的にどのような機能ですか？,排水エラーが出た。,0.45820669684997706
「ふんわりキープ」とはどのような機能ですか？,本体が熱い。,0.45804137160906855
脱水時間の調整はできる？,ドラムが動きません,0.4579393056197896
手動で洗剤を入れることはできますか？,洗濯物の絡まりを防ぐには？,0.4578801142340465
子供が誤って操作しないように、チャイルドロックを設定したいのですが、その方法と解除方法を教えてください。,洗濯物の種類によって脱水時間を調整したいのですが、何分まで設定できますか？,0.4578523225882881
乾燥のみの運転は可能ですか？,省エネ機能はある？,0.4577970903430148
省エネ機能はある？,コースが表示されない。,0.4577752355736219
衣類のしわを伸ばしたり、気になるにおいを取り除いたりしたいのですが、スチーム機能はどのように使えば良いですか？,一時停止したらドアは開く？,0.45768863333077225
おしゃれ着は洗える？,「わが家流」設定とは何ですか？,0.45764153636698335
自動投入機能はどう使うの？,「わが家流」設定って何？,0.45756969007250653
再洗はできる？,本体が熱くなります,0.4575474258819014
スチーム機能は何に使うの？,省エネモードはありますか？,0.4574698109676364
電気代や水道代を節約できるような省エネ運転モードは搭載されていますか？,変な音がするのですが。,0.4574613042042635
終了音を消すには？,洗濯後、衣類に白い粉状のものが付着しているのですが、何が原因ですか？どのように対処すれば改善されますか？,0.45745288491069447
手動で個別に設定する事は可能ですか？,洗濯の途中で一時停止できますか？,0.4574020851098175
洗濯の途中で一時停止できますか？,予約機能の使い方をおしえて？,0.4573847253873643
洗濯の始め方は？,ナノイーX機能について詳しく教えてください。どのような効果があり、どのコースで利用できますか？,0.4573758673782297
チャイルドロックの設定をしたい,一般的な洗濯コースを選んだ場合、洗濯が完了するまでにおよそ何分くらいかかりますか？,0.45730463892654427
2度洗いは出来ますか？,頻繁に使う洗濯設定を保存しておきたいのですが、「わが家流」設定とは具体的にどのような機能ですか？,0.4572662255304486
ナノイーXの機能は？,電気代や水道代を節約できるような省エネ運転モードは搭載されていますか？,0.45719594904227834
自動投入機能の使い方を教えて？,「わが家流」設定って何？,0.4571172354032327
洗濯の始め方は？,すすぎや脱水はせずに、衣類を「洗い」の工程だけで済ませたいのですが、そのような設定はできますか？,0.45703831437278886
衣類を洗うだけで、乾燥工程は行いたくない場合、どのコースを選択すれば良いですか？,省エネモードはありますか？,0.45696761476690345
特に汚れがひどい洗濯物なので、2回続けて洗いたいのですが、そのような設定は可能ですか？,本体が熱くなります,0.45695186003795
省エネ機能はある？,この洗濯機で靴を洗うことはできますか？もしできない場合、何か代わりの方法はありますか？,0.45687120236661877
洗濯中に急な用事ができた場合、途中で運転を一時停止させることはできますか？その操作方法を教えてください。,本体が熱い。,0.45684831242950596
子供が誤って操作しないように、チャイルドロックを設定したいのですが、その方法と解除方法を教えてください。,洗濯の所要時間は？,0.45684283592854613
運転終了時にアラームを鳴らさないようにできますか？,省エネモードはありますか？,0.45676656942701044
個別の設定は可能ですか？,設定を工場出荷時に戻せる？,0.4567492012883586
「洗い」だけ行いたいのですが,誤った設定をしてしまったので、洗濯機の設定をすべて初期状態に戻したいのですが、その方法を教えてください。,0.4567426598240267
脱水時間の変更は可能ですか？,自宅にいない時でも、スマートフォンなどを使って洗濯機を遠隔で操作し、洗濯を開始することはできますか？,0.4567296457524258
深夜運転は静か？,「わが家流」設定って何？,0.45671036081463645
最適なコースは？,夜遅い時間帯に洗濯機を運転しても、近隣に迷惑がかからないように静かに運転できるモードはありますか？,0.45665524801567925
洗剤を手動で投入できますか？,おすすめの洗剤・柔軟剤はありますか？,0.4566301169216199
ナノイーXとは何ですか？,誤った設定をしてしまったので、洗濯機の設定をすべて初期状態に戻したいのですが、その方法を教えてください。,0.45661941113366356
洗濯ネットは使うべき？,「水が出ない」エラーが出ます,0.45661617181809955
洗濯の各工程（洗い、すすぎ、脱水、乾燥）について、自分の好みに合わせて時間を設定したり、回数を変更したりすることはできますか？,おしゃれ着は洗える？,0.4565397678744588
洗濯終了時のお知らせ音を鳴らさないようにしたいのですが、その設定はどこで変更できますか？,洗濯物を保護するために、洗濯ネットを使用する必要はありますか？どのような種類の衣類に推奨されますか？,0.4565348363648333
ジェット乾燥とは何ですか？,省エネ機能はある？,0.4565253100281433
おすすめのコースを教えて？,洗濯物を保護するために、洗濯ネットを使用する必要はありますか？どのような種類の衣類に推奨されますか？,0.4565243694548977
省エネモードはありますか？,洗濯機の下から水が漏れているのですが、どのような原因が考えられますか？自分で確認できる対処法はありますか？,0.45649439909980244
自宅にいない時でも、スマートフォンなどを使って洗濯機を遠隔で操作し、洗濯を開始することはできますか？,省エネ機能はある？,0.45647937757795404
省エネモードはありますか？,この洗濯機で靴を洗うことはできますか？もしできない場合、何か代わりの方法はありますか？,0.4564419110486396
特に汚れがひどい洗濯物なので、2回続けて洗いたいのですが、そのような設定は可能ですか？,洗濯の途中で一時停止できますか？,0.45639011831050563
チャイルドロックの設定をしたい,洗濯の所要時間は？,0.4563875144881786
手動で洗剤を入れることはできますか？,洗濯と乾燥の最大容量は？,0.4563468728759965
個別の設定は可能ですか？,ドラムが動きません,0.45624905246959324
「わが家流」設定って何？,洗濯時間は何分ですか？,0.4561119499633981
子供が誤って操作しないように、チャイルドロックを設定したいのですが、その方法と解除方法を教えてください。,本体が熱い。,0.4560972725853492
洗濯をスタートする方法を教えて？,洗濯機本体に触れると熱いのですが、これは異常ですか？特に乾燥運転中に熱くなることはありますか？,0.4560797902348249
最大容量は？,洗濯機本体に触れると熱いのですが、これは異常ですか？特に乾燥運転中に熱くなることはありますか？,0.456072147121208
洗濯が終わったのにドアがロックされて開かないのですが、これは故障ですか？どのくらい時間が経てば開くようになりますか？,設定を工場出荷時に戻せる？,0.4560400341385566
最適なコースは？,洗濯中に急な用事ができた場合、途中で運転を一時停止させることはできますか？その操作方法を教えてください。,0.45602792079142496
洗濯はせず、衣類を乾燥させる機能だけを使いたいのですが、どのように操作すれば良いですか？,「わが家流」設定とは何ですか？,0.45602515310297287
衣類を洗うだけで、乾燥工程は行いたくない場合、どのコースを選択すれば良いですか？,本体が熱い。,0.4559096462792025
省エネモードはありますか？,洗濯の開始時刻を事前に設定しておきたいのですが、予約機能はどのように使えば良いですか？,0.45589287824904057
洗濯の始め方は？,変な音がするのですが。,0.4558349473097425
子供が誤って操作しないように、チャイルドロックを設定したいのですが、その方法と解除方法を教えてください。,洗濯終了時のお知らせ音を鳴らさないようにしたいのですが、その設定はどこで変更できますか？,0.45575858209587794
チャイルドロックの設定をしたい,洗濯後に衣類が絡まってしまうことが多いのですが、何か絡まりを防ぐための対処法はありますか？,0.45573457322267125
チャイルドロックの設定をしたい,洗濯時間は何分ですか？,0.4557294818981203
洗濯が終わったのにドアがロックされて開かないのですが、これは故障ですか？どのくらい時間が経てば開くようになりますか？,「排水できない」エラーが出ます,0.4556156805147291
洗濯の始め方は？,おすすめの洗剤・柔軟剤はありますか？,0.455615424742982
衣類のしわを伸ばしたり、気になるにおいを取り除いたりしたいのですが、スチーム機能はどのように使えば良いですか？,洗濯と乾燥の最大容量は？,0.4555551641982877
脱水時間の調整はできる？,自宅にいない時でも、スマートフォンなどを使って洗濯機を遠隔で操作し、洗濯を開始することはできますか？,0.4555482098489859
おすすめのコースを教えて？,ドアが開かない原因は？,0.45544437674541316
頻繁に使う洗濯設定を保存しておきたいのですが、「わが家流」設定とは具体的にどのような機能ですか？,洗濯機に水が供給されないというエラーが表示されたのですが、どのような原因が考えられますか？自分でできる確認事項はありますか？,0.4554102853841806
スチーム機能の使い方を教えて？,異音がします。どうしたらよいですか？,0.4553879440019107
洗濯物を保護するために、洗濯ネットを使用する必要はありますか？どのような種類の衣類に推奨されますか？,本体が熱い。,0.4551915763981549
排水エラーが出た。,本体が熱くなります,0.4551887006080676
すすぎ回数は変えられる？,「水が出ない」エラーが出ます,0.4551169293390869
ナノイーXとは何ですか？,洗濯の途中で一時停止できますか？,0.4551053788929198
洗濯の所要時間は？,本体が熱い。,0.45509325539712864
洗濯ネットは使うべき？,洗濯後に衣類が絡まってしまうことが多いのですが、何か絡まりを防ぐための対処法はありますか？,0.45507699720841854
ふんわりキープの目的は？,洗濯中に一時停止は可能？,0.4550519035106241
洗濯の途中で一時停止できますか？,この洗濯機で靴を洗うことはできますか？もしできない場合、何か代わりの方法はありますか？,0.45504454091321234
チャイルドロックの設定をしたい,脱水時間の変更は可能ですか？,0.4550219329253995
2度洗いは出来ますか？,この洗濯機で一度に洗濯できる衣類の最大量と、乾燥できる衣類の最大量はそれぞれ何キログラムですか？,0.4549706426808865
排水エラーが出た。,洗濯と乾燥の最大容量は？,0.45491920888277493
スチーム機能の使い方を教えて？,脱水時間の調整はできる？,0.45487302781178063
洗濯だけする方法を教えて？,「わが家流」設定とは何ですか？,0.4548394610752263
洗濯の途中で一時停止できますか？,夜遅い時間帯に洗濯機を運転しても、近隣に迷惑がかからないように静かに運転できるモードはありますか？,0.45478308074207635
チャイルドロックの設定をしたい,洗濯機の下から水が漏れているのですが、どのような原因が考えられますか？自分で確認できる対処法はありますか？,0.45475488385738405
洗濯中に一時停止は可能？,洗濯機の下から水が漏れているのですが、どのような原因が考えられますか？自分で確認できる対処法はありますか？,0.45473939588899137
「洗い」だけ行いたいのですが,水が出ないエラーが出た。,0.45466397684710524
洗濯物の種類や汚れ具合に関わらず、最もおすすめの洗濯コースは何ですか？そのコースではどのような設定が自動で行われますか？,洗濯物の絡まりを防ぐには？,0.45464653069540745
脱水時間の変更は可能ですか？,頻繁に使う洗濯設定を保存しておきたいのですが、「わが家流」設定とは具体的にどのような機能ですか？,0.4545941607257511
省エネモードはありますか？,おしゃれ着コースはありますか？,0.45444762571843783
羽毛布団は洗濯できる？,誤った設定をしてしまったので、洗濯機の設定をすべて初期状態に戻したいのですが、その方法を教えてください。,0.4543959007077045
本体の揺れが気になる。,洗濯時間は何分ですか？,0.45429946224861617
手動で個別に設定する事は可能ですか？,本体が熱くなります,0.45426266485750144
洗濯の途中で一時停止できますか？,洗濯の所要時間は？,0.45420529532626264
省エネ機能はある？,靴は洗えますか？,0.4541317837536083
洗濯の途中で一時停止できますか？,洗濯物の絡まりを防ぐには？,0.45408316306809526
「わが家流」設定って何？,ドアが閉まらない時は？,0.45406405445916365
子供が誤って操作しないように、チャイルドロックを設定したいのですが、その方法と解除方法を教えてください。,水漏れしています。どうしたらよいですか？,0.4540055647759006
スチーム機能は何に使うの？,ドアが完全に閉まりません,0.45399694089027043
洗濯終了時のお知らせ音を鳴らさないようにしたいのですが、その設定はどこで変更できますか？,洗濯時間は何分ですか？,0.4539491118455806
洗濯中に一時停止は可能？,白い粉が残るのですが。,0.4539459427337046
本体の揺れが気になる。,この洗濯機に最適な洗剤や柔軟剤はありますか？メーカーから推奨されている製品があれば教えてください。,0.45392794224107325
洗濯時間は何分ですか？,本体が熱い。,0.4539184982801955
洗濯の始め方は？,設定の初期化はできますか？,0.4539151379809332
洗濯の各工程（洗い、すすぎ、脱水、乾燥）について、自分の好みに合わせて時間を設定したり、回数を変更したりすることはできますか？,おすすめの洗剤・柔軟剤はありますか？,0.4539033388962093
子供が誤って操作しないように、チャイルドロックを設定したいのですが、その方法と解除方法を教えてください。,運転終了時にアラームを鳴らさないようにできますか？,0.4538894679207059
ナノイーX機能について詳しく教えてください。どのような効果があり、どのコースで利用できますか？,電気代や水道代を節約できるような省エネ運転モードは搭載されていますか？,0.45385466527352913
洗濯機が排水できないというエラーメッセージが表示されたのですが、原因は何でしょうか？自分で解決できる方法はありますか？,設定を工場出荷時に戻せる？,0.453825393524529
運転終了時にアラームを鳴らさないようにできますか？,異音がします。どうしたらよいですか？,0.453806538047959
おすすめのコースを教えて？,自宅にいない時でも、スマートフォンなどを使って洗濯機を遠隔で操作し、洗濯を開始することはできますか？,0.453803774624733
洗濯物を保護するために、洗濯ネットを使用する必要はありますか？どのような種類の衣類に推奨されますか？,「水が出ない」エラーが出ます,0.4537519507567808
洗濯中に一時停止は可能？,推奨の洗剤・柔軟剤は？,0.45366996316541053
手動で洗剤を入れることはできますか？,一時停止したらドアは開く？,0.4536582758024001
一般的な洗濯コースを選んだ場合、洗濯が完了するまでにおよそ何分くらいかかりますか？,誤った設定をしてしまったので、洗濯機の設定をすべて初期状態に戻したいのですが、その方法を教えてください。,0.4536496390282774
スチーム機能は何に使うの？,洗濯機の下から水が漏れているのですが、どのような原因が考えられますか？自分で確認できる対処法はありますか？,0.45362448617259366
洗濯の各工程（洗い、すすぎ、脱水、乾燥）について、自分の好みに合わせて時間を設定したり、回数を変更したりすることはできますか？,乾燥なしで洗濯するには？,0.4535381208280936
おしゃれ着コースはありますか？,「わが家流」設定とは何ですか？,0.45351125713801627
深夜に運転しても大丈夫？,洗濯機の下から水が漏れているのですが、どのような原因が考えられますか？自分で確認できる対処法はありますか？,0.4534429313367201
「わが家流」設定って何？,洗濯コースの選択肢が画面に表示されないのですが、これはどういう状況ですか？どのように対処すれば良いですか？,0.45343844159142577
洗濯中に一時停止は可能？,洗剤の種類で設定変更は必要？,0.4534103531988236
洗濯中に一時停止は可能？,洗濯後、衣類に白い粉状のものが付着しているのですが、何が原因ですか？どのように対処すれば改善されますか？,0.45340686925264495
羽毛布団は洗濯できる？,設定を工場出荷時に戻せる？,0.45336983764003713
洗濯中に急な用事ができた場合、途中で運転を一時停止させることはできますか？その操作方法を教えてください。,予約の仕方は？,0.4533248475819148
洗濯物が絡まります。どうしたらよいですか？,洗濯機が排水できないというエラーメッセージが表示されたのですが、原因は何でしょうか？自分で解決できる方法はありますか？,0.45325476155991773
「わが家流」設定って何？,コースが表示されないのですが,0.4532031959972452
洗濯の途中で一時停止できますか？,デリケートな衣類やおしゃれ着を優しく洗うための専用コースはありますか？,0.45312379289504345
電気代や水道代を節約できるような省エネ運転モードは搭載されていますか？,本体がぐらつきます。どうしたら良いですか？,0.45299496462129185
すすぎ回数は変えられる？,頻繁に使う洗濯設定を保存しておきたいのですが、「わが家流」設定とは具体的にどのような機能ですか？,0.45294660250396107
自動投入機能を使わずに、自分で洗剤を投入したいのですが、設定を教えてください？,脱水時間の変更は可能ですか？,0.4529180289292907
おすすめのコースを教えて？,深夜に運転しても大丈夫？,0.45290398954433464
洗濯終了時のお知らせ音を鳴らさないようにしたいのですが、その設定はどこで変更できますか？,ドアが開かない原因は？,0.45288614527794135
洗剤を手動で投入できますか？,一般的な洗濯コースを選んだ場合、洗濯が完了するまでにおよそ何分くらいかかりますか？,0.4528844150654747
洗剤を手動で投入できますか？,脱水時間の変更は可能ですか？,0.4528817893514717
終了音を消すには？,洗濯物を保護するために、洗濯ネットを使用する必要はありますか？どのような種類の衣類に推奨されますか？,0.4528522052079672
洗濯物の絡まりを防ぐには？,本体が熱い。,0.45280970828055345
終了音を消すには？,一時停止中にドアは開きますか？,0.4527664014936378
すすぎや脱水はせずに、衣類を「洗い」の工程だけで済ませたいのですが、そのような設定はできますか？,洗濯の途中で一時停止できますか？,0.45268585468718114
洗濯の始め方は？,電気代や水道代を節約できるような省エネ運転モードは搭載されていますか？,0.4526624928767557
洗濯をスタートする方法を教えて？,「洗い」だけ行いたいのですが,0.4526497386772388
ナノイーX機能について詳しく教えてください。どのような効果があり、どのコースで利用できますか？,脱水時間の変更は可能ですか？,0.45253344365037557
洗剤を手動で投入できますか？,特に汚れがひどい洗濯物なので、2回続けて洗いたいのですが、そのような設定は可能ですか？,0.45239714753931987
最適なコースは？,本体が熱くなります,0.45236711503584626
毛布の洗濯は可能？,電気代や水道代を節約できるような省エネ運転モードは搭載されていますか？,0.4523350412963477
頻繁に使う洗濯設定を保存しておきたいのですが、「わが家流」設定とは具体的にどのような機能ですか？,白い粉が残るのですが。,0.45231647556810606
最大容量は？,設定の初期化はできますか？,0.45226467162391043
洗濯物の種類によって脱水時間を調整したいのですが、何分まで設定できますか？,設定を工場出荷時に戻せる？,0.4522621886074541
ナノイーXの機能は？,脱水時間の調整はできる？,0.4522594700571997
省エネモードはありますか？,ドラムが回らない。,0.4522234017546177
頻繁に使う洗濯設定を保存しておきたいのですが、「わが家流」設定とは具体的にどのような機能ですか？,洗濯コースの選択肢が画面に表示されないのですが、これはどういう状況ですか？どのように対処すれば良いですか？,0.4518652335713092
個別の設定は可能ですか？,省エネ機能はある？,0.4518124709650436
自動投入機能を使わずに、自分で洗剤を投入したいのですが、設定を教えてください？,おすすめの洗剤・柔軟剤はありますか？,0.45180490431745957
水が出ないエラーが出た。,最大容量は？,0.45178496110977684
手動で個別に設定する事は可能ですか？,洗濯を開始しようとしてもドラムが回転しないのですが、何が原因として考えられますか？安全装置が作動している可能性はありますか？,0.4517697134186458
手動で洗剤を入れることはできますか？,洗濯中に通常とは異なる音がするのですが、どのような原因が考えられますか？自分で確認できることはありますか？,0.45175312322276934
自動投入機能はどう使うの？,洗濯中に急な用事ができた場合、途中で運転を一時停止させることはできますか？その操作方法を教えてください。,0.45173343507145103
省エネ機能はある？,予約の仕方は？,0.4515733787556325
終了音を消すには？,省エネモードはありますか？,0.45153507155312134
洗濯の途中で一時停止できますか？,この洗濯機に最適な洗剤や柔軟剤はありますか？メーカーから推奨されている製品があれば教えてください。,0.4515060332266028
乾燥なしで洗濯するには？,本体が熱くなります,0.451483018361512
洗濯中に急な用事ができた場合、途中で運転を一時停止させることはできますか？その操作方法を教えてください。,デリケートな衣類やおしゃれ着を優しく洗うための専用コースはありますか？,0.45131874054398313
脱水時間の調整はできる？,ドアが閉まらない時は？,0.4512319973761424
スチーム機能の使い方を教えて？,電気代や水道代を節約できるような省エネ運転モードは搭載されていますか？,0.4511185684431115
予約機能の使い方をおしえて？,洗濯機本体に触れると熱いのですが、これは異常ですか？特に乾燥運転中に熱くなることはありますか？,0.4510964437786611
外出先から洗濯を開始できますか？,省エネモードはありますか？,0.45095652497866257
ナノイーX機能について詳しく教えてください。どのような効果があり、どのコースで利用できますか？,洗濯の途中で一時停止できますか？,0.45093816988703916
乾燥なしで洗濯するには？,脱水時間の調整はできる？,0.45085657038360705
洗いのみは可能？,洗濯を開始しようとしてもドラムが回転しないのですが、何が原因として考えられますか？安全装置が作動している可能性はありますか？,0.4508330589977358
洗いのみは可能？,ドアが完全に閉まりません,0.4507877888762766
手動で洗剤を入れることはできますか？,洗濯機に水が供給されないというエラーが表示されたのですが、どのような原因が考えられますか？自分でできる確認事項はありますか？,0.45078222361440123
脱水時間の変更は可能ですか？,洗濯物が絡まります。どうしたらよいですか？,0.45069151073798264
水漏れしています。どうしたらよいですか？,設定を工場出荷時に戻せる？,0.45068625902769827
洗濯物の種類によって脱水時間を調整したいのですが、何分まで設定できますか？,洗濯中に急な用事ができた場合、途中で運転を一時停止させることはできますか？その操作方法を教えてください。,0.45067703002280146
洗濯中に一時停止は可能？,使用する洗剤のブランドや種類を変更した場合、洗濯機側で何か設定を変更する必要はありますか？,0.45062149854445366
ナノイーXの機能は？,「わが家流」設定とは何ですか？,0.45061662014347986
ドアが開かない原因は？,誤った設定をしてしまったので、洗濯機の設定をすべて初期状態に戻したいのですが、その方法を教えてください。,0.45058608609000167
洗濯の始め方は？,洗濯物の種類によって脱水時間を調整したいのですが、何分まで設定できますか？,0.4504461853362185
洗濯ネットは必要ですか？,洗濯後に衣類が絡まってしまうことが多いのですが、何か絡まりを防ぐための対処法はありますか？,0.45044211746251483
自動投入機能はどう使うの？,本体が熱い。,0.45041260118436255
本体がぐらつきます。どうしたら良いですか？,洗濯機本体に触れると熱いのですが、これは異常ですか？特に乾燥運転中に熱くなることはありますか？,0.4503728657271132
自宅にいない時でも、スマートフォンなどを使って洗濯機を遠隔で操作し、洗濯を開始することはできますか？,本体が熱い。,0.4503639630824606
洗濯の各工程（洗い、すすぎ、脱水、乾燥）について、自分の好みに合わせて時間を設定したり、回数を変更したりすることはできますか？,運転終了時にアラームを鳴らさないようにできますか？,0.45030149899507826
ナノイーXとは何ですか？,洗濯中に一時停止は可能？,0.4501921835169903
洗濯の各工程（洗い、すすぎ、脱水、乾燥）について、自分の好みに合わせて時間を設定したり、回数を変更したりすることはできますか？,チャイルドロックの設定をしたい,0.4499781128623125
おすすめのコースを教えて？,子供が誤って操作しないように、チャイルドロックを設定したいのですが、その方法と解除方法を教えてください。,0.4498112731515099
自宅の洗濯機で毛布を洗うことはできますか？もし洗える場合、何か特別な条件やコースがありますか？,省エネ機能はある？,0.4497361591094642
洗濯の始め方は？,脱水時間の調整はできる？,0.44962912755383383
洗濯の各工程（洗い、すすぎ、脱水、乾燥）について、自分の好みに合わせて時間を設定したり、回数を変更したりすることはできますか？,ナノイーXの機能は？,0.44950159492446634
「わが家流」設定って何？,洗濯機本体に触れると熱いのですが、これは異常ですか？特に乾燥運転中に熱くなることはありますか？,0.4494827620505185
洗濯中に一時停止は可能？,洗濯物が絡まります。どうしたらよいですか？,0.4494754561433429
スチーム機能の使い方を教えて？,洗濯後に衣類が絡まってしまうことが多いのですが、何か絡まりを防ぐための対処法はありますか？,0.4494348723566745
脱水時間の調整はできる？,深夜運転は静か？,0.44941271161461493
洗濯の各工程（洗い、すすぎ、脱水、乾燥）について、自分の好みに合わせて時間を設定したり、回数を変更したりすることはできますか？,洗濯物の絡まりを防ぐには？,0.44941032159553207
終了音を消すには？,洗濯ネットは必要ですか？,0.4493653810640686
自動投入機能を使わずに、自分で洗剤を投入したいのですが、設定を教えてください？,白い粉が残るのですが。,0.44933731952263256
ナノイーXとは何ですか？,設定を工場出荷時に戻せる？,0.4492612140195633
スチーム機能は何に使うの？,水が出ないエラーが出た。,0.44923010528763635
洗濯中に急な用事ができた場合、途中で運転を一時停止させることはできますか？その操作方法を教えてください。,予約機能の使い方をおしえて？,0.44915033113716346
洗濯をスタートする方法を教えて？,洗濯終了時のお知らせ音を鳴らさないようにしたいのですが、その設定はどこで変更できますか？,0.4491316542464894
頻繁に使う洗濯設定を保存しておきたいのですが、「わが家流」設定とは具体的にどのような機能ですか？,予約機能の使い方をおしえて？,0.4490547139899004
ふんわりキープの目的は？,洗濯の途中で一時停止できますか？,0.4490321536759774
終了音を消すには？,本体がぐらつきます。どうしたら良いですか？,0.44902137274060056
洗濯物の種類や汚れ具合に関わらず、最もおすすめの洗濯コースは何ですか？そのコースではどのような設定が自動で行われますか？,深夜に運転しても大丈夫？,0.4489971944658457
洗濯中に急な用事ができた場合、途中で運転を一時停止させることはできますか？その操作方法を教えてください。,毛布は洗えますか？,0.44897480561414643
洗濯中に通常とは異なる音がするのですが、どのような原因が考えられますか？自分で確認できることはありますか？,「わが家流」設定とは何ですか？,0.4489354980310657
急いで洗濯したい時は？,本体が熱い。,0.44892713441095045
終了音を消すには？,洗濯ネットは使うべき？,0.4488891397186421
省エネ機能はある？,本体がぐらつきます。どうしたら良いですか？,0.4488391251331713
深夜に運転しても大丈夫？,本体が熱い。,0.4488299401866722
洗濯終了時のお知らせ音を鳴らさないようにしたいのですが、その設定はどこで変更できますか？,洗濯の所要時間は？,0.4487877073856745
スチーム機能は何に使うの？,ドアが閉まらない時は？,0.44875992131969733
洗濯中に急な用事ができた場合、途中で運転を一時停止させることはできますか？その操作方法を教えてください。,洗濯物が絡まります。どうしたらよいですか？,0.4487550155692096
洗濯物の種類や汚れ具合に関わらず、最もおすすめの洗濯コースは何ですか？そのコースではどのような設定が自動で行われますか？,洗濯中に急な用事ができた場合、途中で運転を一時停止させることはできますか？その操作方法を教えてください。,0.44874174328581784
手動で洗剤を入れることはできますか？,洗濯後に衣類が絡まってしまうことが多いのですが、何か絡まりを防ぐための対処法はありますか？,0.4484633332632016
本体がぐらつきます。どうしたら良いですか？,設定を工場出荷時に戻せる？,0.44841748718988594
本体がぐらつきます。どうしたら良いですか？,設定の初期化はできますか？,0.4483991768069087
自動投入機能を使わずに、自分で洗剤を投入したいのですが、設定を教えてください？,洗濯ネットは必要ですか？,0.4483760009456646
洗濯中に一時停止は可能？,デリケートな衣類やおしゃれ着を優しく洗うための専用コースはありますか？,0.44832952622054467
洗濯のすすぎ回数を自分の希望に合わせて変更したいのですが、何回から何回まで選べますか？,洗濯の途中で一時停止できますか？,0.4483205980331796
衣類のしわを伸ばしたり、気になるにおいを取り除いたりしたいのですが、スチーム機能はどのように使えば良いですか？,本体が熱くなります,0.4483122392257741
深夜に運転しても大丈夫？,水漏れしています。どうしたらよいですか？,0.44821910701248646
洗濯の途中で一時停止できますか？,おすすめの洗剤・柔軟剤はありますか？,0.44821427600524644
洗濯の始め方は？,チャイルドロックはどこで設定する？,0.4482047763030168
洗濯の途中で一時停止できますか？,異音がします。どうしたらよいですか？,0.4479938707326213
洗濯の始め方は？,この洗濯機に最適な洗剤や柔軟剤はありますか？メーカーから推奨されている製品があれば教えてください。,0.4478913089479871
子供が誤って操作しないように、チャイルドロックを設定したいのですが、その方法と解除方法を教えてください。,一般的な洗濯コースを選んだ場合、洗濯が完了するまでにおよそ何分くらいかかりますか？,0.44786659118184924
すすぎ回数は変えられる？,洗濯中に急な用事ができた場合、途中で運転を一時停止させることはできますか？その操作方法を教えてください。,0.44784109417786855
水漏れの原因は？,誤った設定をしてしまったので、洗濯機の設定をすべて初期状態に戻したいのですが、その方法を教えてください。,0.4478313699508196
スチーム機能の使い方を教えて？,水漏れしています。どうしたらよいですか？,0.4478027341443921
再洗はできる？,洗濯終了時のお知らせ音を鳴らさないようにしたいのですが、その設定はどこで変更できますか？,0.44777310787343794
洗濯ネットは必要ですか？,本体が熱い。,0.44777249173793143
最適なコースは？,自動投入機能を使わずに、自分で洗剤を投入したいのですが、設定を教えてください？,0.4477641071779145
終了音を消すには？,洗濯が終わったのにドアがロックされて開かないのですが、これは故障ですか？どのくらい時間が経てば開くようになりますか？,0.44775432207281834
洗濯物の絡まりを防ぐには？,「排水できない」エラーが出ます,0.44775283343890737
おすすめのコースを教えて？,自動投入機能を使わずに、自分で洗剤を投入したいのですが、設定を教えてください？,0.4477312153292016
ふんわりキープとは何ですか？,電気代や水道代を節約できるような省エネ運転モードは搭載されていますか？,0.44772928136119794
スチーム機能は何に使うの？,異音がします。どうしたらよいですか？,0.4476324175572565
洗濯が終わったのにドアがロックされて開かないのですが、これは故障ですか？どのくらい時間が経てば開くようになりますか？,誤った設定をしてしまったので、洗濯機の設定をすべて初期状態に戻したいのですが、その方法を教えてください。,0.4475495075779789
洗濯ネットは必要ですか？,誤った設定をしてしまったので、洗濯機の設定をすべて初期状態に戻したいのですが、その方法を教えてください。,0.44753829622458774
省エネ機能はある？,洗濯の開始時刻を事前に設定しておきたいのですが、予約機能はどのように使えば良いですか？,0.44733268526170544
省エネ機能はある？,洗濯機の下から水が漏れているのですが、どのような原因が考えられますか？自分で確認できる対処法はありますか？,0.4472551358730764
再洗はできる？,「わが家流」設定とは何ですか？,0.4471315430111149
頻繁に使う洗濯設定を保存しておきたいのですが、「わが家流」設定とは具体的にどのような機能ですか？,「水が出ない」エラーが出ます,0.4470584936049957
スチーム機能は何に使うの？,「洗い」だけ行いたいのですが,0.44705429256208795
洗濯終了時のお知らせ音を鳴らさないようにしたいのですが、その設定はどこで変更できますか？,洗濯物に白い粉が残っています。　どうしたらよいですか？,0.44700541569059493
洗濯中に一時停止は可能？,水漏れしています。どうしたらよいですか？,0.44684546456815355
洗濯終了時のお知らせ音を鳴らさないようにしたいのですが、その設定はどこで変更できますか？,洗濯機本体に触れると熱いのですが、これは異常ですか？特に乾燥運転中に熱くなることはありますか？,0.4467648246012481
個別の設定は可能ですか？,洗濯を開始しようとしてもドラムが回転しないのですが、何が原因として考えられますか？安全装置が作動している可能性はありますか？,0.446694684372261
洗濯の各工程（洗い、すすぎ、脱水、乾燥）について、自分の好みに合わせて時間を設定したり、回数を変更したりすることはできますか？,ドアが完全に閉まりません,0.4466660700408112
「排水できない」エラーが出ます,設定を工場出荷時に戻せる？,0.44661370022350666
チャイルドロックの設定をしたい,洗濯機に水が供給されないというエラーが表示されたのですが、どのような原因が考えられますか？自分でできる確認事項はありますか？,0.44660533125125695
ナノイーXとは何ですか？,電気代や水道代を節約できるような省エネ運転モードは搭載されていますか？,0.44657853857222224
一時停止中にドアは開きますか？,電気代や水道代を節約できるような省エネ運転モードは搭載されていますか？,0.44652587671465094
子供が誤って操作しないように、チャイルドロックを設定したいのですが、その方法と解除方法を教えてください。,「わが家流」設定とは何ですか？,0.44652253051399327
スチーム機能の使い方を教えて？,省エネ機能はある？,0.4464858384609639
運転終了時にアラームを鳴らさないようにできますか？,洗濯と乾燥の最大容量は？,0.44647432855010233
洗濯はせず、衣類を乾燥させる機能だけを使いたいのですが、どのように操作すれば良いですか？,本体が熱い。,0.4464453257310258
省エネ機能はある？,おしゃれ着コースはありますか？,0.44643372779119
衣類のしわを伸ばしたり、気になるにおいを取り除いたりしたいのですが、スチーム機能はどのように使えば良いですか？,脱水時間の変更は可能ですか？,0.44642040806625916
頻繁に使う洗濯設定を保存しておきたいのですが、「わが家流」設定とは具体的にどのような機能ですか？,洗濯物に白い粉が残っています。　どうしたらよいですか？,0.4463515816334863
羽毛布団を洗濯機で洗いたいのですが、対応していますか？また、洗う際の注意点があれば教えてください。,設定の初期化はできますか？,0.4463171959677747
脱水時間の調整はできる？,設定の初期化はできますか？,0.4462735737181527
特に汚れがひどい洗濯物なので、2回続けて洗いたいのですが、そのような設定は可能ですか？,省エネモードはありますか？,0.44623434562237363
個別の設定は可能ですか？,本体が熱い。,0.446200248992355
排水エラーが出た。,設定の初期化はできますか？,0.44617107533121997
「ふんわりキープ」とはどのような機能ですか？,洗濯の途中で一時停止できますか？,0.44601204264916117
脱水時間の調整はできる？,おしゃれ着コースはありますか？,0.4460010872491592
洗剤を手動で投入できますか？,洗濯機が排水できないというエラーメッセージが表示されたのですが、原因は何でしょうか？自分で解決できる方法はありますか？,0.4459449175547938
洗濯の各工程（洗い、すすぎ、脱水、乾燥）について、自分の好みに合わせて時間を設定したり、回数を変更したりすることはできますか？,ドアが閉まらない時は？,0.44594377554155484
本体の揺れが気になる。,洗濯機本体に触れると熱いのですが、これは異常ですか？特に乾燥運転中に熱くなることはありますか？,0.44592832059052107
洗濯中に一時停止は可能？,洗濯機が排水できないというエラーメッセージが表示されたのですが、原因は何でしょうか？自分で解決できる方法はありますか？,0.44589475494341857
すすぎの設定を変更することは可能ですか？,洗濯の途中で一時停止できますか？,0.44588007521176753
自動投入機能を使わずに、自分で洗剤を投入したいのですが、設定を教えてください？,洗濯機に水が供給されないというエラーが表示されたのですが、どのような原因が考えられますか？自分でできる確認事項はありますか？,0.4458413124898354
電気代や水道代を節約できるような省エネ運転モードは搭載されていますか？,水が出ないエラーが出た。,0.44581452162965884
洗濯の各工程（洗い、すすぎ、脱水、乾燥）について、自分の好みに合わせて時間を設定したり、回数を変更したりすることはできますか？,洗濯と乾燥の最大容量は？,0.44578020234946625
脱水時間の調整はできる？,この洗濯機で靴を洗うことはできますか？もしできない場合、何か代わりの方法はありますか？,0.4457736294293565
乾燥なしで洗濯するには？,「水が出ない」エラーが出ます,0.4457576879395073
最適なコースは？,洗濯を開始しようとしてもドラムが回転しないのですが、何が原因として考えられますか？安全装置が作動している可能性はありますか？,0.4457429895729348
終了音を消すには？,一時停止したらドアは開く？,0.4456836298844996
洗濯機が排水できないというエラーメッセージが表示されたのですが、原因は何でしょうか？自分で解決できる方法はありますか？,本体が熱くなります,0.4456735924882598
洗剤を手動で投入できますか？,洗濯と乾燥の最大容量は？,0.4454129210354457
夜遅い時間帯に洗濯機を運転しても、近隣に迷惑がかからないように静かに運転できるモードはありますか？,水漏れしています。どうしたらよいですか？,0.44535698646929206
すすぎや脱水はせずに、衣類を「洗い」の工程だけで済ませたいのですが、そのような設定はできますか？,洗濯ネットは使うべき？,0.44534068723498854
省エネ機能はある？,ドラムが回らない。,0.4452898951891201
「わが家流」設定とは何ですか？,洗濯後、衣類に白い粉状のものが付着しているのですが、何が原因ですか？どのように対処すれば改善されますか？,0.4452793645805414
ナノイーX機能について詳しく教えてください。どのような効果があり、どのコースで利用できますか？,設定を工場出荷時に戻せる？,0.4452503262328221
最大容量は？,本体が熱くなります,0.44518727200391767
洗濯物の絡まりを防ぐには？,誤った設定をしてしまったので、洗濯機の設定をすべて初期状態に戻したいのですが、その方法を教えてください。,0.44518533775042507
洗濯中に急な用事ができた場合、途中で運転を一時停止させることはできますか？その操作方法を教えてください。,おしゃれ着は洗える？,0.4451257683430787
チャイルドロックの設定をしたい,洗濯中に通常とは異なる音がするのですが、どのような原因が考えられますか？自分で確認できることはありますか？,0.4451004426208306
スチーム機能の使い方を教えて？,洗濯物の絡まりを防ぐには？,0.4450750532158605
ナノイーXの機能は？,洗濯中に急な用事ができた場合、途中で運転を一時停止させることはできますか？その操作方法を教えてください。,0.444975081547602
ジェット乾燥って何？,電気代や水道代を節約できるような省エネ運転モードは搭載されていますか？,0.4449027965058261
洗濯の途中で一時停止できますか？,毛布は洗えますか？,0.44486038957498725
洗濯ネットは必要ですか？,「わが家流」設定って何？,0.44481505199343385
運転終了時にアラームを鳴らさないようにできますか？,省エネ機能はある？,0.4447295832799272
脱水時間の調整はできる？,羽毛布団を洗濯機で洗いたいのですが、対応していますか？また、洗う際の注意点があれば教えてください。,0.4447133447456849
「水が出ない」エラーが出ます,この洗濯機に最適な洗剤や柔軟剤はありますか？メーカーから推奨されている製品があれば教えてください。,0.4447082766464711
スチーム機能は何に使うの？,脱水時間の調整はできる？,0.44464673600574733
省エネ機能はある？,推奨の洗剤・柔軟剤は？,0.44439590501408566
「水が出ない」エラーが出ます,推奨の洗剤・柔軟剤は？,0.44424997378970693
個別の設定は可能ですか？,誤った設定をしてしまったので、洗濯機の設定をすべて初期状態に戻したいのですが、その方法を教えてください。,0.4442282124904532
毛布は洗えますか？,電気代や水道代を節約できるような省エネ運転モードは搭載されていますか？,0.4442180204103904
個別の設定は可能ですか？,スニーカーは洗える？,0.44416673408231544
洗いのみは可能？,洗濯物を保護するために、洗濯ネットを使用する必要はありますか？どのような種類の衣類に推奨されますか？,0.4441502823412983
最適なコースは？,誤った設定をしてしまったので、洗濯機の設定をすべて初期状態に戻したいのですが、その方法を教えてください。,0.4441411007831437
脱水時間の調整はできる？,洗濯ネットは使うべき？,0.44410356141696883
脱水時間の調整はできる？,ドアが完全に閉まりません,0.44404564161363846
最大容量は？,本体が熱い。,0.4440036680377667
最適なコースは？,洗濯ネットは必要ですか？,0.4440010402429707
洗いのみは可能？,洗濯中に急な用事ができた場合、途中で運転を一時停止させることはできますか？その操作方法を教えてください。,0.44391636976859866
電気代や水道代を節約できるような省エネ運転モードは搭載されていますか？,頻繁に使う洗濯設定を保存しておきたいのですが、「わが家流」設定とは具体的にどのような機能ですか？,0.4437097608249311
脱水時間の調整はできる？,おすすめの洗剤・柔軟剤はありますか？,0.4435818467078725
最適なコースは？,洗濯物を保護するために、洗濯ネットを使用する必要はありますか？どのような種類の衣類に推奨されますか？,0.44357906911893163
外出先から洗濯を開始できますか？,洗濯物の絡まりを防ぐには？,0.44357097474708757
自動投入機能を使わずに、自分で洗剤を投入したいのですが、設定を教えてください？,洗濯の所要時間は？,0.44355432444640286
洗剤を手動で投入できますか？,再洗はできる？,0.44350984423495243
手動で洗剤を入れることはできますか？,洗濯物が絡まります。どうしたらよいですか？,0.4433340339780438
自動投入機能はどう使うの？,「排水できない」エラーが出ます,0.44333147545229956
スニーカーは洗える？,おすすめの洗剤・柔軟剤はありますか？,0.44322451447433153
洗濯機を使い始めるにはどうすればいいですか？　手順を教えて下さい。,「わが家流」設定って何？,0.4432074673647106
洗濯機の下から水が漏れているのですが、どのような原因が考えられますか？自分で確認できる対処法はありますか？,設定の初期化はできますか？,0.4431171890216536
ナノイーX機能について詳しく教えてください。どのような効果があり、どのコースで利用できますか？,頻繁に使う洗濯設定を保存しておきたいのですが、「わが家流」設定とは具体的にどのような機能ですか？,0.44311668627516393
自宅にいない時でも、スマートフォンなどを使って洗濯機を遠隔で操作し、洗濯を開始することはできますか？,洗濯中に一時停止は可能？,0.44304917985957815
手動で洗剤を入れることはできますか？,変な音がするのですが。,0.44300145879865127
「洗い」だけ行いたいのですが,「水が出ない」エラーが出ます,0.4429865735325431
ふんわりキープの目的は？,省エネ機能はある？,0.44295414343533335
洗濯ネットは必要ですか？,本体が熱くなります,0.44294920012344163
「ふんわりキープ」とはどのような機能ですか？,脱水時間の調整はできる？,0.44289466821840684
洗濯物が絡まります。どうしたらよいですか？,本体の揺れが気になる。,0.44289257082689415
脱水時間の変更は可能ですか？,洗濯物の絡まりを防ぐには？,0.44260262623241936
省エネ機能はある？,水が出ないエラーが出た。,0.44257544653425496
終了音を消すには？,洗濯と乾燥の最大容量は？,0.44254795195716123
「洗い」だけ行いたいのですが,ドアが閉まらない時は？,0.44254417853990957
洗濯後、衣類に白い粉状のものが付着しているのですが、何が原因ですか？どのように対処すれば改善されますか？,本体が熱い。,0.4424314386515138
省エネ機能はある？,急いで洗濯したい時は？,0.44242418929837846
洗濯の始め方は？,誤った設定をしてしまったので、洗濯機の設定をすべて初期状態に戻したいのですが、その方法を教えてください。,0.44234633623544073
個別の設定は可能ですか？,洗濯物の絡まりを防ぐには？,0.44234521533436033
自動投入機能を使わずに、自分で洗剤を投入したいのですが、設定を教えてください？,本体がぐらつきます。どうしたら良いですか？,0.4423397520291135
スチーム機能の使い方を教えて？,省エネモードはありますか？,0.4422867008574217
洗剤を手動で投入できますか？,「わが家流」設定って何？,0.44225314381806
外出先から洗濯を開始できますか？,省エネ機能はある？,0.4421366820319369
ふんわりキープの目的は？,「水が出ない」エラーが出ます,0.4419997422891053
「わが家流」設定とは何ですか？,洗濯機に水が供給されないというエラーが表示されたのですが、どのような原因が考えられますか？自分でできる確認事項はありますか？,0.4419943590587765
洗濯ネットは使うべき？,本体が熱い。,0.4419758517316379
洗濯と乾燥の最大容量は？,洗濯機本体に触れると熱いのですが、これは異常ですか？特に乾燥運転中に熱くなることはありますか？,0.44193111424580156
洗濯ネットは使うべき？,洗濯物の絡まりを防ぐには？,0.4418625389178709
洗濯中に急な用事ができた場合、途中で運転を一時停止させることはできますか？その操作方法を教えてください。,洗濯を開始しようとしてもドラムが回転しないのですが、何が原因として考えられますか？安全装置が作動している可能性はありますか？,0.4418320601403153
終了音を消すには？,洗濯を一時停止した際、追加の衣類を入れるためにドアを開けることは可能ですか？その条件は何ですか？,0.4417785714424617
おすすめのコースを教えて？,洗濯中に一時停止は可能？,0.44176529166072187
ナノイーXとは何ですか？,脱水時間の調整はできる？,0.4417262516867365
洗濯の始め方は？,チャイルドロックの設定をしたい,0.44167442251377187
この洗濯機で一度に洗濯できる衣類の最大量と、乾燥できる衣類の最大量はそれぞれ何キログラムですか？,本体が熱くなります,0.4415847127402581
個別の設定は可能ですか？,洗濯ネットは使うべき？,0.44156465404655265
「水が出ない」エラーが出ます,予約機能の使い方をおしえて？,0.441499122060273
洗濯の各工程（洗い、すすぎ、脱水、乾燥）について、自分の好みに合わせて時間を設定したり、回数を変更したりすることはできますか？,この洗濯機に最適な洗剤や柔軟剤はありますか？メーカーから推奨されている製品があれば教えてください。,0.44144645787427916
自動投入機能の使い方を教えて？,省エネモードはありますか？,0.4413883785916566
自動投入機能はどう使うの？,本体が熱くなります,0.4413698142018462
衣類を洗うだけで、乾燥工程は行いたくない場合、どのコースを選択すれば良いですか？,省エネ機能はある？,0.4413559145476261
すすぎの設定を変更することは可能ですか？,本体が熱くなります,0.44134104761576
省エネモードはありますか？,推奨の洗剤・柔軟剤は？,0.4413003352941222
洗いのみは可能？,「水が出ない」エラーが出ます,0.44124247342782585
乾燥なしで洗濯するには？,洗濯中に一時停止は可能？,0.4411808188255091
特に汚れがひどい洗濯物なので、2回続けて洗いたいのですが、そのような設定は可能ですか？,省エネ機能はある？,0.44105651245440103
個別の設定は可能ですか？,洗濯物が絡まります。どうしたらよいですか？,0.44099206442289235
手動で洗剤を入れることはできますか？,「わが家流」設定とは何ですか？,0.44098728610865173
一時停止したらドアは開く？,設定を工場出荷時に戻せる？,0.44098611937742754
洗濯をスタートする方法を教えて？,頻繁に使う洗濯設定を保存しておきたいのですが、「わが家流」設定とは具体的にどのような機能ですか？,0.440957610998307
「わが家流」設定って何？,コースが表示されない。,0.4409518902031962
「排水できない」エラーが出ます,洗濯コースの選択肢が画面に表示されないのですが、これはどういう状況ですか？どのように対処すれば良いですか？,0.44093794417403687
脱水時間の変更は可能ですか？,設定の初期化はできますか？,0.4409133726843425
自動投入機能を使わずに、自分で洗剤を投入したいのですが、設定を教えてください？,洗濯と乾燥の最大容量は？,0.44088440408101637
頻繁に使う洗濯設定を保存しておきたいのですが、「わが家流」設定とは具体的にどのような機能ですか？,洗濯機本体に触れると熱いのですが、これは異常ですか？特に乾燥運転中に熱くなることはありますか？,0.44072148140571354
一時停止したらドアは開く？,電気代や水道代を節約できるような省エネ運転モードは搭載されていますか？,0.44061610301924553
最適なコースは？,洗濯の途中で一時停止できますか？,0.440610311330522
自動投入機能の使い方を教えて？,省エネ機能はある？,0.44060766566481513
自宅の洗濯機で毛布を洗うことはできますか？もし洗える場合、何か特別な条件やコースがありますか？,「水が出ない」エラーが出ます,0.4403990478097534
終了音を消すには？,省エネ機能はある？,0.44035716712276185
最適なコースは？,自宅にいない時でも、スマートフォンなどを使って洗濯機を遠隔で操作し、洗濯を開始することはできますか？,0.4403561734566279
衣類を洗うだけで、乾燥工程は行いたくない場合、どのコースを選択すれば良いですか？,本体が熱くなります,0.440278984623253
省エネ機能はある？,異音がします。どうしたらよいですか？,0.44027695892192675
ナノイーXの機能は？,設定を工場出荷時に戻せる？,0.4401360661006316
ふんわりキープの目的は？,省エネモードはありますか？,0.4400975310430252
洗濯中に急な用事ができた場合、途中で運転を一時停止させることはできますか？その操作方法を教えてください。,本体が熱くなります,0.4400865008407752
洗濯だけする方法を教えて？,頻繁に使う洗濯設定を保存しておきたいのですが、「わが家流」設定とは具体的にどのような機能ですか？,0.4400073848647936
「排水できない」エラーが出ます,おすすめの洗剤・柔軟剤はありますか？,0.43991304663002934
洗濯後に衣類が絡まってしまうことが多いのですが、何か絡まりを防ぐための対処法はありますか？,「排水できない」エラーが出ます,0.43989851886906206
おすすめのコースを教えて？,洗濯機本体に触れると熱いのですが、これは異常ですか？特に乾燥運転中に熱くなることはありますか？,0.4398849305956025
洗剤を手動で投入できますか？,洗濯物を保護するために、洗濯ネットを使用する必要はありますか？どのような種類の衣類に推奨されますか？,0.43988194744844256
すすぎや脱水はせずに、衣類を「洗い」の工程だけで済ませたいのですが、そのような設定はできますか？,洗濯ネットは必要ですか？,0.4398087112282625
おすすめのコースを教えて？,夜遅い時間帯に洗濯機を運転しても、近隣に迷惑がかからないように静かに運転できるモードはありますか？,0.43964688911110367
洗濯物の絡まりを防ぐには？,設定を工場出荷時に戻せる？,0.43951763617539785
再洗はできる？,頻繁に使う洗濯設定を保存しておきたいのですが、「わが家流」設定とは具体的にどのような機能ですか？,0.4395074219207708
洗濯物の種類や汚れ具合に関わらず、最もおすすめの洗濯コースは何ですか？そのコースではどのような設定が自動で行われますか？,夜遅い時間帯に洗濯機を運転しても、近隣に迷惑がかからないように静かに運転できるモードはありますか？,0.43945075494616714
洗濯終了時のお知らせ音を鳴らさないようにしたいのですが、その設定はどこで変更できますか？,最大容量は？,0.43942394372299676
洗濯中に急な用事ができた場合、途中で運転を一時停止させることはできますか？その操作方法を教えてください。,毛布の洗濯は可能？,0.43934286228466646
手動で洗剤を入れることはできますか？,本体が熱い。,0.43923063115257266
「洗い」だけ行いたいのですが,洗濯後に衣類が絡まってしまうことが多いのですが、何か絡まりを防ぐための対処法はありますか？,0.439159470127535
すすぎや脱水はせずに、衣類を「洗い」の工程だけで済ませたいのですが、そのような設定はできますか？,ドアが完全に閉まりません,0.4391514232714455
予約機能の使い方をおしえて？,本体が熱くなります,0.43913698715847865
「排水できない」エラーが出ます,設定の初期化はできますか？,0.43912414312686443
「ふんわりキープ」とはどのような機能ですか？,「水が出ない」エラーが出ます,0.4390947646578748
頻繁に使う洗濯設定を保存しておきたいのですが、「わが家流」設定とは具体的にどのような機能ですか？,洗濯後、衣類に白い粉状のものが付着しているのですが、何が原因ですか？どのように対処すれば改善されますか？,0.43907900990045245
洗濯の各工程（洗い、すすぎ、脱水、乾燥）について、自分の好みに合わせて時間を設定したり、回数を変更したりすることはできますか？,洗剤を手動で投入できますか？,0.4390008885398812
洗濯はせず、衣類を乾燥させる機能だけを使いたいのですが、どのように操作すれば良いですか？,本体が熱くなります,0.43895226363797757
自宅にいない時でも、スマートフォンなどを使って洗濯機を遠隔で操作し、洗濯を開始することはできますか？,水が出ないエラーが出た。,0.4389230933415526
おすすめのコースを教えて？,「わが家流」設定とは何ですか？,0.4388977699162172
最適なコースは？,頻繁に使う洗濯設定を保存しておきたいのですが、「わが家流」設定とは具体的にどのような機能ですか？,0.4388589397996736
「わが家流」設定って何？,洗濯の所要時間は？,0.43877987862423296
洗濯時間は何分ですか？,誤った設定をしてしまったので、洗濯機の設定をすべて初期状態に戻したいのですが、その方法を教えてください。,0.438378699941817
「洗い」だけ行いたいのですが,洗濯中に通常とは異なる音がするのですが、どのような原因が考えられますか？自分で確認できることはありますか？,0.43824971040088934
洗濯中に一時停止は可能？,洗濯機本体が不安定で揺れるのですが、どうすれば改善できますか？設置状況を確認する必要がありますか？,0.4382294162273962
自宅の洗濯機で毛布を洗うことはできますか？もし洗える場合、何か特別な条件やコースがありますか？,省エネモードはありますか？,0.43822036211141446
すすぎや脱水はせずに、衣類を「洗い」の工程だけで済ませたいのですが、そのような設定はできますか？,洗濯を開始しようとしてもドラムが回転しないのですが、何が原因として考えられますか？安全装置が作動している可能性はありますか？,0.43819385446029563
2度洗いは出来ますか？,終了音を消すには？,0.43818726061962876
手動で個別に設定する事は可能ですか？,洗濯物の絡まりを防ぐには？,0.43811602349486245
ジェット乾燥って何？,洗濯終了時のお知らせ音を鳴らさないようにしたいのですが、その設定はどこで変更できますか？,0.4380383638121264
洗濯のすすぎ回数を自分の希望に合わせて変更したいのですが、何回から何回まで選べますか？,本体が熱い。,0.43801107753869933
「洗い」だけ行いたいのですが,変な音がするのですが。,0.4379705298101241
異音がします。どうしたらよいですか？,頻繁に使う洗濯設定を保存しておきたいのですが、「わが家流」設定とは具体的にどのような機能ですか？,0.4379482898659851
自動投入機能を使わずに、自分で洗剤を投入したいのですが、設定を教えてください？,ジェット乾燥機能は、どのような仕組みで乾燥をするのですか？,0.43794299275188087
ナノイーXとは何ですか？,本体が熱い。,0.43787053003511545
乾燥だけで使用出来ますか？,省エネモードはありますか？,0.4378682464033431
子供が誤って操作しないように、チャイルドロックを設定したいのですが、その方法と解除方法を教えてください。,頻繁に使う洗濯設定を保存しておきたいのですが、「わが家流」設定とは具体的にどのような機能ですか？,0.43779895129428387
ナノイーXの機能は？,洗濯中に一時停止は可能？,0.43776966704291564
運転終了時にアラームを鳴らさないようにできますか？,洗濯機本体に触れると熱いのですが、これは異常ですか？特に乾燥運転中に熱くなることはありますか？,0.43773350369535347
衣類のしわを伸ばしたり、気になるにおいを取り除いたりしたいのですが、スチーム機能はどのように使えば良いですか？,本体が熱い。,0.4376396739212737
子供が誤って操作しないように、チャイルドロックを設定したいのですが、その方法と解除方法を教えてください。,洗濯機本体に触れると熱いのですが、これは異常ですか？特に乾燥運転中に熱くなることはありますか？,0.4375975131620241
頻繁に使う洗濯設定を保存しておきたいのですが、「わが家流」設定とは具体的にどのような機能ですか？,「排水できない」エラーが出ます,0.4375713190783359
ナノイーXの機能は？,洗濯機本体に触れると熱いのですが、これは異常ですか？特に乾燥運転中に熱くなることはありますか？,0.43745542369883367
すすぎや脱水はせずに、衣類を「洗い」の工程だけで済ませたいのですが、そのような設定はできますか？,ドラムが動きません,0.4373685449583884
運転終了時にアラームを鳴らさないようにできますか？,洗濯中に通常とは異なる音がするのですが、どのような原因が考えられますか？自分で確認できることはありますか？,0.43730076482565383
自動投入機能を使わずに、自分で洗剤を投入したいのですが、設定を教えてください？,洗濯ネットは使うべき？,0.437130595790335
洗いのみは可能？,頻繁に使う洗濯設定を保存しておきたいのですが、「わが家流」設定とは具体的にどのような機能ですか？,0.4371083575102652
洗濯中に急な用事ができた場合、途中で運転を一時停止させることはできますか？その操作方法を教えてください。,頻繁に使う洗濯設定を保存しておきたいのですが、「わが家流」設定とは具体的にどのような機能ですか？,0.43700186498881094
すすぎや脱水はせずに、衣類を「洗い」の工程だけで済ませたいのですが、そのような設定はできますか？,本体が熱い。,0.4369767570888562
洗濯中に急な用事ができた場合、途中で運転を一時停止させることはできますか？その操作方法を教えてください。,洗濯時間は何分ですか？,0.4369169238857368
頻繁に使う洗濯設定を保存しておきたいのですが、「わが家流」設定とは具体的にどのような機能ですか？,水が出ないエラーが出た。,0.43691175057148396
乾燥なしで洗濯するには？,電気代や水道代を節約できるような省エネ運転モードは搭載されていますか？,0.4368341017761469
手動で個別に設定する事は可能ですか？,電気代や水道代を節約できるような省エネ運転モードは搭載されていますか？,0.43663529333507123
自動投入機能を使わずに、自分で洗剤を投入したいのですが、設定を教えてください？,ジェット乾燥って何？,0.4366264813480937
「排水できない」エラーが出ます,本体が熱くなります,0.43636077406896656
「洗い」だけ行いたいのですが,時間がない時に、短時間で洗濯を済ませられるようなコースはありますか？,0.43633516174090714
一時停止中にドアは開きますか？,設定の初期化はできますか？,0.43623196581804907
省エネ機能はある？,この洗濯機に最適な洗剤や柔軟剤はありますか？メーカーから推奨されている製品があれば教えてください。,0.4362173859262509
すすぎや脱水はせずに、衣類を「洗い」の工程だけで済ませたいのですが、そのような設定はできますか？,洗濯機本体に触れると熱いのですが、これは異常ですか？特に乾燥運転中に熱くなることはありますか？,0.43616905723431165
電気代や水道代を節約できるような省エネ運転モードは搭載されていますか？,異音がします。どうしたらよいですか？,0.4361250235189189
ナノイーX機能について詳しく教えてください。どのような効果があり、どのコースで利用できますか？,本体が熱くなります,0.43604907147375926
洗濯の途中で一時停止できますか？,おしゃれ着は洗える？,0.4360460213389206
洗濯の始め方は？,この洗濯機で一度に洗濯できる衣類の最大量と、乾燥できる衣類の最大量はそれぞれ何キログラムですか？,0.436039043557624
電気代や水道代を節約できるような省エネ運転モードは搭載されていますか？,洗濯機の下から水が漏れているのですが、どのような原因が考えられますか？自分で確認できる対処法はありますか？,0.4360074223559791
「わが家流」設定って何？,本体が熱い。,0.43591376881546906
洗濯の始め方は？,異音がします。どうしたらよいですか？,0.43582291555414354
おすすめのコースを教えて？,ドアが閉まらない時は？,0.4357767106935791
洗濯終了時のお知らせ音を鳴らさないようにしたいのですが、その設定はどこで変更できますか？,異音がします。どうしたらよいですか？,0.43556548053813504
洗濯中に一時停止は可能？,この洗濯機に最適な洗剤や柔軟剤はありますか？メーカーから推奨されている製品があれば教えてください。,0.4354230540322918
洗濯中に一時停止は可能？,毛布は洗えますか？,0.43541532777371106
洗濯物を保護するために、洗濯ネットを使用する必要はありますか？どのような種類の衣類に推奨されますか？,設定の初期化はできますか？,0.4352395719417202
ふんわりキープとは何ですか？,「わが家流」設定って何？,0.435211672820724
洗剤を手動で投入できますか？,異音がします。どうしたらよいですか？,0.4351487905811554
洗濯中に一時停止は可能？,ドアが完全に閉まりません,0.4350762294971465
個別の設定は可能ですか？,電気代や水道代を節約できるような省エネ運転モードは搭載されていますか？,0.4350346202273676
「ふんわりキープ」とはどのような機能ですか？,洗濯中に一時停止は可能？,0.43492746343724364
洗濯機の下から水が漏れているのですが、どのような原因が考えられますか？自分で確認できる対処法はありますか？,誤った設定をしてしまったので、洗濯機の設定をすべて初期状態に戻したいのですが、その方法を教えてください。,0.43486635924730327
脱水時間の調整はできる？,洗濯ネットは必要ですか？,0.43467736921574546
一時停止したらドアは開く？,設定の初期化はできますか？,0.43465841224161283
「わが家流」設定って何？,一般的な洗濯コースを選んだ場合、洗濯が完了するまでにおよそ何分くらいかかりますか？,0.4345258483058567
洗濯はせず、衣類を乾燥させる機能だけを使いたいのですが、どのように操作すれば良いですか？,「排水できない」エラーが出ます,0.4345000844935656
すすぎや脱水はせずに、衣類を「洗い」の工程だけで済ませたいのですが、そのような設定はできますか？,ドラムが回らない。,0.43449297282722776
自動投入機能はどう使うの？,水が出ないエラーが出た。,0.4344584986680596
洗濯中に一時停止は可能？,変な音がするのですが。,0.43439262818970326
乾燥なしで洗濯するには？,洗濯の途中で一時停止できますか？,0.43437028819829493
洗剤を手動で投入できますか？,洗濯物が絡まります。どうしたらよいですか？,0.43434204378963537
洗濯終了時のお知らせ音を鳴らさないようにしたいのですが、その設定はどこで変更できますか？,洗濯を一時停止した際、追加の衣類を入れるためにドアを開けることは可能ですか？その条件は何ですか？,0.43433613735999343
チャイルドロックはどこで設定する？,「わが家流」設定とは何ですか？,0.4342721965663926
洗濯の始め方は？,洗濯機本体に触れると熱いのですが、これは異常ですか？特に乾燥運転中に熱くなることはありますか？,0.4338631132250842
電気代や水道代を節約できるような省エネ運転モードは搭載されていますか？,デリケートな衣類やおしゃれ着を優しく洗うための専用コースはありますか？,0.43386015427571856
一時停止中にドアは開きますか？,頻繁に使う洗濯設定を保存しておきたいのですが、「わが家流」設定とは具体的にどのような機能ですか？,0.43379622674008733
洗剤を手動で投入できますか？,一時停止中にドアは開きますか？,0.4335884686010719
最大容量は？,誤った設定をしてしまったので、洗濯機の設定をすべて初期状態に戻したいのですが、その方法を教えてください。,0.4335307190120944
おすすめのコースを教えて？,本体が熱い。,0.4335212777756967
「わが家流」設定って何？,靴は洗えますか？,0.4334925426644936
洗濯機を使い始めるにはどうすればいいですか？　手順を教えて下さい。,本体が熱い。,0.4333991750882785
洗濯中に一時停止は可能？,洗濯時間は何分ですか？,0.4333863376860747
洗濯物の種類によって脱水時間を調整したいのですが、何分まで設定できますか？,洗濯の途中で一時停止できますか？,0.43327778201413103
手動で個別に設定する事は可能ですか？,洗濯物が絡まります。どうしたらよいですか？,0.433244259761114
ナノイーXとは何ですか？,頻繁に使う洗濯設定を保存しておきたいのですが、「わが家流」設定とは具体的にどのような機能ですか？,0.4331250083870834
洗濯の各工程（洗い、すすぎ、脱水、乾燥）について、自分の好みに合わせて時間を設定したり、回数を変更したりすることはできますか？,おしゃれ着コースはありますか？,0.43304854186459063
「洗い」だけ行いたいのですが,「わが家流」設定とは何ですか？,0.43298958275026495
洗いのみは可能？,電気代や水道代を節約できるような省エネ運転モードは搭載されていますか？,0.43283449638629434
スチーム機能の使い方を教えて？,「水が出ない」エラーが出ます,0.43277323933574485
ナノイーX機能について詳しく教えてください。どのような効果があり、どのコースで利用できますか？,洗濯中に一時停止は可能？,0.4327587862984515
洗濯物が絡まります。どうしたらよいですか？,設定を工場出荷時に戻せる？,0.43260856928914976
最大容量は？,設定を工場出荷時に戻せる？,0.432594753900331
ナノイーX機能について詳しく教えてください。どのような効果があり、どのコースで利用できますか？,本体が熱い。,0.43258525661901726
「洗い」だけ行いたいのですが,洗濯物を保護するために、洗濯ネットを使用する必要はありますか？どのような種類の衣類に推奨されますか？,0.43258023456203987
すすぎ回数は変えられる？,洗濯の途中で一時停止できますか？,0.432523427309759
個別の設定は可能ですか？,洗濯中に一時停止は可能？,0.4324830051352073
「わが家流」設定って何？,設定の初期化はできますか？,0.43244554112884137
省エネ機能はある？,洗濯を開始しようとしてもドラムが回転しないのですが、何が原因として考えられますか？安全装置が作動している可能性はありますか？,0.4322660730698735
ジェット乾燥とは何ですか？,電気代や水道代を節約できるような省エネ運転モードは搭載されていますか？,0.4322652061357417
自動投入機能を使わずに、自分で洗剤を投入したいのですが、設定を教えてください？,洗濯物を保護するために、洗濯ネットを使用する必要はありますか？どのような種類の衣類に推奨されますか？,0.43226054947032144
ナノイーXの機能は？,洗濯の途中で一時停止できますか？,0.432220449648775
急いで洗濯したい時は？,洗濯機本体に触れると熱いのですが、これは異常ですか？特に乾燥運転中に熱くなることはありますか？,0.43220165327351084
洗濯をスタートする方法を教えて？,ドアが完全に閉まりません,0.43217635965756673
洗濯の途中で一時停止できますか？,ドアが完全に閉まりません,0.4321709892860959
洗濯終了時のお知らせ音を鳴らさないようにしたいのですが、その設定はどこで変更できますか？,白い粉が残るのですが。,0.43216938430150664
洗濯機を使い始めるにはどうすればいいですか？　手順を教えて下さい。,洗濯と乾燥の最大容量は？,0.4321261002156155
脱水時間の調整はできる？,深夜に運転しても大丈夫？,0.4321157688867987
洗濯の始め方は？,自動投入機能を使わずに、自分で洗剤を投入したいのですが、設定を教えてください？,0.4321012996161203
洗濯の各工程（洗い、すすぎ、脱水、乾燥）について、自分の好みに合わせて時間を設定したり、回数を変更したりすることはできますか？,設定の初期化はできますか？,0.4320298384719211
設定の初期化はできますか？,洗濯機本体に触れると熱いのですが、これは異常ですか？特に乾燥運転中に熱くなることはありますか？,0.431993493086325
洗濯終了時のお知らせ音を鳴らさないようにしたいのですが、その設定はどこで変更できますか？,頻繁に使う洗濯設定を保存しておきたいのですが、「わが家流」設定とは具体的にどのような機能ですか？,0.43196664980886723
洗濯中に急な用事ができた場合、途中で運転を一時停止させることはできますか？その操作方法を教えてください。,異音がします。どうしたらよいですか？,0.43196464759815517
2度洗いは出来ますか？,脱水時間の調整はできる？,0.43193578074994243
洗濯中に一時停止は可能？,洗濯の所要時間は？,0.4318681506844346
洗濯をスタートする方法を教えて？,脱水時間の調整はできる？,0.431666036465451
すすぎの設定を変更することは可能ですか？,本体が熱い。,0.43164352301112924
洗濯後、衣類に白い粉状のものが付着しているのですが、何が原因ですか？どのように対処すれば改善されますか？,本体が熱くなります,0.43161009315654186
深夜に運転しても大丈夫？,「わが家流」設定って何？,0.4315986171895315
頻繁に使う洗濯設定を保存しておきたいのですが、「わが家流」設定とは具体的にどのような機能ですか？,本体がぐらつきます。どうしたら良いですか？,0.4315838332784586
子供が誤って操作しないように、チャイルドロックを設定したいのですが、その方法と解除方法を教えてください。,洗濯物が絡まります。どうしたらよいですか？,0.43143767268300864
脱水時間の調整はできる？,洗濯後に衣類が絡まってしまうことが多いのですが、何か絡まりを防ぐための対処法はありますか？,0.43137426693005954
設定の初期化はできますか？,本体が熱い。,0.4313082446346686
電気代や水道代を節約できるような省エネ運転モードは搭載されていますか？,コースが表示されないのですが,0.4312796956281887
洗濯の始め方は？,洗濯の各工程（洗い、すすぎ、脱水、乾燥）について、自分の好みに合わせて時間を設定したり、回数を変更したりすることはできますか？,0.43125611448742734
「ふんわりキープ」とはどのような機能ですか？,「わが家流」設定って何？,0.4312262517902531
スチーム機能は何に使うの？,洗濯物が絡まります。どうしたらよいですか？,0.4311744465590613
脱水時間の変更は可能ですか？,この洗濯機に最適な洗剤や柔軟剤はありますか？メーカーから推奨されている製品があれば教えてください。,0.4311700120820279
一時停止中にドアは開きますか？,設定を工場出荷時に戻せる？,0.4311293273254174
洗濯終了時のお知らせ音を鳴らさないようにしたいのですが、その設定はどこで変更できますか？,洗濯ネットは必要ですか？,0.43112852398076973
洗濯の各工程（洗い、すすぎ、脱水、乾燥）について、自分の好みに合わせて時間を設定したり、回数を変更したりすることはできますか？,省エネモードはありますか？,0.4310745076641683
ドアが開かないのですが,「わが家流」設定って何？,0.43102411822315667
洗濯が終わったのにドアがロックされて開かないのですが、これは故障ですか？どのくらい時間が経てば開くようになりますか？,「わが家流」設定って何？,0.43097968223526695
洗濯機の下から水が漏れているのですが、どのような原因が考えられますか？自分で確認できる対処法はありますか？,設定を工場出荷時に戻せる？,0.43094143168675336
脱水時間の調整はできる？,洗濯物を保護するために、洗濯ネットを使用する必要はありますか？どのような種類の衣類に推奨されますか？,0.43073181200097865
再洗はできる？,省エネ機能はある？,0.43071595663528583
「わが家流」設定って何？,設定を工場出荷時に戻せる？,0.43067184003030684
洗いのみは可能？,洗濯の途中で一時停止できますか？,0.430626747436899
設定の初期化はできますか？,本体が熱くなります,0.4305727665768829
毛布は洗えますか？,頻繁に使う洗濯設定を保存しておきたいのですが、「わが家流」設定とは具体的にどのような機能ですか？,0.43052090583446445
洗濯のすすぎ回数を自分の希望に合わせて変更したいのですが、何回から何回まで選べますか？,省エネ機能はある？,0.4304404658960544
衣類のしわを伸ばしたり、気になるにおいを取り除いたりしたいのですが、スチーム機能はどのように使えば良いですか？,「水が出ない」エラーが出ます,0.4304117610364192
洗濯の各工程（洗い、すすぎ、脱水、乾燥）について、自分の好みに合わせて時間を設定したり、回数を変更したりすることはできますか？,スニーカーは洗える？,0.43036962674164003
洗濯中に一時停止は可能？,自宅の洗濯機で毛布を洗うことはできますか？もし洗える場合、何か特別な条件やコースがありますか？,0.43032789603172406
深夜に運転しても大丈夫？,本体が熱くなります,0.4302962019182157
洗濯のすすぎ回数を自分の希望に合わせて変更したいのですが、何回から何回まで選べますか？,省エネモードはありますか？,0.4302693940459351
自動投入機能を使わずに、自分で洗剤を投入したいのですが、設定を教えてください？,「わが家流」設定とは何ですか？,0.43026629265827
脱水時間の調整はできる？,洗濯を開始しようとしてもドラムが回転しないのですが、何が原因として考えられますか？安全装置が作動している可能性はありますか？,0.4302434947928055
乾燥なしで洗濯するには？,洗濯機に水が供給されないというエラーが表示されたのですが、どのような原因が考えられますか？自分でできる確認事項はありますか？,0.43023282029956467
洗濯をスタートする方法を教えて？,最大容量は？,0.4302188011698201
「洗い」だけ行いたいのですが,洗濯物の絡まりを防ぐには？,0.4301391073952947
洗濯終了時のお知らせ音を鳴らさないようにしたいのですが、その設定はどこで変更できますか？,洗濯中に通常とは異なる音がするのですが、どのような原因が考えられますか？自分で確認できることはありますか？,0.43010732637954385
ジェット乾燥って何？,頻繁に使う洗濯設定を保存しておきたいのですが、「わが家流」設定とは具体的にどのような機能ですか？,0.4300046010328211
省エネモードはありますか？,洗濯を開始しようとしてもドラムが回転しないのですが、何が原因として考えられますか？安全装置が作動している可能性はありますか？,0.4297091790968396
運転終了時にアラームを鳴らさないようにできますか？,洗濯中に急な用事ができた場合、途中で運転を一時停止させることはできますか？その操作方法を教えてください。,0.4295934455655588
ジェット乾燥とは何ですか？,洗濯終了時のお知らせ音を鳴らさないようにしたいのですが、その設定はどこで変更できますか？,0.4294348297911814
洗濯中に一時停止は可能？,毛布の洗濯は可能？,0.42922056157445043
洗濯中に一時停止は可能？,おしゃれ着は洗える？,0.42921927808318794
洗濯ネットは使うべき？,本体が熱くなります,0.42920699676453766
運転終了時にアラームを鳴らさないようにできますか？,水が出ないエラーが出た。,0.4290043116572256
洗濯の始め方は？,「洗い」だけ行いたいのですが,0.42898421532460707
洗濯の各工程（洗い、すすぎ、脱水、乾燥）について、自分の好みに合わせて時間を設定したり、回数を変更したりすることはできますか？,デリケートな衣類やおしゃれ着を優しく洗うための専用コースはありますか？,0.4289769447394042
手動で個別に設定する事は可能ですか？,洗濯ネットは使うべき？,0.42897125409861014
最適なコースは？,洗濯中に一時停止は可能？,0.4288871569348121
手動で個別に設定する事は可能ですか？,洗濯中に一時停止は可能？,0.42888178152843304
洗濯ネットは必要ですか？,洗濯物の絡まりを防ぐには？,0.4287699554617882
最適なコースは？,洗濯ネットは使うべき？,0.4287574000541232
再洗はできる？,誤った設定をしてしまったので、洗濯機の設定をすべて初期状態に戻したいのですが、その方法を教えてください。,0.42871529013766524
洗濯物の絡まりを防ぐには？,水が出ないエラーが出た。,0.42863374053418135
洗濯終了時のお知らせ音を鳴らさないようにしたいのですが、その設定はどこで変更できますか？,洗濯ネットは使うべき？,0.4284027197804443
「わが家流」設定って何？,急いで洗濯したい時は？,0.4282989127951087
自動投入機能を使わずに、自分で洗剤を投入したいのですが、設定を教えてください？,洗濯機の下から水が漏れているのですが、どのような原因が考えられますか？自分で確認できる対処法はありますか？,0.42828388100006376
洗濯の途中で一時停止できますか？,ドアが閉まらない時は？,0.42827733893036546
洗濯の各工程（洗い、すすぎ、脱水、乾燥）について、自分の好みに合わせて時間を設定したり、回数を変更したりすることはできますか？,スチーム機能は何に使うの？,0.4282452041952498
電気代や水道代を節約できるような省エネ運転モードは搭載されていますか？,洗濯中に通常とは異なる音がするのですが、どのような原因が考えられますか？自分で確認できることはありますか？,0.42814725097389517
電気代や水道代を節約できるような省エネ運転モードは搭載されていますか？,ドラムが回らない。,0.4280480239973583
個別の設定は可能ですか？,本体が熱くなります,0.42801200501301695
乾燥なしで洗濯するには？,水が出ないエラーが出た。,0.4279678229483975
この洗濯機で一度に洗濯できる衣類の最大量と、乾燥できる衣類の最大量はそれぞれ何キログラムですか？,本体が熱い。,0.42793460567888875
洗濯を一時停止した際、追加の衣類を入れるためにドアを開けることは可能ですか？その条件は何ですか？,電気代や水道代を節約できるような省エネ運転モードは搭載されていますか？,0.42791630227723976
羽毛布団を洗濯機で洗いたいのですが、対応していますか？また、洗う際の注意点があれば教えてください。,電気代や水道代を節約できるような省エネ運転モードは搭載されていますか？,0.4277710224878754
洗濯物が絡まります。どうしたらよいですか？,「わが家流」設定って何？,0.4277664679879174
スチーム機能の使い方を教えて？,ドアが閉まらない時は？,0.42773005038979195
チャイルドロックの設定をしたい,洗濯物が絡まります。どうしたらよいですか？,0.4276337836595524
自宅にいない時でも、スマートフォンなどを使って洗濯機を遠隔で操作し、洗濯を開始することはできますか？,本体が熱くなります,0.42763232625357117
「洗い」だけ行いたいのですが,ドアが完全に閉まりません,0.42763008279377945
使用する洗剤のブランドや種類を変更した場合、洗濯機側で何か設定を変更する必要はありますか？,「水が出ない」エラーが出ます,0.4276067360860647
ナノイーXとは何ですか？,本体が熱くなります,0.4276030654531348
運転終了時にアラームを鳴らさないようにできますか？,「わが家流」設定って何？,0.4275695767240887
運転終了時にアラームを鳴らさないようにできますか？,電気代や水道代を節約できるような省エネ運転モードは搭載されていますか？,0.4274951246597341
洗濯の各工程（洗い、すすぎ、脱水、乾燥）について、自分の好みに合わせて時間を設定したり、回数を変更したりすることはできますか？,ジェット乾燥とは何ですか？,0.427388097259824
洗濯物の絡まりを防ぐには？,洗濯後、衣類に白い粉状のものが付着しているのですが、何が原因ですか？どのように対処すれば改善されますか？,0.4273574260029621
すすぎ回数は変えられる？,省エネ機能はある？,0.4272332601914979
子供が誤って操作しないように、チャイルドロックを設定したいのですが、その方法と解除方法を教えてください。,脱水時間の変更は可能ですか？,0.4271950954941318
洗濯の各工程（洗い、すすぎ、脱水、乾燥）について、自分の好みに合わせて時間を設定したり、回数を変更したりすることはできますか？,洗濯物が絡まります。どうしたらよいですか？,0.4271809215086869
おすすめのコースを教えて？,洗濯ネットは必要ですか？,0.42711700686699827
洗濯の途中で一時停止できますか？,この洗濯機で一度に洗濯できる衣類の最大量と、乾燥できる衣類の最大量はそれぞれ何キログラムですか？,0.4267693085555796
洗濯終了時のお知らせ音を鳴らさないようにしたいのですが、その設定はどこで変更できますか？,本体がぐらつきます。どうしたら良いですか？,0.426736710608843
自宅にいない時でも、スマートフォンなどを使って洗濯機を遠隔で操作し、洗濯を開始することはできますか？,電気代や水道代を節約できるような省エネ運転モードは搭載されていますか？,0.4267229945409627
洗濯中に急な用事ができた場合、途中で運転を一時停止させることはできますか？その操作方法を教えてください。,ドアが完全に閉まりません,0.4265202559983758
自動投入機能の使い方を教えて？,本体が熱い。,0.42645445892322154
再洗はできる？,省エネモードはありますか？,0.42640053659674315
洗濯の各工程（洗い、すすぎ、脱水、乾燥）について、自分の好みに合わせて時間を設定したり、回数を変更したりすることはできますか？,洗濯を開始しようとしてもドラムが回転しないのですが、何が原因として考えられますか？安全装置が作動している可能性はありますか？,0.4263619503130099
省エネモードはありますか？,洗濯コースの選択肢が画面に表示されないのですが、これはどういう状況ですか？どのように対処すれば良いですか？,0.42621661900433916
自動投入機能を使わずに、自分で洗剤を投入したいのですが、設定を教えてください？,再洗はできる？,0.4262127272231667
洗濯をスタートする方法を教えて？,「わが家流」設定とは何ですか？,0.42616857627968463
脱水時間の変更は可能ですか？,洗濯の途中で一時停止できますか？,0.42613881460572767
洗濯の始め方は？,「わが家流」設定って何？,0.42613863761447673
洗濯中に急な用事ができた場合、途中で運転を一時停止させることはできますか？その操作方法を教えてください。,洗濯の所要時間は？,0.42613033797809474
遠隔で洗濯を開始できますか？,電気代や水道代を節約できるような省エネ運転モードは搭載されていますか？,0.42605475851515145
洗濯はせず、衣類を乾燥させる機能だけを使いたいのですが、どのように操作すれば良いですか？,「水が出ない」エラーが出ます,0.4260090100653102
一時停止したらドアは開く？,頻繁に使う洗濯設定を保存しておきたいのですが、「わが家流」設定とは具体的にどのような機能ですか？,0.4259952940244195
洗濯をスタートする方法を教えて？,ドアが閉まらない時は？,0.4259157572758215
洗濯中に一時停止は可能？,ドアが閉まらない時は？,0.42584779339920287
省エネモードはありますか？,この洗濯機に最適な洗剤や柔軟剤はありますか？メーカーから推奨されている製品があれば教えてください。,0.42563556892936993
洗濯の各工程（洗い、すすぎ、脱水、乾燥）について、自分の好みに合わせて時間を設定したり、回数を変更したりすることはできますか？,深夜運転は静か？,0.42562316882952217
「水が出ない」エラーが出ます,最大容量は？,0.4255928671435233
電気代や水道代を節約できるような省エネ運転モードは搭載されていますか？,おしゃれ着は洗える？,0.425533032990111
終了音を消すには？,異音がします。どうしたらよいですか？,0.42552715083316206
洗濯の途中で一時停止できますか？,毛布の洗濯は可能？,0.4253371889627
洗濯を一時停止した際、追加の衣類を入れるためにドアを開けることは可能ですか？その条件は何ですか？,設定の初期化はできますか？,0.4253158329546727
スチーム機能の使い方を教えて？,洗濯機本体に触れると熱いのですが、これは異常ですか？特に乾燥運転中に熱くなることはありますか？,0.42526323995117665
ナノイーX機能について詳しく教えてください。どのような効果があり、どのコースで利用できますか？,脱水時間の調整はできる？,0.42525088451205284
洗剤を手動で投入できますか？,洗濯後に衣類が絡まってしまうことが多いのですが、何か絡まりを防ぐための対処法はありますか？,0.4251327810012656
洗濯の所要時間は？,誤った設定をしてしまったので、洗濯機の設定をすべて初期状態に戻したいのですが、その方法を教えてください。,0.425001721810947
この洗濯機で靴を洗うことはできますか？もしできない場合、何か代わりの方法はありますか？,水が出ないエラーが出た。,0.42499983701288824
自動投入機能はどう使うの？,頻繁に使う洗濯設定を保存しておきたいのですが、「わが家流」設定とは具体的にどのような機能ですか？,0.4249686431743316
洗濯を一時停止した際、追加の衣類を入れるためにドアを開けることは可能ですか？その条件は何ですか？,設定を工場出荷時に戻せる？,0.42474666193174027
衣類のしわを伸ばしたり、気になるにおいを取り除いたりしたいのですが、スチーム機能はどのように使えば良いですか？,電気代や水道代を節約できるような省エネ運転モードは搭載されていますか？,0.42473522204356295
洗濯が終わったのにドアがロックされて開かないのですが、これは故障ですか？どのくらい時間が経てば開くようになりますか？,洗濯中に一時停止は可能？,0.4246775258553498
すすぎの設定を変更することは可能ですか？,「水が出ない」エラーが出ます,0.424572386492836
洗濯の各工程（洗い、すすぎ、脱水、乾燥）について、自分の好みに合わせて時間を設定したり、回数を変更したりすることはできますか？,洗濯の途中で一時停止できますか？,0.4245040966160488
「洗い」だけ行いたいのですが,ドラムが回らない。,0.4244951466524921
洗濯終了時のお知らせ音を鳴らさないようにしたいのですが、その設定はどこで変更できますか？,一時停止中にドアは開きますか？,0.4244469795191451
手動で洗剤を入れることはできますか？,本体が熱くなります,0.4244030208215252
洗剤を手動で投入できますか？,脱水時間の調整はできる？,0.42427128724951413
洗濯と乾燥の最大容量は？,本体が熱い。,0.4242205802112265
電気代や水道代を節約できるような省エネ運転モードは搭載されていますか？,コースが表示されない。,0.4241999380979533
チャイルドロックの設定をしたい,脱水時間の調整はできる？,0.42416715116815906
洗濯物に白い粉が残っています。　どうしたらよいですか？,設定の初期化はできますか？,0.4241193950917486
省エネモードはありますか？,洗濯中に通常とは異なる音がするのですが、どのような原因が考えられますか？自分で確認できることはありますか？,0.42408779365868043
ドアが開かないのですが,省エネモードはありますか？,0.42384624065578413
チャイルドロックはどこで設定する？,洗濯中に急な用事ができた場合、途中で運転を一時停止させることはできますか？その操作方法を教えてください。,0.42384525211618346
洗濯中に通常とは異なる音がするのですが、どのような原因が考えられますか？自分で確認できることはありますか？,頻繁に使う洗濯設定を保存しておきたいのですが、「わが家流」設定とは具体的にどのような機能ですか？,0.4237054952610909
「排水できない」エラーが出ます,最大容量は？,0.423566348264652
脱水時間の変更は可能ですか？,深夜に運転しても大丈夫？,0.423471192424235
洗濯物の絡まりを防ぐには？,使用する洗剤のブランドや種類を変更した場合、洗濯機側で何か設定を変更する必要はありますか？,0.4234535861081152
洗剤や柔軟剤を計る手間を省きたいのですが、自動投入機能はどのように設定して使用するのですか？,洗濯の途中で一時停止できますか？,0.42340934410758724
頻繁に使う洗濯設定を保存しておきたいのですが、「わが家流」設定とは具体的にどのような機能ですか？,水漏れの原因は？,0.423230682170911
洗濯のすすぎ回数を自分の希望に合わせて変更したいのですが、何回から何回まで選べますか？,洗濯中に一時停止は可能？,0.42319795381348724
洗濯の途中で一時停止できますか？,おしゃれ着コースはありますか？,0.42319619673603626
洗濯の各工程（洗い、すすぎ、脱水、乾燥）について、自分の好みに合わせて時間を設定したり、回数を変更したりすることはできますか？,「ふんわりキープ」とはどのような機能ですか？,0.42314539705013837
スチーム機能の使い方を教えて？,ドアが完全に閉まりません,0.4230670035514913
省エネ機能はある？,おすすめの洗剤・柔軟剤はありますか？,0.4229573920917091
洗濯機を使い始めるにはどうすればいいですか？　手順を教えて下さい。,脱水時間の調整はできる？,0.42283303393622007
排水エラーが出た。,誤った設定をしてしまったので、洗濯機の設定をすべて初期状態に戻したいのですが、その方法を教えてください。,0.42272128304563156
「わが家流」設定とは何ですか？,この洗濯機で靴を洗うことはできますか？もしできない場合、何か代わりの方法はありますか？,0.4226945049792933
「洗い」だけ行いたいのですが,頻繁に使う洗濯設定を保存しておきたいのですが、「わが家流」設定とは具体的にどのような機能ですか？,0.42266333159104275
自動投入機能を使わずに、自分で洗剤を投入したいのですが、設定を教えてください？,脱水時間の調整はできる？,0.4226118118613008
洗濯中に急な用事ができた場合、途中で運転を一時停止させることはできますか？その操作方法を教えてください。,「わが家流」設定って何？,0.42247520913983294
「洗い」だけ行いたいのですが,洗濯物が絡まります。どうしたらよいですか？,0.4224405615131557
洗濯ネットは使うべき？,「わが家流」設定って何？,0.4223364183250513
2度洗いは出来ますか？,運転終了時にアラームを鳴らさないようにできますか？,0.42231358280381526
省エネ機能はある？,洗濯中に通常とは異なる音がするのですが、どのような原因が考えられますか？自分で確認できることはありますか？,0.42223520226609224
おすすめのコースを教えて？,本体が熱くなります,0.4221730664654694
洗濯と乾燥の最大容量は？,設定の初期化はできますか？,0.42207252205260937
省エネモードはありますか？,お急ぎコースはありますか？,0.4219961248502838
脱水時間の調整はできる？,頻繁に使う洗濯設定を保存しておきたいのですが、「わが家流」設定とは具体的にどのような機能ですか？,0.4218403920902275
運転終了時にアラームを鳴らさないようにできますか？,本体が熱くなります,0.42141612034738013
洗濯の各工程（洗い、すすぎ、脱水、乾燥）について、自分の好みに合わせて時間を設定したり、回数を変更したりすることはできますか？,電気代や水道代を節約できるような省エネ運転モードは搭載されていますか？,0.4213097863392539
脱水時間の調整はできる？,洗濯物の絡まりを防ぐには？,0.4212841619562405
「わが家流」設定とは何ですか？,洗濯機本体に触れると熱いのですが、これは異常ですか？特に乾燥運転中に熱くなることはありますか？,0.42127573299055154
チャイルドロックはどこで設定する？,電気代や水道代を節約できるような省エネ運転モードは搭載されていますか？,0.4210724434429893
脱水時間の調整はできる？,洗濯コースの選択肢が画面に表示されないのですが、これはどういう状況ですか？どのように対処すれば良いですか？,0.42102605821356187
省エネ機能はある？,使用する洗剤のブランドや種類を変更した場合、洗濯機側で何か設定を変更する必要はありますか？,0.420955241707143
手動で洗剤を入れることはできますか？,水が出ないエラーが出た。,0.4208371009437146
「わが家流」設定って何？,洗濯を開始しようとしてもドラムが回転しないのですが、何が原因として考えられますか？安全装置が作動している可能性はありますか？,0.42077583780474104
水が出ないエラーが出た。,洗濯と乾燥の最大容量は？,0.4207431745665942
衣類のしわを伸ばしたり、気になるにおいを取り除いたりしたいのですが、スチーム機能はどのように使えば良いですか？,脱水時間の調整はできる？,0.4206554192277767
設定を工場出荷時に戻せる？,本体が熱い。,0.42055496764041805
洗濯と乾燥の最大容量は？,本体が熱くなります,0.4205033383246326
洗濯の各工程（洗い、すすぎ、脱水、乾燥）について、自分の好みに合わせて時間を設定したり、回数を変更したりすることはできますか？,毛布は洗えますか？,0.4204537237933351
洗濯終了時のお知らせ音を鳴らさないようにしたいのですが、その設定はどこで変更できますか？,「わが家流」設定とは何ですか？,0.4204276454217244
「洗い」だけ行いたいのですが,洗濯中に急な用事ができた場合、途中で運転を一時停止させることはできますか？その操作方法を教えてください。,0.42042329616777163
すすぎ回数は変えられる？,省エネモードはありますか？,0.42023698238308294
ふんわりキープの目的は？,電気代や水道代を節約できるような省エネ運転モードは搭載されていますか？,0.419881170261978
洗濯中に一時停止は可能？,洗濯中に通常とは異なる音がするのですが、どのような原因が考えられますか？自分で確認できることはありますか？,0.4198678645012043
洗濯をスタートする方法を教えて？,洗濯の各工程（洗い、すすぎ、脱水、乾燥）について、自分の好みに合わせて時間を設定したり、回数を変更したりすることはできますか？,0.41981421088027443
「わが家流」設定とは何ですか？,本体の揺れが気になる。,0.41978188352361434
羽毛布団を洗濯機で洗いたいのですが、対応していますか？また、洗う際の注意点があれば教えてください。,設定を工場出荷時に戻せる？,0.41972443107340823
洗濯後、衣類に白い粉状のものが付着しているのですが、何が原因ですか？どのように対処すれば改善されますか？,設定の初期化はできますか？,0.4196687079394349
終了音を消すには？,洗濯機に水が供給されないというエラーが表示されたのですが、どのような原因が考えられますか？自分でできる確認事項はありますか？,0.41965346442299045
終了音を消すには？,洗濯機本体に触れると熱いのですが、これは異常ですか？特に乾燥運転中に熱くなることはありますか？,0.419560796415834
チャイルドロックの設定をしたい,洗濯物の絡まりを防ぐには？,0.41948159279863123
乾燥だけで使用出来ますか？,省エネ機能はある？,0.4194435354236972
自動投入機能を使わずに、自分で洗剤を投入したいのですが、設定を教えてください？,洗濯後に衣類が絡まってしまうことが多いのですが、何か絡まりを防ぐための対処法はありますか？,0.41942743991309467
チャイルドロックの設定をしたい,洗濯機本体に触れると熱いのですが、これは異常ですか？特に乾燥運転中に熱くなることはありますか？,0.4194054503574859
運転終了時にアラームを鳴らさないようにできますか？,変な音がするのですが。,0.41935185281039566
子供が誤って操作しないように、チャイルドロックを設定したいのですが、その方法と解除方法を教えてください。,本体が熱くなります,0.41934970775278946
洗濯の各工程（洗い、すすぎ、脱水、乾燥）について、自分の好みに合わせて時間を設定したり、回数を変更したりすることはできますか？,洗濯物を保護するために、洗濯ネットを使用する必要はありますか？どのような種類の衣類に推奨されますか？,0.41919014733818705
デリケートな衣類やおしゃれ着を優しく洗うための専用コースはありますか？,「わが家流」設定とは何ですか？,0.419091042652991
洗濯の各工程（洗い、すすぎ、脱水、乾燥）について、自分の好みに合わせて時間を設定したり、回数を変更したりすることはできますか？,毛布の洗濯は可能？,0.4190311966312166
自動投入機能の使い方を教えて？,「水が出ない」エラーが出ます,0.4188844432270455
水が出ないエラーが出た。,おすすめの洗剤・柔軟剤はありますか？,0.41875220154046494
終了音を消すには？,洗濯機の下から水が漏れているのですが、どのような原因が考えられますか？自分で確認できる対処法はありますか？,0.41836041873111796
衣類のしわを伸ばしたり、気になるにおいを取り除いたりしたいのですが、スチーム機能はどのように使えば良いですか？,省エネモードはありますか？,0.4183323717497621
洗濯の各工程（洗い、すすぎ、脱水、乾燥）について、自分の好みに合わせて時間を設定したり、回数を変更したりすることはできますか？,外出先から洗濯を開始できますか？,0.41828105547116246
洗濯終了時のお知らせ音を鳴らさないようにしたいのですが、その設定はどこで変更できますか？,洗濯と乾燥の最大容量は？,0.41817451998650973
ナノイーXの機能は？,本体が熱い。,0.41809741232927833
洗濯中に一時停止は可能？,おすすめの洗剤・柔軟剤はありますか？,0.418029035550341
洗剤を手動で投入できますか？,洗濯を一時停止した際、追加の衣類を入れるためにドアを開けることは可能ですか？その条件は何ですか？,0.4179914264189016
洗濯物の絡まりを防ぐには？,洗濯機が排水できないというエラーメッセージが表示されたのですが、原因は何でしょうか？自分で解決できる方法はありますか？,0.4177570222108713
洗濯物の絡まりを防ぐには？,白い粉が残るのですが。,0.4176852186671577
洗濯の各工程（洗い、すすぎ、脱水、乾燥）について、自分の好みに合わせて時間を設定したり、回数を変更したりすることはできますか？,省エネ機能はある？,0.41765855145788017
「ふんわりキープ」とはどのような機能ですか？,省エネ機能はある？,0.4176426938195159
洗濯中に通常とは異なる音がするのですが、どのような原因が考えられますか？自分で確認できることはありますか？,設定の初期化はできますか？,0.417551161234906
水が出ないエラーが出た。,この洗濯機で一度に洗濯できる衣類の最大量と、乾燥できる衣類の最大量はそれぞれ何キログラムですか？,0.4173114757804623
洗剤を手動で投入できますか？,洗濯物の絡まりを防ぐには？,0.4172231462745538
洗濯終了時のお知らせ音を鳴らさないようにしたいのですが、その設定はどこで変更できますか？,省エネモードはありますか？,0.4171386671128601
衣類のしわを伸ばしたり、気になるにおいを取り除いたりしたいのですが、スチーム機能はどのように使えば良いですか？,省エネ機能はある？,0.4168019498351422
脱水時間の調整はできる？,洗濯中に急な用事ができた場合、途中で運転を一時停止させることはできますか？その操作方法を教えてください。,0.416625787801466
省エネモードはありますか？,おすすめの洗剤・柔軟剤はありますか？,0.4165016900964377
自動投入機能を使わずに、自分で洗剤を投入したいのですが、設定を教えてください？,省エネモードはありますか？,0.4164321495546152
「わが家流」設定って何？,誤った設定をしてしまったので、洗濯機の設定をすべて初期状態に戻したいのですが、その方法を教えてください。,0.4164089268555358
洗濯の始め方は？,最大容量は？,0.41640255463689935
スチーム機能は何に使うの？,「水が出ない」エラーが出ます,0.41634102605107337
脱水時間の調整はできる？,洗濯物が絡まります。どうしたらよいですか？,0.4162084692801905
洗濯中に一時停止は可能？,異音がします。どうしたらよいですか？,0.416198335955806
「ふんわりキープ」とはどのような機能ですか？,省エネモードはありますか？,0.41616921133934615
省エネモードはありますか？,使用する洗剤のブランドや種類を変更した場合、洗濯機側で何か設定を変更する必要はありますか？,0.4161339241451464
洗濯機を使い始めるにはどうすればいいですか？　手順を教えて下さい。,本体が熱くなります,0.4158828481547583
自宅にいない時でも、スマートフォンなどを使って洗濯機を遠隔で操作し、洗濯を開始することはできますか？,「水が出ない」エラーが出ます,0.4157639309813271
省エネモードはありますか？,深夜に運転しても大丈夫？,0.41570963365752944
「わが家流」設定って何？,ドアが完全に閉まりません,0.41557664559057633
省エネ機能はある？,洗濯後に衣類が絡まってしまうことが多いのですが、何か絡まりを防ぐための対処法はありますか？,0.4154949815349454
省エネ機能はある？,深夜に運転しても大丈夫？,0.4154813450741475
省エネモードはありますか？,スニーカーは洗える？,0.41547216746965066
洗濯機に水が供給されないというエラーが表示されたのですが、どのような原因が考えられますか？自分でできる確認事項はありますか？,設定の初期化はできますか？,0.4154222566862136
省エネモードはありますか？,誤った設定をしてしまったので、洗濯機の設定をすべて初期状態に戻したいのですが、その方法を教えてください。,0.4153842980029515
スチーム機能は何に使うの？,本体が熱い。,0.41536176499166844
脱水時間の調整はできる？,洗濯の途中で一時停止できますか？,0.41532426406907225
洗濯後に衣類が絡まってしまうことが多いのですが、何か絡まりを防ぐための対処法はありますか？,本体の揺れが気になる。,0.41506527832296214
省エネモードはありますか？,ドラムが動きません,0.4149966120758657
脱水時間の変更は可能ですか？,洗濯中に急な用事ができた場合、途中で運転を一時停止させることはできますか？その操作方法を教えてください。,0.41475837762523915
2度洗いは出来ますか？,設定の初期化はできますか？,0.4147021181364298
脱水時間の変更は可能ですか？,洗濯中に一時停止は可能？,0.4146177268990795
洗濯の始め方は？,洗濯中に通常とは異なる音がするのですが、どのような原因が考えられますか？自分で確認できることはありますか？,0.41459613406277407
「わが家流」設定とは何ですか？,洗濯時間は何分ですか？,0.4145647077428328
洗濯の始め方は？,子供が誤って操作しないように、チャイルドロックを設定したいのですが、その方法と解除方法を教えてください。,0.41450263208114074
再洗はできる？,電気代や水道代を節約できるような省エネ運転モードは搭載されていますか？,0.4143364994004956
「わが家流」設定って何？,ドラムが回らない。,0.41424543074735826
設定を工場出荷時に戻せる？,本体が熱くなります,0.41406608425159663
洗濯の各工程（洗い、すすぎ、脱水、乾燥）について、自分の好みに合わせて時間を設定したり、回数を変更したりすることはできますか？,ドラムが回らない。,0.4139946335510576
洗剤を手動で投入できますか？,「わが家流」設定とは何ですか？,0.41398063803505253
「洗い」だけ行いたいのですが,ドラムが動きません,0.41391085343831596
チャイルドロックの設定をしたい,電気代や水道代を節約できるような省エネ運転モードは搭載されていますか？,0.41383537460948794
洗濯物の種類や汚れ具合に関わらず、最もおすすめの洗濯コースは何ですか？そのコースではどのような設定が自動で行われますか？,洗濯の途中で一時停止できますか？,0.413608271488216
ドアが開かないのですが,省エネ機能はある？,0.41346842831133546
毛布の洗濯は可能？,頻繁に使う洗濯設定を保存しておきたいのですが、「わが家流」設定とは具体的にどのような機能ですか？,0.4132609049749189
省エネ機能はある？,誤った設定をしてしまったので、洗濯機の設定をすべて初期状態に戻したいのですが、その方法を教えてください。,0.4132135184351752
設定を工場出荷時に戻せる？,洗濯機本体に触れると熱いのですが、これは異常ですか？特に乾燥運転中に熱くなることはありますか？,0.41316450394132864
洗濯の各工程（洗い、すすぎ、脱水、乾燥）について、自分の好みに合わせて時間を設定したり、回数を変更したりすることはできますか？,スチーム機能の使い方を教えて？,0.4131562584967713
2度洗いは出来ますか？,省エネモードはありますか？,0.41310402352592834
洗濯をスタートする方法を教えて？,洗濯と乾燥の最大容量は？,0.4130306771728519
「わが家流」設定とは何ですか？,洗濯機のドアが最後まで閉まらないのですが、何を確認すれば良いですか？,0.4130043043822984
「わが家流」設定って何？,お急ぎコースはありますか？,0.4129935783760488
衣類を洗うだけで、乾燥工程は行いたくない場合、どのコースを選択すれば良いですか？,脱水時間の調整はできる？,0.4129413118263217
終了音を消すには？,「わが家流」設定とは何ですか？,0.4128817319336251
洗剤を手動で投入できますか？,省エネモードはありますか？,0.4128719247886307
電気代や水道代を節約できるような省エネ運転モードは搭載されていますか？,急いで洗濯したい時は？,0.41275241590744194
自動投入機能を使わずに、自分で洗剤を投入したいのですが、設定を教えてください？,ジェット乾燥とは何ですか？,0.4125740644079746
電気代や水道代を節約できるような省エネ運転モードは搭載されていますか？,予約機能の使い方をおしえて？,0.4124998440730654
省エネモードはありますか？,ドアが完全に閉まりません,0.4124318409452554
洗濯終了時のお知らせ音を鳴らさないようにしたいのですが、その設定はどこで変更できますか？,本体の揺れが気になる。,0.4123570104107851
省エネモードはありますか？,洗濯後に衣類が絡まってしまうことが多いのですが、何か絡まりを防ぐための対処法はありますか？,0.41231212993785527
白い粉が残るのですが。,設定の初期化はできますか？,0.41214110175966034
子供が誤って操作しないように、チャイルドロックを設定したいのですが、その方法と解除方法を教えてください。,洗濯物の絡まりを防ぐには？,0.41205594283117136
洗濯機を使い始めるにはどうすればいいですか？　手順を教えて下さい。,頻繁に使う洗濯設定を保存しておきたいのですが、「わが家流」設定とは具体的にどのような機能ですか？,0.41196878571730833
洗いのみは可能？,洗濯機本体に触れると熱いのですが、これは異常ですか？特に乾燥運転中に熱くなることはありますか？,0.4118715160180151
脱水時間の変更は可能ですか？,設定を工場出荷時に戻せる？,0.4117691922052548
自動投入機能を使わずに、自分で洗剤を投入したいのですが、設定を教えてください？,異音がします。どうしたらよいですか？,0.41165405091115614
洗濯機を使い始めるにはどうすればいいですか？　手順を教えて下さい。,省エネモードはありますか？,0.41161151654401795
洗濯中に急な用事ができた場合、途中で運転を一時停止させることはできますか？その操作方法を教えてください。,おしゃれ着コースはありますか？,0.4113315775813816
洗濯後に衣類が絡まってしまうことが多いのですが、何か絡まりを防ぐための対処法はありますか？,「わが家流」設定って何？,0.4112907113397438
終了音を消すには？,水が出ないエラーが出た。,0.41125914295911103
手動で洗剤を入れることはできますか？,洗濯中に急な用事ができた場合、途中で運転を一時停止させることはできますか？その操作方法を教えてください。,0.4112459337189317
省エネモードはありますか？,洗剤の種類で設定変更は必要？,0.4112314202192422
洗剤や柔軟剤を計る手間を省きたいのですが、自動投入機能はどのように設定して使用するのですか？,「水が出ない」エラーが出ます,0.4111556622726392
省エネモードはありますか？,洗濯機のドアが最後まで閉まらないのですが、何を確認すれば良いですか？,0.4110525547273324
変な音がするのですが。,頻繁に使う洗濯設定を保存しておきたいのですが、「わが家流」設定とは具体的にどのような機能ですか？,0.410994472071606
すすぎ回数は変えられる？,本体が熱くなります,0.4109032351673402
排水エラーが出た。,洗濯機本体に触れると熱いのですが、これは異常ですか？特に乾燥運転中に熱くなることはありますか？,0.4108293495844862
「洗い」だけ行いたいのですが,洗濯の途中で一時停止できますか？,0.41079697628627077
チャイルドロックの設定をしたい,「わが家流」設定とは何ですか？,0.41075452639753085
電気代や水道代を節約できるような省エネ運転モードは搭載されていますか？,深夜に運転しても大丈夫？,0.4105831673109299
子供が誤って操作しないように、チャイルドロックを設定したいのですが、その方法と解除方法を教えてください。,電気代や水道代を節約できるような省エネ運転モードは搭載されていますか？,0.4105631268027941
省エネ機能はある？,深夜運転は静か？,0.4104616220319693
運転終了時にアラームを鳴らさないようにできますか？,「水が出ない」エラーが出ます,0.41042478680919325
スチーム機能は何に使うの？,本体が熱くなります,0.41037717311234956
運転終了時にアラームを鳴らさないようにできますか？,洗濯の途中で一時停止できますか？,0.410361647016617
洗濯中に一時停止は可能？,おしゃれ着コースはありますか？,0.410255585640874
洗剤を手動で投入できますか？,2度洗いは出来ますか？,0.41019253337748024
急いで洗濯したい時は？,本体が熱くなります,0.4101534434574875
洗濯物を保護するために、洗濯ネットを使用する必要はありますか？どのような種類の衣類に推奨されますか？,「わが家流」設定とは何ですか？,0.40994773616297586
洗濯機を使い始めるにはどうすればいいですか？　手順を教えて下さい。,省エネ機能はある？,0.4098470400944456
ナノイーXの機能は？,頻繁に使う洗濯設定を保存しておきたいのですが、「わが家流」設定とは具体的にどのような機能ですか？,0.4098348686103236
自宅の洗濯機で毛布を洗うことはできますか？もし洗える場合、何か特別な条件やコースがありますか？,電気代や水道代を節約できるような省エネ運転モードは搭載されていますか？,0.40976144686852356
2度洗いは出来ますか？,省エネ機能はある？,0.40975379808655393
チャイルドロックの設定をしたい,本体が熱くなります,0.40975011890820706
洗濯が終わったのにドアがロックされて開かないのですが、これは故障ですか？どのくらい時間が経てば開くようになりますか？,頻繁に使う洗濯設定を保存しておきたいのですが、「わが家流」設定とは具体的にどのような機能ですか？,0.409747929478074
洗濯中に急な用事ができた場合、途中で運転を一時停止させることはできますか？その操作方法を教えてください。,ドアが閉まらない時は？,0.40971744939613
洗濯の各工程（洗い、すすぎ、脱水、乾燥）について、自分の好みに合わせて時間を設定したり、回数を変更したりすることはできますか？,ドラムが動きません,0.40970051960551057
省エネ機能はある？,洗濯コースの選択肢が画面に表示されないのですが、これはどういう状況ですか？どのように対処すれば良いですか？,0.4096020962547669
省エネ機能はある？,お急ぎコースはありますか？,0.40935992828246226
洗剤を手動で投入できますか？,洗濯機に水が供給されないというエラーが表示されたのですが、どのような原因が考えられますか？自分でできる確認事項はありますか？,0.4092706381938931
本体の揺れが気になる。,設定を工場出荷時に戻せる？,0.4091032136738078
すすぎ回数は変えられる？,洗濯中に一時停止は可能？,0.4090852173153886
すすぎの設定を変更することは可能ですか？,省エネ機能はある？,0.4088475862212553
洗濯の始め方は？,洗濯と乾燥の最大容量は？,0.40884518578845186
自動投入機能はどう使うの？,省エネモードはありますか？,0.40883128145869485
すすぎの設定を変更することは可能ですか？,洗濯中に一時停止は可能？,0.4087511471283388
洗濯機を使い始めるにはどうすればいいですか？　手順を教えて下さい。,「わが家流」設定とは何ですか？,0.4084417965116271
乾燥のみの運転は可能ですか？,電気代や水道代を節約できるような省エネ運転モードは搭載されていますか？,0.40832258687617096
ドアが開かない原因は？,省エネモードはありますか？,0.4082609264886603
おすすめのコースを教えて？,洗濯ネットは使うべき？,0.40818832346995315
洗剤を手動で投入できますか？,洗濯機本体に触れると熱いのですが、これは異常ですか？特に乾燥運転中に熱くなることはありますか？,0.4081370744779688
脱水時間の調整はできる？,設定を工場出荷時に戻せる？,0.4081295451919047
洗濯の各工程（洗い、すすぎ、脱水、乾燥）について、自分の好みに合わせて時間を設定したり、回数を変更したりすることはできますか？,深夜に運転しても大丈夫？,0.40807296012508104
省エネ機能はある？,ドラムが動きません,0.4079999046788251
すすぎの設定を変更することは可能ですか？,省エネモードはありますか？,0.4078030379715306
おすすめのコースを教えて？,頻繁に使う洗濯設定を保存しておきたいのですが、「わが家流」設定とは具体的にどのような機能ですか？,0.40777766421267325
洗濯物の絡まりを防ぐには？,「水が出ない」エラーが出ます,0.4076193181497737
洗濯の各工程（洗い、すすぎ、脱水、乾燥）について、自分の好みに合わせて時間を設定したり、回数を変更したりすることはできますか？,子供が誤って操作しないように、チャイルドロックを設定したいのですが、その方法と解除方法を教えてください。,0.4073544739841498
夜遅い時間帯に洗濯機を運転しても、近隣に迷惑がかからないように静かに運転できるモードはありますか？,頻繁に使う洗濯設定を保存しておきたいのですが、「わが家流」設定とは具体的にどのような機能ですか？,0.40704286404709855
異音がします。どうしたらよいですか？,設定の初期化はできますか？,0.4070263275155561
省エネモードはありますか？,深夜運転は静か？,0.4069751623546624
特に汚れがひどい洗濯物なので、2回続けて洗いたいのですが、そのような設定は可能ですか？,電気代や水道代を節約できるような省エネ運転モードは搭載されていますか？,0.4068879638310512
すすぎや脱水はせずに、衣類を「洗い」の工程だけで済ませたいのですが、そのような設定はできますか？,洗濯中に一時停止は可能？,0.40666569247045037
夜遅い時間帯に洗濯機を運転しても、近隣に迷惑がかからないように静かに運転できるモードはありますか？,「わが家流」設定とは何ですか？,0.40650794614473806
外出先から洗濯を開始できますか？,電気代や水道代を節約できるような省エネ運転モードは搭載されていますか？,0.40603666883961176
頻繁に使う洗濯設定を保存しておきたいのですが、「わが家流」設定とは具体的にどのような機能ですか？,洗濯機のドアが最後まで閉まらないのですが、何を確認すれば良いですか？,0.40600440379391056
頻繁に使う洗濯設定を保存しておきたいのですが、「わが家流」設定とは具体的にどのような機能ですか？,洗濯時間は何分ですか？,0.4059776323862677
頻繁に使う洗濯設定を保存しておきたいのですが、「わが家流」設定とは具体的にどのような機能ですか？,コースが表示されないのですが,0.40586735037049815
水が出ないエラーが出た。,洗濯機本体に触れると熱いのですが、これは異常ですか？特に乾燥運転中に熱くなることはありますか？,0.4058634799014924
洗濯の途中で一時停止できますか？,洗濯ネットは使うべき？,0.4054649534904913
頻繁に使う洗濯設定を保存しておきたいのですが、「わが家流」設定とは具体的にどのような機能ですか？,誤った設定をしてしまったので、洗濯機の設定をすべて初期状態に戻したいのですが、その方法を教えてください。,0.4054382960768928
乾燥なしで洗濯するには？,「わが家流」設定とは何ですか？,0.40540535541478295
省エネ機能はある？,洗剤の種類で設定変更は必要？,0.4050833646314279
洗濯終了時のお知らせ音を鳴らさないようにしたいのですが、その設定はどこで変更できますか？,省エネ機能はある？,0.40505282571722045
すすぎ回数は変えられる？,本体が熱い。,0.40493813423407937
水が出ないエラーが出た。,設定を工場出荷時に戻せる？,0.40480562905480727
本体がぐらつきます。どうしたら良いですか？,誤った設定をしてしまったので、洗濯機の設定をすべて初期状態に戻したいのですが、その方法を教えてください。,0.4046763833467014
「洗い」だけ行いたいのですが,電気代や水道代を節約できるような省エネ運転モードは搭載されていますか？,0.4045218240390458
洗濯物に白い粉が残っています。　どうしたらよいですか？,誤った設定をしてしまったので、洗濯機の設定をすべて初期状態に戻したいのですが、その方法を教えてください。,0.4044879901966551
運転終了時にアラームを鳴らさないようにできますか？,本体が熱い。,0.40445299289813885
おしゃれ着は洗える？,頻繁に使う洗濯設定を保存しておきたいのですが、「わが家流」設定とは具体的にどのような機能ですか？,0.4042832288675855
洗濯の始め方は？,洗濯終了時のお知らせ音を鳴らさないようにしたいのですが、その設定はどこで変更できますか？,0.4041736170762903
洗濯物を保護するために、洗濯ネットを使用する必要はありますか？どのような種類の衣類に推奨されますか？,省エネ機能はある？,0.40410839368831597
自動投入機能の使い方を教えて？,本体が熱くなります,0.4039678517286778
洗濯物を保護するために、洗濯ネットを使用する必要はありますか？どのような種類の衣類に推奨されますか？,省エネモードはありますか？,0.40376919992731153
自動投入機能はどう使うの？,省エネ機能はある？,0.40375531737303655
洗剤を手動で投入できますか？,一時停止したらドアは開く？,0.4035847614806706
洗濯中に急な用事ができた場合、途中で運転を一時停止させることはできますか？その操作方法を教えてください。,誤った設定をしてしまったので、洗濯機の設定をすべて初期状態に戻したいのですが、その方法を教えてください。,0.4035480559162127
洗いのみは可能？,洗濯中に一時停止は可能？,0.4033778787038591
この洗濯機で靴を洗うことはできますか？もしできない場合、何か代わりの方法はありますか？,「水が出ない」エラーが出ます,0.4033562242995299
洗濯と乾燥の最大容量は？,誤った設定をしてしまったので、洗濯機の設定をすべて初期状態に戻したいのですが、その方法を教えてください。,0.403211343972806
「排水できない」エラーが出ます,洗濯と乾燥の最大容量は？,0.40307274392120407
子供が誤って操作しないように、チャイルドロックを設定したいのですが、その方法と解除方法を教えてください。,洗濯中に急な用事ができた場合、途中で運転を一時停止させることはできますか？その操作方法を教えてください。,0.40298144144937553
省エネモードはありますか？,洗剤の種類によって設定は変わりますか？,0.4029475046028349
洗濯中に一時停止は可能？,この洗濯機で靴を洗うことはできますか？もしできない場合、何か代わりの方法はありますか？,0.4029454286799441
洗濯中に急な用事ができた場合、途中で運転を一時停止させることはできますか？その操作方法を教えてください。,ドラムが動きません,0.40293905655831086
終了音を消すには？,本体が熱い。,0.40277524639291984
洗濯中に一時停止は可能？,本体が熱い。,0.40274586240886767
手動で洗剤を入れることはできますか？,省エネモードはありますか？,0.4023644201313466
自動投入機能を使わずに、自分で洗剤を投入したいのですが、設定を教えてください？,省エネ機能はある？,0.40232245963967317
洗いのみは可能？,本体が熱い。,0.4020217284900958
自動投入機能を使わずに、自分で洗剤を投入したいのですが、設定を教えてください？,洗濯を一時停止した際、追加の衣類を入れるためにドアを開けることは可能ですか？その条件は何ですか？,0.4019401338518739
洗剤を手動で投入できますか？,変な音がするのですが。,0.40170067941379606
省エネ機能はある？,ドアが完全に閉まりません,0.40156502652806103
洗濯の途中で一時停止できますか？,本体が熱い。,0.4015390182106181
洗濯終了時のお知らせ音を鳴らさないようにしたいのですが、その設定はどこで変更できますか？,変な音がするのですが。,0.40146937727866333
洗濯と乾燥の最大容量は？,設定を工場出荷時に戻せる？,0.4014463482218505
チャイルドロックはどこで設定する？,頻繁に使う洗濯設定を保存しておきたいのですが、「わが家流」設定とは具体的にどのような機能ですか？,0.40140368648624325
省エネ機能はある？,スニーカーは洗える？,0.4012875245359474
洗濯物の種類によって脱水時間を調整したいのですが、何分まで設定できますか？,洗濯中に一時停止は可能？,0.40109241619800473
洗濯の途中で一時停止できますか？,洗濯ネットは必要ですか？,0.40108441790085453
チャイルドロックはどこで設定する？,洗濯中に一時停止は可能？,0.4009690526622187
本体の揺れが気になる。,おすすめの洗剤・柔軟剤はありますか？,0.400843251262948
自動投入機能を使わずに、自分で洗剤を投入したいのですが、設定を教えてください？,2度洗いは出来ますか？,0.4008312626877077
洗濯を一時停止した際、追加の衣類を入れるためにドアを開けることは可能ですか？その条件は何ですか？,誤った設定をしてしまったので、洗濯機の設定をすべて初期状態に戻したいのですが、その方法を教えてください。,0.4005994683499682
自動投入機能を使わずに、自分で洗剤を投入したいのですが、設定を教えてください？,洗濯中に通常とは異なる音がするのですが、どのような原因が考えられますか？自分で確認できることはありますか？,0.4004881781741412
洗濯の始め方は？,本体が熱い。,0.40040927409968485
洗濯中に一時停止は可能？,洗濯ネットは使うべき？,0.4003529758998057
電気代や水道代を節約できるような省エネ運転モードは搭載されていますか？,洗濯を開始しようとしてもドラムが回転しないのですが、何が原因として考えられますか？安全装置が作動している可能性はありますか？,0.40033866964077636
本体の揺れが気になる。,設定の初期化はできますか？,0.40030942526281016
電気代や水道代を節約できるような省エネ運転モードは搭載されていますか？,ドラムが動きません,0.40029003455193146
電気代や水道代を節約できるような省エネ運転モードは搭載されていますか？,お急ぎコースはありますか？,0.4002222119062595
「わが家流」設定って何？,本体が熱くなります,0.4002068620020651
洗剤を手動で投入できますか？,洗濯の途中で一時停止できますか？,0.3999531429795833
洗濯ネットは必要ですか？,頻繁に使う洗濯設定を保存しておきたいのですが、「わが家流」設定とは具体的にどのような機能ですか？,0.39987794644554964
洗濯後、衣類に白い粉状のものが付着しているのですが、何が原因ですか？どのように対処すれば改善されますか？,誤った設定をしてしまったので、洗濯機の設定をすべて初期状態に戻したいのですが、その方法を教えてください。,0.39981228965304827
「わが家流」設定って何？,最大容量は？,0.3996619861099564
スチーム機能の使い方を教えて？,洗濯物が絡まります。どうしたらよいですか？,0.399429380283138
省エネモードはありますか？,設定の初期化はできますか？,0.3993525407816842
洗濯終了時のお知らせ音を鳴らさないようにしたいのですが、その設定はどこで変更できますか？,一時停止したらドアは開く？,0.3991479257316135
自動投入機能の使い方を教えて？,頻繁に使う洗濯設定を保存しておきたいのですが、「わが家流」設定とは具体的にどのような機能ですか？,0.39904157923359673
ナノイーXの機能は？,本体が熱くなります,0.3989506895714001
洗剤を手動で投入できますか？,省エネ機能はある？,0.39874517442133794
「わが家流」設定って何？,時間がない時に、短時間で洗濯を済ませられるようなコースはありますか？,0.3985837352370284
自動投入機能を使わずに、自分で洗剤を投入したいのですが、設定を教えてください？,洗濯物が絡まります。どうしたらよいですか？,0.39845867927906276
省エネモードはありますか？,設定を工場出荷時に戻せる？,0.39844592707397114
洗剤を手動で投入できますか？,本体が熱い。,0.3984295720009112
ふんわりキープの目的は？,「わが家流」設定って何？,0.3981519631729511
おしゃれ着コースはありますか？,頻繁に使う洗濯設定を保存しておきたいのですが、「わが家流」設定とは具体的にどのような機能ですか？,0.3981275661727777
洗濯はせず、衣類を乾燥させる機能だけを使いたいのですが、どのように操作すれば良いですか？,省エネモードはありますか？,0.3976514823101087
「わが家流」設定とは何ですか？,洗濯コースの選択肢が画面に表示されないのですが、これはどういう状況ですか？どのように対処すれば良いですか？,0.3975676214979921
電気代や水道代を節約できるような省エネ運転モードは搭載されていますか？,予約の仕方は？,0.39743095477547385
洗濯の途中で一時停止できますか？,洗濯を開始しようとしてもドラムが回転しないのですが、何が原因として考えられますか？安全装置が作動している可能性はありますか？,0.3972208566612063
終了音を消すには？,電気代や水道代を節約できるような省エネ運転モードは搭載されていますか？,0.3971645429525086
スチーム機能の使い方を教えて？,本体が熱い。,0.3971089264875492
省エネ機能はある？,洗剤の種類によって設定は変わりますか？,0.3969696977553072
自動投入機能を使わずに、自分で洗剤を投入したいのですが、設定を教えてください？,水が出ないエラーが出た。,0.3965450105677046
脱水時間の調整はできる？,この洗濯機に最適な洗剤や柔軟剤はありますか？メーカーから推奨されている製品があれば教えてください。,0.39646957787629145
ドアが開かない原因は？,省エネ機能はある？,0.39642373062429914
自動投入機能を使わずに、自分で洗剤を投入したいのですが、設定を教えてください？,頻繁に使う洗濯設定を保存しておきたいのですが、「わが家流」設定とは具体的にどのような機能ですか？,0.39617165867003956
電気代や水道代を節約できるような省エネ運転モードは搭載されていますか？,おしゃれ着コースはありますか？,0.39615041060611844
洗濯後、衣類に白い粉状のものが付着しているのですが、何が原因ですか？どのように対処すれば改善されますか？,設定を工場出荷時に戻せる？,0.396012930367893
手動で洗剤を入れることはできますか？,洗濯の途中で一時停止できますか？,0.3959061463058937
「排水できない」エラーが出ます,洗濯機本体に触れると熱いのですが、これは異常ですか？特に乾燥運転中に熱くなることはありますか？,0.39586388317613364
ドアが開かない原因は？,「わが家流」設定って何？,0.39586044087178496
洗濯中に一時停止は可能？,洗濯ネットは必要ですか？,0.3957412205612018
深夜に運転しても大丈夫？,水が出ないエラーが出た。,0.39560514599633223
電気代や水道代を節約できるような省エネ運転モードは搭載されていますか？,深夜運転は静か？,0.39559895853520666
省エネモードはありますか？,洗濯時間は何分ですか？,0.3954991936962884
洗濯物に白い粉が残っています。　どうしたらよいですか？,設定を工場出荷時に戻せる？,0.3952186121639144
「わが家流」設定とは何ですか？,ドアが閉まらない時は？,0.39516680888213396
自動投入機能はどう使うの？,洗濯の途中で一時停止できますか？,0.39481845997484455
終了音を消すには？,洗濯中に急な用事ができた場合、途中で運転を一時停止させることはできますか？その操作方法を教えてください。,0.3946908377025833
洗濯物の種類によって脱水時間を調整したいのですが、何分まで設定できますか？,洗濯機本体に触れると熱いのですが、これは異常ですか？特に乾燥運転中に熱くなることはありますか？,0.3946869876471052
すすぎや脱水はせずに、衣類を「洗い」の工程だけで済ませたいのですが、そのような設定はできますか？,本体が熱くなります,0.39453682032601595
すすぎ回数は変えられる？,電気代や水道代を節約できるような省エネ運転モードは搭載されていますか？,0.3943971465166876
洗濯終了時のお知らせ音を鳴らさないようにしたいのですが、その設定はどこで変更できますか？,本体が熱くなります,0.3943083198214684
自動投入機能を使わずに、自分で洗剤を投入したいのですが、設定を教えてください？,変な音がするのですが。,0.39426212391344007
省エネ機能はある？,設定の初期化はできますか？,0.39422796761637713
省エネ機能はある？,洗濯機のドアが最後まで閉まらないのですが、何を確認すれば良いですか？,0.3942075239880906
終了音を消すには？,本体が熱くなります,0.3940042656925914
洗剤や柔軟剤を計る手間を省きたいのですが、自動投入機能はどのように設定して使用するのですか？,洗濯中に一時停止は可能？,0.39391470325176664
脱水時間の変更は可能ですか？,誤った設定をしてしまったので、洗濯機の設定をすべて初期状態に戻したいのですが、その方法を教えてください。,0.3933542467800355
洗濯ネットは必要ですか？,「わが家流」設定とは何ですか？,0.3931704704117339
自動投入機能の使い方を教えて？,洗濯の途中で一時停止できますか？,0.39315665783457726
自動投入機能の使い方を教えて？,「わが家流」設定とは何ですか？,0.39300803273809415
終了音を消すには？,頻繁に使う洗濯設定を保存しておきたいのですが、「わが家流」設定とは具体的にどのような機能ですか？,0.39286354098747145
洗濯の各工程（洗い、すすぎ、脱水、乾燥）について、自分の好みに合わせて時間を設定したり、回数を変更したりすることはできますか？,誤った設定をしてしまったので、洗濯機の設定をすべて初期状態に戻したいのですが、その方法を教えてください。,0.3926964202517774
洗剤を手動で投入できますか？,水が出ないエラーが出た。,0.3924344643732696
洗濯の途中で一時停止できますか？,設定を工場出荷時に戻せる？,0.39228429767228556
洗濯機に水が供給されないというエラーが表示されたのですが、どのような原因が考えられますか？自分でできる確認事項はありますか？,誤った設定をしてしまったので、洗濯機の設定をすべて初期状態に戻したいのですが、その方法を教えてください。,0.39227022931674993
洗濯が終わったのにドアがロックされて開かないのですが、これは故障ですか？どのくらい時間が経てば開くようになりますか？,「わが家流」設定とは何ですか？,0.392265893041884
手動で洗剤を入れることはできますか？,省エネ機能はある？,0.3920292203118575
手動で洗剤を入れることはできますか？,頻繁に使う洗濯設定を保存しておきたいのですが、「わが家流」設定とは具体的にどのような機能ですか？,0.3917327620234904
深夜に運転しても大丈夫？,「水が出ない」エラーが出ます,0.39172205209311073
「わが家流」設定とは何ですか？,本体が熱い。,0.391695507306174
デリケートな衣類やおしゃれ着を優しく洗うための専用コースはありますか？,頻繁に使う洗濯設定を保存しておきたいのですが、「わが家流」設定とは具体的にどのような機能ですか？,0.39161725787593193
「水が出ない」エラーが出ます,おすすめの洗剤・柔軟剤はありますか？,0.3915315481166835
「ふんわりキープ」とはどのような機能ですか？,電気代や水道代を節約できるような省エネ運転モードは搭載されていますか？,0.3914593438910946
洗濯物の種類や汚れ具合に関わらず、最もおすすめの洗濯コースは何ですか？そのコースではどのような設定が自動で行われますか？,洗濯中に一時停止は可能？,0.3911072001934086
省エネ機能はある？,設定を工場出荷時に戻せる？,0.39100139620190766
チャイルドロックはどこで設定する？,洗濯の途中で一時停止できますか？,0.3908259230106229
洗濯の各工程（洗い、すすぎ、脱水、乾燥）について、自分の好みに合わせて時間を設定したり、回数を変更したりすることはできますか？,ジェット乾燥って何？,0.3908027305840447
自動投入機能はどう使うの？,「わが家流」設定とは何ですか？,0.3906975769481371
「水が出ない」エラーが出ます,洗濯と乾燥の最大容量は？,0.39063389211863353
「洗い」だけ行いたいのですが,洗濯を開始しようとしてもドラムが回転しないのですが、何が原因として考えられますか？安全装置が作動している可能性はありますか？,0.3904793475681414
洗濯機を使い始めるにはどうすればいいですか？　手順を教えて下さい。,電気代や水道代を節約できるような省エネ運転モードは搭載されていますか？,0.39041848080952857
スチーム機能は何に使うの？,「わが家流」設定って何？,0.39028740580347454
脱水時間の変更は可能ですか？,本体が熱い。,0.39028295047986006
自動投入機能を使わずに、自分で洗剤を投入したいのですが、設定を教えてください？,一時停止中にドアは開きますか？,0.3902668414003624
洗濯中に一時停止は可能？,洗濯を開始しようとしてもドラムが回転しないのですが、何が原因として考えられますか？安全装置が作動している可能性はありますか？,0.3901570426252045
自動投入機能はどう使うの？,洗濯中に一時停止は可能？,0.3900977589987049
終了音を消すには？,変な音がするのですが。,0.3900115310197457
洗濯中に急な用事ができた場合、途中で運転を一時停止させることはできますか？その操作方法を教えてください。,設定を工場出荷時に戻せる？,0.38982333843524763
「わが家流」設定とは何ですか？,洗濯の所要時間は？,0.38971989560361275
洗剤を手動で投入できますか？,洗濯機の下から水が漏れているのですが、どのような原因が考えられますか？自分で確認できる対処法はありますか？,0.38970873235122544
洗濯中に急な用事ができた場合、途中で運転を一時停止させることはできますか？その操作方法を教えてください。,省エネモードはありますか？,0.38967627578725106
電気代や水道代を節約できるような省エネ運転モードは搭載されていますか？,洗濯の開始時刻を事前に設定しておきたいのですが、予約機能はどのように使えば良いですか？,0.3894356123923828
洗濯中に急な用事ができた場合、途中で運転を一時停止させることはできますか？その操作方法を教えてください。,省エネ機能はある？,0.38939223793880073
電気代や水道代を節約できるような省エネ運転モードは搭載されていますか？,靴は洗えますか？,0.388844365793694
洗濯機に水が供給されないというエラーが表示されたのですが、どのような原因が考えられますか？自分でできる確認事項はありますか？,設定を工場出荷時に戻せる？,0.38884220633219346
手動で洗剤を入れることはできますか？,「水が出ない」エラーが出ます,0.38845639518038866
洗濯のすすぎ回数を自分の希望に合わせて変更したいのですが、何回から何回まで選べますか？,電気代や水道代を節約できるような省エネ運転モードは搭載されていますか？,0.38831742904674593
「わが家流」設定とは何ですか？,設定の初期化はできますか？,0.38747026967304815
深夜運転は静か？,「わが家流」設定とは何ですか？,0.3873627484397281
「わが家流」設定とは何ですか？,コースが表示されないのですが,0.38690317588185524
スチーム機能の使い方を教えて？,本体が熱くなります,0.3868451248108067
一時停止したらドアは開く？,誤った設定をしてしまったので、洗濯機の設定をすべて初期状態に戻したいのですが、その方法を教えてください。,0.38683438927597985
洗濯ネットは必要ですか？,省エネモードはありますか？,0.38662261848304236
スチーム機能の使い方を教えて？,「わが家流」設定って何？,0.38660462825193725
洗剤を手動で投入できますか？,本体が熱くなります,0.3863020971582905
2度洗いは出来ますか？,洗濯終了時のお知らせ音を鳴らさないようにしたいのですが、その設定はどこで変更できますか？,0.38616918376634696
ふんわりキープとは何ですか？,「わが家流」設定とは何ですか？,0.38609893124388117
洗濯の各工程（洗い、すすぎ、脱水、乾燥）について、自分の好みに合わせて時間を設定したり、回数を変更したりすることはできますか？,本体が熱い。,0.3859633514182448
洗濯中に一時停止は可能？,省エネ機能はある？,0.3859256113868637
洗濯終了時のお知らせ音を鳴らさないようにしたいのですが、その設定はどこで変更できますか？,水が出ないエラーが出た。,0.3859066066359573
洗剤を手動で投入できますか？,洗濯中に急な用事ができた場合、途中で運転を一時停止させることはできますか？その操作方法を教えてください。,0.3855724855698559
運転終了時にアラームを鳴らさないようにできますか？,洗濯中に一時停止は可能？,0.3855631938973476
頻繁に使う洗濯設定を保存しておきたいのですが、「わが家流」設定とは具体的にどのような機能ですか？,洗濯を開始しようとしてもドラムが回転しないのですが、何が原因として考えられますか？安全装置が作動している可能性はありますか？,0.3853796267122268
洗濯中に急な用事ができた場合、途中で運転を一時停止させることはできますか？その操作方法を教えてください。,設定の初期化はできますか？,0.385378435697889
洗濯後に衣類が絡まってしまうことが多いのですが、何か絡まりを防ぐための対処法はありますか？,頻繁に使う洗濯設定を保存しておきたいのですが、「わが家流」設定とは具体的にどのような機能ですか？,0.38533195415815774
2度洗いは出来ますか？,電気代や水道代を節約できるような省エネ運転モードは搭載されていますか？,0.38521966571855654
「わが家流」設定って何？,洗濯と乾燥の最大容量は？,0.38497664245458807
洗濯の途中で一時停止できますか？,本体が熱くなります,0.38496245098663334
「わが家流」設定って何？,スニーカーは洗える？,0.38496034429151327
洗濯の各工程（洗い、すすぎ、脱水、乾燥）について、自分の好みに合わせて時間を設定したり、回数を変更したりすることはできますか？,本体が熱くなります,0.38492837933118806
洗濯中に一時停止は可能？,省エネモードはありますか？,0.3847350809609239
自動投入機能の使い方を教えて？,洗濯中に一時停止は可能？,0.38465979203539014
「わが家流」設定とは何ですか？,一般的な洗濯コースを選んだ場合、洗濯が完了するまでにおよそ何分くらいかかりますか？,0.3844937528515852
省エネモードはありますか？,一般的な洗濯コースを選んだ場合、洗濯が完了するまでにおよそ何分くらいかかりますか？,0.3844876441550238
白い粉が残るのですが。,誤った設定をしてしまったので、洗濯機の設定をすべて初期状態に戻したいのですが、その方法を教えてください。,0.3843861893320382
子供が誤って操作しないように、チャイルドロックを設定したいのですが、その方法と解除方法を教えてください。,脱水時間の調整はできる？,0.38415695715553466
洗濯中に通常とは異なる音がするのですが、どのような原因が考えられますか？自分で確認できることはありますか？,設定を工場出荷時に戻せる？,0.384127848591165
脱水時間の変更は可能ですか？,洗濯機本体に触れると熱いのですが、これは異常ですか？特に乾燥運転中に熱くなることはありますか？,0.38409434132424813
洗濯中に急な用事ができた場合、途中で運転を一時停止させることはできますか？その操作方法を教えてください。,「わが家流」設定とは何ですか？,0.3840135824465848
脱水時間の変更は可能ですか？,本体が熱くなります,0.3839276393533523
洗濯中に急な用事ができた場合、途中で運転を一時停止させることはできますか？その操作方法を教えてください。,洗濯ネットは使うべき？,0.38390047728864257
自動投入機能はどう使うの？,「水が出ない」エラーが出ます,0.38386083173770436
チャイルドロックの設定をしたい,頻繁に使う洗濯設定を保存しておきたいのですが、「わが家流」設定とは具体的にどのような機能ですか？,0.38381274704428925
洗濯中に急な用事ができた場合、途中で運転を一時停止させることはできますか？その操作方法を教えてください。,洗濯ネットは必要ですか？,0.3837461729627243
洗濯の途中で一時停止できますか？,設定の初期化はできますか？,0.3837415754877373
洗濯物が絡まります。どうしたらよいですか？,頻繁に使う洗濯設定を保存しておきたいのですが、「わが家流」設定とは具体的にどのような機能ですか？,0.3837294390324701
「わが家流」設定とは何ですか？,設定を工場出荷時に戻せる？,0.383721896065774
脱水時間の調整はできる？,誤った設定をしてしまったので、洗濯機の設定をすべて初期状態に戻したいのですが、その方法を教えてください。,0.38367976137690696
白い粉が残るのですが。,設定を工場出荷時に戻せる？,0.38365107930403447
洗濯はせず、衣類を乾燥させる機能だけを使いたいのですが、どのように操作すれば良いですか？,省エネ機能はある？,0.3835405358736833
頻繁に使う洗濯設定を保存しておきたいのですが、「わが家流」設定とは具体的にどのような機能ですか？,コースが表示されない。,0.38333069782588536
頻繁に使う洗濯設定を保存しておきたいのですが、「わが家流」設定とは具体的にどのような機能ですか？,一般的な洗濯コースを選んだ場合、洗濯が完了するまでにおよそ何分くらいかかりますか？,0.38325566110740006
衣類を洗うだけで、乾燥工程は行いたくない場合、どのコースを選択すれば良いですか？,電気代や水道代を節約できるような省エネ運転モードは搭載されていますか？,0.3832390608129395
脱水時間の調整はできる？,洗濯中に一時停止は可能？,0.3830847689999618
洗濯の始め方は？,「わが家流」設定とは何ですか？,0.38282778982448373
頻繁に使う洗濯設定を保存しておきたいのですが、「わが家流」設定とは具体的にどのような機能ですか？,設定の初期化はできますか？,0.38273049397131764
自動投入機能を使わずに、自分で洗剤を投入したいのですが、設定を教えてください？,洗濯物の絡まりを防ぐには？,0.38266309135804344
洗濯物の種類によって脱水時間を調整したいのですが、何分まで設定できますか？,本体が熱い。,0.382250303944644
洗濯終了時のお知らせ音を鳴らさないようにしたいのですが、その設定はどこで変更できますか？,本体が熱い。,0.38216321121847907
変な音がするのですが。,設定の初期化はできますか？,0.38206436984082914
すすぎの設定を変更することは可能ですか？,電気代や水道代を節約できるような省エネ運転モードは搭載されていますか？,0.3816371220770613
深夜運転は静か？,頻繁に使う洗濯設定を保存しておきたいのですが、「わが家流」設定とは具体的にどのような機能ですか？,0.3815716781136248
終了音を消すには？,洗濯中に通常とは異なる音がするのですが、どのような原因が考えられますか？自分で確認できることはありますか？,0.3815078866700118
洗濯ネットは使うべき？,省エネモードはありますか？,0.38143699164960465
洗濯終了時のお知らせ音を鳴らさないようにしたいのですが、その設定はどこで変更できますか？,電気代や水道代を節約できるような省エネ運転モードは搭載されていますか？,0.381084545132876
電気代や水道代を節約できるような省エネ運転モードは搭載されていますか？,洗濯後に衣類が絡まってしまうことが多いのですが、何か絡まりを防ぐための対処法はありますか？,0.38090974113270637
洗濯物の種類によって脱水時間を調整したいのですが、何分まで設定できますか？,本体が熱くなります,0.3807136637726043
頻繁に使う洗濯設定を保存しておきたいのですが、「わが家流」設定とは具体的にどのような機能ですか？,本体が熱い。,0.3803642386979911
「ふんわりキープ」とはどのような機能ですか？,「わが家流」設定とは何ですか？,0.38036398309707853
一時停止中にドアは開きますか？,誤った設定をしてしまったので、洗濯機の設定をすべて初期状態に戻したいのですが、その方法を教えてください。,0.3799946514201593
自動投入機能の使い方を教えて？,電気代や水道代を節約できるような省エネ運転モードは搭載されていますか？,0.37937187604952144
「水が出ない」エラーが出ます,この洗濯機で一度に洗濯できる衣類の最大量と、乾燥できる衣類の最大量はそれぞれ何キログラムですか？,0.37920087092172217
洗濯中に通常とは異なる音がするのですが、どのような原因が考えられますか？自分で確認できることはありますか？,誤った設定をしてしまったので、洗濯機の設定をすべて初期状態に戻したいのですが、その方法を教えてください。,0.37891207297666685
誤った設定をしてしまったので、洗濯機の設定をすべて初期状態に戻したいのですが、その方法を教えてください。,洗濯機本体に触れると熱いのですが、これは異常ですか？特に乾燥運転中に熱くなることはありますか？,0.37877869153651306
洗濯の途中で一時停止できますか？,省エネモードはありますか？,0.37849918526201476
電気代や水道代を節約できるような省エネ運転モードは搭載されていますか？,スニーカーは洗える？,0.37836275083283294
ドアが開かないのですが,「わが家流」設定とは何ですか？,0.37820746042304576
「洗い」だけ行いたいのですが,本体が熱い。,0.37805978985474553
終了音を消すには？,洗濯中に一時停止は可能？,0.37800556762141313
洗濯の始め方は？,頻繁に使う洗濯設定を保存しておきたいのですが、「わが家流」設定とは具体的にどのような機能ですか？,0.3779930727558264
終了音を消すには？,洗濯の途中で一時停止できますか？,0.37793025303204697
「水が出ない」エラーが出ます,設定を工場出荷時に戻せる？,0.37777238704050115
異音がします。どうしたらよいですか？,誤った設定をしてしまったので、洗濯機の設定をすべて初期状態に戻したいのですが、その方法を教えてください。,0.37776155418842444
チャイルドロックの設定をしたい,洗濯中に急な用事ができた場合、途中で運転を一時停止させることはできますか？その操作方法を教えてください。,0.3776974774919838
省エネ機能はある？,本体が熱い。,0.3776630436915367
洗濯中に一時停止は可能？,「わが家流」設定って何？,0.377653047898719
チャイルドロックの設定をしたい,洗濯中に一時停止は可能？,0.37764521113348687
「わが家流」設定とは何ですか？,靴は洗えますか？,0.3776374738766551
乾燥なしで洗濯するには？,頻繁に使う洗濯設定を保存しておきたいのですが、「わが家流」設定とは具体的にどのような機能ですか？,0.37762781367863907
洗濯の各工程（洗い、すすぎ、脱水、乾燥）について、自分の好みに合わせて時間を設定したり、回数を変更したりすることはできますか？,洗濯中に一時停止は可能？,0.3775451099713649
「排水できない」エラーが出ます,誤った設定をしてしまったので、洗濯機の設定をすべて初期状態に戻したいのですが、その方法を教えてください。,0.3775369733116107
省エネモードはありますか？,洗濯の所要時間は？,0.3775312599653109
運転終了時にアラームを鳴らさないようにできますか？,「わが家流」設定とは何ですか？,0.3774053080313299
電気代や水道代を節約できるような省エネ運転モードは搭載されていますか？,洗濯コースの選択肢が画面に表示されないのですが、これはどういう状況ですか？どのように対処すれば良いですか？,0.3772014290917052
洗濯中に急な用事ができた場合、途中で運転を一時停止させることはできますか？その操作方法を教えてください。,ドラムが回らない。,0.37717081912407147
洗濯の途中で一時停止できますか？,ドラムが動きません,0.37708689149568453
洗剤を手動で投入できますか？,洗濯中に通常とは異なる音がするのですが、どのような原因が考えられますか？自分で確認できることはありますか？,0.3770854232278423
洗濯中に一時停止は可能？,本体が熱くなります,0.3768378297547379
乾燥だけで使用出来ますか？,電気代や水道代を節約できるような省エネ運転モードは搭載されていますか？,0.3767010909558153
ドアが開かないのですが,電気代や水道代を節約できるような省エネ運転モードは搭載されていますか？,0.37664334565940044
省エネモードはありますか？,本体が熱い。,0.3765471888191142
頻繁に使う洗濯設定を保存しておきたいのですが、「わが家流」設定とは具体的にどのような機能ですか？,洗濯の所要時間は？,0.3764998879165214
異音がします。どうしたらよいですか？,設定を工場出荷時に戻せる？,0.37622253712479775
洗濯の途中で一時停止できますか？,省エネ機能はある？,0.3760284977823487
自動投入機能を使わずに、自分で洗剤を投入したいのですが、設定を教えてください？,一時停止したらドアは開く？,0.37597786349330065
「わが家流」設定って何？,ドラムが動きません,0.3759403093799891
洗濯終了時のお知らせ音を鳴らさないようにしたいのですが、その設定はどこで変更できますか？,洗濯中に急な用事ができた場合、途中で運転を一時停止させることはできますか？その操作方法を教えてください。,0.37586091911398517
洗濯の途中で一時停止できますか？,洗濯機本体に触れると熱いのですが、これは異常ですか？特に乾燥運転中に熱くなることはありますか？,0.37574215220194274
頻繁に使う洗濯設定を保存しておきたいのですが、「わが家流」設定とは具体的にどのような機能ですか？,設定を工場出荷時に戻せる？,0.3757399053738708
ドアが開かないのですが,頻繁に使う洗濯設定を保存しておきたいのですが、「わが家流」設定とは具体的にどのような機能ですか？,0.37573123943983633
電気代や水道代を節約できるような省エネ運転モードは搭載されていますか？,誤った設定をしてしまったので、洗濯機の設定をすべて初期状態に戻したいのですが、その方法を教えてください。,0.3754080486744557
洗濯ネットは使うべき？,頻繁に使う洗濯設定を保存しておきたいのですが、「わが家流」設定とは具体的にどのような機能ですか？,0.3752012415055731
洗濯物が絡まります。どうしたらよいですか？,「わが家流」設定とは何ですか？,0.3747934252667003
2度洗いは出来ますか？,誤った設定をしてしまったので、洗濯機の設定をすべて初期状態に戻したいのですが、その方法を教えてください。,0.3746678707067511
水が出ないエラーが出た。,設定の初期化はできますか？,0.37460418511231797
自動投入機能を使わずに、自分で洗剤を投入したいのですが、設定を教えてください？,洗濯中に急な用事ができた場合、途中で運転を一時停止させることはできますか？その操作方法を教えてください。,0.3744431538020318
「洗い」だけ行いたいのですが,洗濯中に一時停止は可能？,0.37430884009586635
本体の揺れが気になる。,誤った設定をしてしまったので、洗濯機の設定をすべて初期状態に戻したいのですが、その方法を教えてください。,0.3741633213179681
洗濯の各工程（洗い、すすぎ、脱水、乾燥）について、自分の好みに合わせて時間を設定したり、回数を変更したりすることはできますか？,設定を工場出荷時に戻せる？,0.3739984423121962
「水が出ない」エラーが出ます,洗濯機本体に触れると熱いのですが、これは異常ですか？特に乾燥運転中に熱くなることはありますか？,0.3738683420063936
省エネモードはありますか？,時間がない時に、短時間で洗濯を済ませられるようなコースはありますか？,0.3737912913750119
電気代や水道代を節約できるような省エネ運転モードは搭載されていますか？,使用する洗剤のブランドや種類を変更した場合、洗濯機側で何か設定を変更する必要はありますか？,0.3734291386972328
洗濯をスタートする方法を教えて？,本体が熱い。,0.3729972598286182
衣類のしわを伸ばしたり、気になるにおいを取り除いたりしたいのですが、スチーム機能はどのように使えば良いですか？,「わが家流」設定って何？,0.3729560003718193
洗濯中に一時停止は可能？,洗濯機本体に触れると熱いのですが、これは異常ですか？特に乾燥運転中に熱くなることはありますか？,0.3727440926835788
ドアが開かない原因は？,電気代や水道代を節約できるような省エネ運転モードは搭載されていますか？,0.37212032346774404
洗濯中に一時停止は可能？,この洗濯機で一度に洗濯できる衣類の最大量と、乾燥できる衣類の最大量はそれぞれ何キログラムですか？,0.37193667166808797
終了音を消すには？,「水が出ない」エラーが出ます,0.3718643394634358
洗濯物の絡まりを防ぐには？,「わが家流」設定って何？,0.37166113263416234
誤った設定をしてしまったので、洗濯機の設定をすべて初期状態に戻したいのですが、その方法を教えてください。,本体が熱くなります,0.37155831028778347
洗濯の途中で一時停止できますか？,「わが家流」設定って何？,0.37125946295030365
省エネ機能はある？,洗濯機本体に触れると熱いのですが、これは異常ですか？特に乾燥運転中に熱くなることはありますか？,0.37110347286351625
洗濯ネットは必要ですか？,省エネ機能はある？,0.37084363076828913
洗剤を手動で投入できますか？,頻繁に使う洗濯設定を保存しておきたいのですが、「わが家流」設定とは具体的にどのような機能ですか？,0.37075837813992485
省エネモードはありますか？,ドアが閉まらない時は？,0.3707135908508189
脱水時間の調整はできる？,本体が熱い。,0.37051611786339717
電気代や水道代を節約できるような省エネ運転モードは搭載されていますか？,夜遅い時間帯に洗濯機を運転しても、近隣に迷惑がかからないように静かに運転できるモードはありますか？,0.37032766872418427
洗濯中に一時停止は可能？,設定を工場出荷時に戻せる？,0.3702562277698337
「わが家流」設定とは何ですか？,コースが表示されない。,0.3702549049179613
洗濯ネットは使うべき？,省エネ機能はある？,0.37003751954572517
電気代や水道代を節約できるような省エネ運転モードは搭載されていますか？,設定の初期化はできますか？,0.36960414727901986
「わが家流」設定とは何ですか？,誤った設定をしてしまったので、洗濯機の設定をすべて初期状態に戻したいのですが、その方法を教えてください。,0.36934235977025986
運転終了時にアラームを鳴らさないようにできますか？,頻繁に使う洗濯設定を保存しておきたいのですが、「わが家流」設定とは具体的にどのような機能ですか？,0.3690679622345925
自動投入機能を使わずに、自分で洗剤を投入したいのですが、設定を教えてください？,「水が出ない」エラーが出ます,0.3686852082016238
洗剤を手動で投入できますか？,洗濯中に一時停止は可能？,0.36863409843045053
洗剤を手動で投入できますか？,「水が出ない」エラーが出ます,0.36851103648714567
洗濯の始め方は？,本体が熱くなります,0.36848735707080094
洗濯中に急な用事ができた場合、途中で運転を一時停止させることはできますか？その操作方法を教えてください。,最大容量は？,0.36843415599953405
洗濯の各工程（洗い、すすぎ、脱水、乾燥）について、自分の好みに合わせて時間を設定したり、回数を変更したりすることはできますか？,洗濯ネットは必要ですか？,0.36838521847787586
子供が誤って操作しないように、チャイルドロックを設定したいのですが、その方法と解除方法を教えてください。,洗濯中に一時停止は可能？,0.36819502151088807
省エネ機能はある？,洗濯時間は何分ですか？,0.36800810186777877
洗濯中に一時停止は可能？,ドラムが動きません,0.36710689882390724
電気代や水道代を節約できるような省エネ運転モードは搭載されていますか？,ドアが完全に閉まりません,0.36661580661625687
省エネモードはありますか？,洗濯物が絡まります。どうしたらよいですか？,0.36617005425324833
ふんわりキープとは何ですか？,頻繁に使う洗濯設定を保存しておきたいのですが、「わが家流」設定とは具体的にどのような機能ですか？,0.36579587802484603
洗濯をスタートする方法を教えて？,本体が熱くなります,0.36553611434422284
電気代や水道代を節約できるような省エネ運転モードは搭載されていますか？,洗濯機のドアが最後まで閉まらないのですが、何を確認すれば良いですか？,0.36552042661413586
「洗い」だけ行いたいのですが,洗濯機本体に触れると熱いのですが、これは異常ですか？特に乾燥運転中に熱くなることはありますか？,0.36511764614997305
省エネ機能はある？,時間がない時に、短時間で洗濯を済ませられるようなコースはありますか？,0.3649493973750686
省エネ機能はある？,一般的な洗濯コースを選んだ場合、洗濯が完了するまでにおよそ何分くらいかかりますか？,0.3649278637902181
「わが家流」設定とは何ですか？,急いで洗濯したい時は？,0.364699758672476
手動で洗剤を入れることはできますか？,洗濯中に一時停止は可能？,0.36464432025573346
省エネモードはありますか？,最大容量は？,0.36389092218765934
「わが家流」設定とは何ですか？,本体が熱くなります,0.3637509414846468
頻繁に使う洗濯設定を保存しておきたいのですが、「わが家流」設定とは具体的にどのような機能ですか？,靴は洗えますか？,0.36370629774792995
電気代や水道代を節約できるような省エネ運転モードは搭載されていますか？,推奨の洗剤・柔軟剤は？,0.3635660295317188
洗濯ネットは使うべき？,「わが家流」設定とは何ですか？,0.3631414072865352
「わが家流」設定とは何ですか？,お急ぎコースはありますか？,0.363057815426371
洗濯中に急な用事ができた場合、途中で運転を一時停止させることはできますか？その操作方法を教えてください。,電気代や水道代を節約できるような省エネ運転モードは搭載されていますか？,0.36299368308374935
洗濯中に急な用事ができた場合、途中で運転を一時停止させることはできますか？その操作方法を教えてください。,洗濯と乾燥の最大容量は？,0.36277948067488813
自動投入機能を使わずに、自分で洗剤を投入したいのですが、設定を教えてください？,洗濯機本体に触れると熱いのですが、これは異常ですか？特に乾燥運転中に熱くなることはありますか？,0.36197374964813567
電気代や水道代を節約できるような省エネ運転モードは搭載されていますか？,設定を工場出荷時に戻せる？,0.3610652138024618
頻繁に使う洗濯設定を保存しておきたいのですが、「わが家流」設定とは具体的にどのような機能ですか？,本体の揺れが気になる。,0.3609150362771164
頻繁に使う洗濯設定を保存しておきたいのですが、「わが家流」設定とは具体的にどのような機能ですか？,本体が熱くなります,0.36044713717369403
チャイルドロックの設定をしたい,洗濯の途中で一時停止できますか？,0.3603596597755142
手動で洗剤を入れることはできますか？,電気代や水道代を節約できるような省エネ運転モードは搭載されていますか？,0.35981558206466124
洗濯の途中で一時停止できますか？,頻繁に使う洗濯設定を保存しておきたいのですが、「わが家流」設定とは具体的にどのような機能ですか？,0.3589289363414665
省エネ機能はある？,ドアが閉まらない時は？,0.358576178610634
洗濯の各工程（洗い、すすぎ、脱水、乾燥）について、自分の好みに合わせて時間を設定したり、回数を変更したりすることはできますか？,洗濯ネットは使うべき？,0.35857424751004174
衣類のしわを伸ばしたり、気になるにおいを取り除いたりしたいのですが、スチーム機能はどのように使えば良いですか？,頻繁に使う洗濯設定を保存しておきたいのですが、「わが家流」設定とは具体的にどのような機能ですか？,0.35797537241632654
省エネモードはありますか？,洗濯機本体に触れると熱いのですが、これは異常ですか？特に乾燥運転中に熱くなることはありますか？,0.3577422066352631
省エネ機能はある？,洗濯物が絡まります。どうしたらよいですか？,0.3573228764181767
省エネモードはありますか？,この洗濯機で一度に洗濯できる衣類の最大量と、乾燥できる衣類の最大量はそれぞれ何キログラムですか？,0.35705027549869894
「わが家流」設定とは何ですか？,ドラムが回らない。,0.3569808047716503
省エネ機能はある？,夜遅い時間帯に洗濯機を運転しても、近隣に迷惑がかからないように静かに運転できるモードはありますか？,0.3568417133752323
洗濯の途中で一時停止できますか？,誤った設定をしてしまったので、洗濯機の設定をすべて初期状態に戻したいのですが、その方法を教えてください。,0.3565093801915407
電気代や水道代を節約できるような省エネ運転モードは搭載されていますか？,この洗濯機で一度に洗濯できる衣類の最大量と、乾燥できる衣類の最大量はそれぞれ何キログラムですか？,0.3561983473897321
脱水時間の調整はできる？,本体が熱くなります,0.35584544193784917
洗濯の途中で一時停止できますか？,最大容量は？,0.35573765540642854
「ふんわりキープ」とはどのような機能ですか？,頻繁に使う洗濯設定を保存しておきたいのですが、「わが家流」設定とは具体的にどのような機能ですか？,0.3555142029762794
「わが家流」設定とは何ですか？,ドアが完全に閉まりません,0.3554546313902984
洗濯終了時のお知らせ音を鳴らさないようにしたいのですが、その設定はどこで変更できますか？,「水が出ない」エラーが出ます,0.35503189237945054
洗濯後に衣類が絡まってしまうことが多いのですが、何か絡まりを防ぐための対処法はありますか？,「わが家流」設定とは何ですか？,0.35499554046928505
省エネ機能はある？,洗濯の所要時間は？,0.3544060111048839
頻繁に使う洗濯設定を保存しておきたいのですが、「わが家流」設定とは具体的にどのような機能ですか？,急いで洗濯したい時は？,0.3542882872268278
「わが家流」設定とは何ですか？,洗濯を開始しようとしてもドラムが回転しないのですが、何が原因として考えられますか？安全装置が作動している可能性はありますか？,0.35413282772704
深夜に運転しても大丈夫？,「わが家流」設定とは何ですか？,0.3540796227660993
洗剤を手動で投入できますか？,電気代や水道代を節約できるような省エネ運転モードは搭載されていますか？,0.35404873808662296
洗濯中に一時停止は可能？,ドラムが回らない。,0.3538746553093035
洗濯物を保護するために、洗濯ネットを使用する必要はありますか？どのような種類の衣類に推奨されますか？,電気代や水道代を節約できるような省エネ運転モードは搭載されていますか？,0.35351868079092497
頻繁に使う洗濯設定を保存しておきたいのですが、「わが家流」設定とは具体的にどのような機能ですか？,時間がない時に、短時間で洗濯を済ませられるようなコースはありますか？,0.35315514187032343
自動投入機能を使わずに、自分で洗剤を投入したいのですが、設定を教えてください？,本体が熱い。,0.35300046243270744
洗濯の途中で一時停止できますか？,洗濯と乾燥の最大容量は？,0.35298890053001986
変な音がするのですが。,設定を工場出荷時に戻せる？,0.3529679716659485
「わが家流」設定とは何ですか？,時間がない時に、短時間で洗濯を済ませられるようなコースはありますか？,0.3526607196256597
省エネ機能はある？,本体が熱くなります,0.3526551339662043
洗濯の途中で一時停止できますか？,ドラムが回らない。,0.3522143232010904
誤った設定をしてしまったので、洗濯機の設定をすべて初期状態に戻したいのですが、その方法を教えてください。,本体が熱い。,0.3521004973822352
水が出ないエラーが出た。,誤った設定をしてしまったので、洗濯機の設定をすべて初期状態に戻したいのですが、その方法を教えてください。,0.351958728053929
変な音がするのですが。,誤った設定をしてしまったので、洗濯機の設定をすべて初期状態に戻したいのですが、その方法を教えてください。,0.351471316206382
自動投入機能を使わずに、自分で洗剤を投入したいのですが、設定を教えてください？,洗濯の途中で一時停止できますか？,0.3508193114582021
深夜に運転しても大丈夫？,頻繁に使う洗濯設定を保存しておきたいのですが、「わが家流」設定とは具体的にどのような機能ですか？,0.3507285613514068
省エネモードはありますか？,夜遅い時間帯に洗濯機を運転しても、近隣に迷惑がかからないように静かに運転できるモードはありますか？,0.3506942268342913
電気代や水道代を節約できるような省エネ運転モードは搭載されていますか？,一般的な洗濯コースを選んだ場合、洗濯が完了するまでにおよそ何分くらいかかりますか？,0.34984777680909346
電気代や水道代を節約できるような省エネ運転モードは搭載されていますか？,時間がない時に、短時間で洗濯を済ませられるようなコースはありますか？,0.34961023993718765
電気代や水道代を節約できるような省エネ運転モードは搭載されていますか？,この洗濯機に最適な洗剤や柔軟剤はありますか？メーカーから推奨されている製品があれば教えてください。,0.34959348251055283
洗濯中に一時停止は可能？,頻繁に使う洗濯設定を保存しておきたいのですが、「わが家流」設定とは具体的にどのような機能ですか？,0.34952275972007174
省エネモードはありますか？,本体が熱くなります,0.3494922560018753
「水が出ない」エラーが出ます,設定の初期化はできますか？,0.34900331224498016
「わが家流」設定って何？,この洗濯機で一度に洗濯できる衣類の最大量と、乾燥できる衣類の最大量はそれぞれ何キログラムですか？,0.34889797924737453
スチーム機能は何に使うの？,「わが家流」設定とは何ですか？,0.3486600504801082
電気代や水道代を節約できるような省エネ運転モードは搭載されていますか？,洗剤の種類によって設定は変わりますか？,0.34854287104156434
頻繁に使う洗濯設定を保存しておきたいのですが、「わが家流」設定とは具体的にどのような機能ですか？,ドアが閉まらない時は？,0.3485283845222017
省エネ機能はある？,この洗濯機で一度に洗濯できる衣類の最大量と、乾燥できる衣類の最大量はそれぞれ何キログラムですか？,0.34645894187582893
自動投入機能を使わずに、自分で洗剤を投入したいのですが、設定を教えてください？,電気代や水道代を節約できるような省エネ運転モードは搭載されていますか？,0.346219648290988
子供が誤って操作しないように、チャイルドロックを設定したいのですが、その方法と解除方法を教えてください。,洗濯の途中で一時停止できますか？,0.34564911169503465
洗濯はせず、衣類を乾燥させる機能だけを使いたいのですが、どのように操作すれば良いですか？,電気代や水道代を節約できるような省エネ運転モードは搭載されていますか？,0.3447932008004313
自動投入機能を使わずに、自分で洗剤を投入したいのですが、設定を教えてください？,本体が熱くなります,0.34469766630473714
電気代や水道代を節約できるような省エネ運転モードは搭載されていますか？,本体が熱い。,0.344193293817722
洗いのみは可能？,本体が熱くなります,0.34361661689373946
自動投入機能を使わずに、自分で洗剤を投入したいのですが、設定を教えてください？,洗濯中に一時停止は可能？,0.3434568066467576
洗濯中に一時停止は可能？,電気代や水道代を節約できるような省エネ運転モードは搭載されていますか？,0.34342404931978043
電気代や水道代を節約できるような省エネ運転モードは搭載されていますか？,ドアが閉まらない時は？,0.3431186087542014
頻繁に使う洗濯設定を保存しておきたいのですが、「わが家流」設定とは具体的にどのような機能ですか？,お急ぎコースはありますか？,0.34311787100000457
洗濯中に一時停止は可能？,設定の初期化はできますか？,0.34265851147961535
電気代や水道代を節約できるような省エネ運転モードは搭載されていますか？,洗剤の種類で設定変更は必要？,0.3422503486677879
スチーム機能の使い方を教えて？,「わが家流」設定とは何ですか？,0.3406804910172353
ふんわりキープの目的は？,「わが家流」設定とは何ですか？,0.3406581680042461
省エネ機能はある？,最大容量は？,0.34053337459325084
洗濯が終わったのにドアがロックされて開かないのですが、これは故障ですか？どのくらい時間が経てば開くようになりますか？,省エネモードはありますか？,0.34050788011811334
自動投入機能はどう使うの？,電気代や水道代を節約できるような省エネ運転モードは搭載されていますか？,0.34048595922141467
洗濯の途中で一時停止できますか？,電気代や水道代を節約できるような省エネ運転モードは搭載されていますか？,0.3402899356212901
省エネモードはありますか？,洗濯と乾燥の最大容量は？,0.3399030149274427
電気代や水道代を節約できるような省エネ運転モードは搭載されていますか？,おすすめの洗剤・柔軟剤はありますか？,0.33841344920372435
洗濯中に一時停止は可能？,最大容量は？,0.3382718394825214
洗濯の途中で一時停止できますか？,「わが家流」設定とは何ですか？,0.33588847870472904
「わが家流」設定とは何ですか？,最大容量は？,0.3358517067549386
ドアが開かない原因は？,「わが家流」設定とは何ですか？,0.33575259845183014
洗濯中に一時停止は可能？,「わが家流」設定とは何ですか？,0.3356477761608017
電気代や水道代を節約できるような省エネ運転モードは搭載されていますか？,洗濯物が絡まります。どうしたらよいですか？,0.3356119055335738
脱水時間の調整はできる？,洗濯機本体に触れると熱いのですが、これは異常ですか？特に乾燥運転中に熱くなることはありますか？,0.3354637725912751
衣類のしわを伸ばしたり、気になるにおいを取り除いたりしたいのですが、スチーム機能はどのように使えば良いですか？,「わが家流」設定とは何ですか？,0.33491733529114176
スチーム機能は何に使うの？,頻繁に使う洗濯設定を保存しておきたいのですが、「わが家流」設定とは具体的にどのような機能ですか？,0.3325117311443183
洗濯中に一時停止は可能？,洗濯と乾燥の最大容量は？,0.3323978290776427
洗濯中に一時停止は可能？,誤った設定をしてしまったので、洗濯機の設定をすべて初期状態に戻したいのですが、その方法を教えてください。,0.3314900587554458
電気代や水道代を節約できるような省エネ運転モードは搭載されていますか？,洗濯時間は何分ですか？,0.3312519200656713
洗濯が終わったのにドアがロックされて開かないのですが、これは故障ですか？どのくらい時間が経てば開くようになりますか？,省エネ機能はある？,0.33026473300606884
頻繁に使う洗濯設定を保存しておきたいのですが、「わが家流」設定とは具体的にどのような機能ですか？,ドラムが回らない。,0.32933803542979967
省エネモードはありますか？,洗濯物の絡まりを防ぐには？,0.3281598460621406
電気代や水道代を節約できるような省エネ運転モードは搭載されていますか？,本体が熱くなります,0.3274522321803739
電気代や水道代を節約できるような省エネ運転モードは搭載されていますか？,洗濯機本体に触れると熱いのですが、これは異常ですか？特に乾燥運転中に熱くなることはありますか？,0.326633394804559
洗濯ネットは使うべき？,電気代や水道代を節約できるような省エネ運転モードは搭載されていますか？,0.3258871848845738
「わが家流」設定とは何ですか？,スニーカーは洗える？,0.32414808796561423
省エネ機能はある？,洗濯物の絡まりを防ぐには？,0.324146843472416
洗濯ネットは必要ですか？,電気代や水道代を節約できるような省エネ運転モードは搭載されていますか？,0.32407514987975317
「わが家流」設定とは何ですか？,洗濯と乾燥の最大容量は？,0.32324423693222165
省エネ機能はある？,洗濯と乾燥の最大容量は？,0.32200593623507906
「わが家流」設定とは何ですか？,ドラムが動きません,0.3220022873893083
電気代や水道代を節約できるような省エネ運転モードは搭載されていますか？,洗濯の所要時間は？,0.32149964957937294
ふんわりキープの目的は？,頻繁に使う洗濯設定を保存しておきたいのですが、「わが家流」設定とは具体的にどのような機能ですか？,0.3182749648458724
「水が出ない」エラーが出ます,誤った設定をしてしまったので、洗濯機の設定をすべて初期状態に戻したいのですが、その方法を教えてください。,0.3179151796220088
ドアが開かない原因は？,頻繁に使う洗濯設定を保存しておきたいのですが、「わが家流」設定とは具体的にどのような機能ですか？,0.3177457363092374
電気代や水道代を節約できるような省エネ運転モードは搭載されていますか？,最大容量は？,0.31703554672772427
頻繁に使う洗濯設定を保存しておきたいのですが、「わが家流」設定とは具体的にどのような機能ですか？,ドアが完全に閉まりません,0.31513914929553666
スチーム機能の使い方を教えて？,頻繁に使う洗濯設定を保存しておきたいのですが、「わが家流」設定とは具体的にどのような機能ですか？,0.31296986632518947
頻繁に使う洗濯設定を保存しておきたいのですが、「わが家流」設定とは具体的にどのような機能ですか？,最大容量は？,0.31238282462216344
「洗い」だけ行いたいのですが,本体が熱くなります,0.310884066904032
洗濯物の絡まりを防ぐには？,「わが家流」設定とは何ですか？,0.30999208989752625
洗濯終了時のお知らせ音を鳴らさないようにしたいのですが、その設定はどこで変更できますか？,洗濯の途中で一時停止できますか？,0.30748048200223826
電気代や水道代を節約できるような省エネ運転モードは搭載されていますか？,洗濯と乾燥の最大容量は？,0.30515031586031643
頻繁に使う洗濯設定を保存しておきたいのですが、「わが家流」設定とは具体的にどのような機能ですか？,洗濯と乾燥の最大容量は？,0.3044879764591983
電気代や水道代を節約できるような省エネ運転モードは搭載されていますか？,洗濯物の絡まりを防ぐには？,0.30130310152635076
頻繁に使う洗濯設定を保存しておきたいのですが、「わが家流」設定とは具体的にどのような機能ですか？,ドラムが動きません,0.3009872330607537
「わが家流」設定とは何ですか？,この洗濯機で一度に洗濯できる衣類の最大量と、乾燥できる衣類の最大量はそれぞれ何キログラムですか？,0.2996092251496082
洗濯物の絡まりを防ぐには？,頻繁に使う洗濯設定を保存しておきたいのですが、「わが家流」設定とは具体的にどのような機能ですか？,0.29262721114587265
洗濯が終わったのにドアがロックされて開かないのですが、これは故障ですか？どのくらい時間が経てば開くようになりますか？,電気代や水道代を節約できるような省エネ運転モードは搭載されていますか？,0.2922817668641008
洗濯終了時のお知らせ音を鳴らさないようにしたいのですが、その設定はどこで変更できますか？,洗濯中に一時停止は可能？,0.2843211683927793
頻繁に使う洗濯設定を保存しておきたいのですが、「わが家流」設定とは具体的にどのような機能ですか？,スニーカーは洗える？,0.283732212309335
頻繁に使う洗濯設定を保存しておきたいのですが、「わが家流」設定とは具体的にどのような機能ですか？,この洗濯機で一度に洗濯できる衣類の最大量と、乾燥できる衣類の最大量はそれぞれ何キログラムですか？,0.27906018372841135
